episode,state,action,reward,epsilon
1,2_7_1_0,2,-3.0,0.9995
2,1_7_1_1,5,1.0,0.999
3,3_2_1_0,0,-1.0,0.998501
4,1_3_0_0,5,2.0,0.998001
5,3_4_0_0,1,-4.0,0.997502
6,2_5_0_1,5,0.0,0.997004
7,3_3_0_0,5,2.0,0.996505
8,3_1_1_1,5,1.0,0.996007
9,3_7_1_0,1,6.0,0.995509
10,1_1_1_1,0,9.0,0.995011
11,3_4_0_1,4,1.5,0.994514
12,2_4_1_1,0,5.0,0.994016
13,1_4_1_0,5,3.0,0.993519
14,1_5_1_0,4,1.0,0.993023
15,3_7_1_0,0,3.0,0.992526
16,3_2_0_0,2,-2.0,0.99203
17,2_7_1_1,5,1.0,0.991534
18,2_7_0_1,3,1.0,0.991038
19,3_0_0_0,1,-4.0,0.990543
20,1_5_0_1,1,-1.0,0.990047
21,2_3_0_1,3,1.0,0.989552
22,1_2_0_0,4,-4.5,0.989058
23,3_6_0_0,2,2.0,0.988563
24,3_6_1_1,4,7.0,0.988069
25,2_3_1_1,0,9.0,0.987575
26,1_6_1_1,5,1.0,0.987081
27,2_6_0_0,1,0.0,0.986587
28,2_0_0_1,5,0.0,0.986094
29,1_4_1_0,4,1.0,0.985601
30,1_0_0_0,1,-4.0,0.985108
31,1_7_1_0,1,6.0,0.984616
32,3_6_0_1,0,-2.5,0.984123
33,2_3_1_0,1,6.0,0.983631
34,2_0_0_0,0,-8.5,0.98314
35,1_7_0_0,1,0.0,0.982648
36,1_2_0_1,2,-4.0,0.982157
37,3_0_0_1,3,1.0,0.981666
38,3_0_0_1,5,0.0,0.981175
39,3_3_1_1,2,-9.0,0.980684
40,1_2_0_1,5,0.0,0.980194
41,2_4_0_1,0,-2.5,0.979704
42,2_3_0_1,5,0.0,0.979214
43,1_5_0_0,1,-4.0,0.978724
44,1_7_0_1,1,3.0,0.978235
45,3_7_0_0,2,2.0,0.977746
46,1_3_1_1,3,-15.0,0.977257
47,3_1_0_0,3,2.0,0.976768
48,3_0_0_1,4,1.5,0.97628
49,3_2_0_1,4,1.5,0.975792
50,2_0_1_0,1,2.0,0.975304
51,3_6_1_0,1,6.0,0.974816
52,3_0_0_0,4,-4.5,0.974329
53,2_7_1_0,3,-14.0,0.973842
54,2_4_0_0,5,2.0,0.973355
55,3_3_1_0,0,3.0,0.972868
56,3_6_1_0,1,6.0,0.972382
57,1_1_1_1,4,7.0,0.971895
58,3_4_1_0,3,-14.0,0.971409
59,1_5_1_1,5,1.0,0.970924
60,3_5_1_1,4,7.0,0.970438
61,2_5_0_1,5,0.0,0.969953
62,3_3_0_1,5,0.0,0.969468
63,2_7_1_0,3,-14.0,0.968983
64,1_1_1_1,1,5.0,0.968499
65,2_5_0_1,1,-1.0,0.968015
66,2_7_1_1,5,1.0,0.967531
67,3_4_1_0,0,-1.0,0.967047
68,2_1_1_0,2,-7.0,0.966563
69,1_6_1_0,1,6.0,0.96608
70,3_4_1_0,5,3.0,0.965597
71,2_1_1_1,2,-9.0,0.965114
72,2_2_0_0,2,-2.0,0.964632
73,2_6_1_0,4,1.0,0.964149
74,3_7_1_1,3,-15.0,0.963667
75,3_4_1_0,4,1.0,0.963185
76,1_3_1_1,4,7.0,0.962704
77,3_5_1_1,3,-15.0,0.962222
78,1_3_0_1,1,3.0,0.961741
79,3_1_0_0,2,-2.0,0.96126
80,3_3_1_0,0,3.0,0.96078
81,3_3_1_1,2,-9.0,0.960299
82,2_4_1_0,0,-1.0,0.959819
83,3_2_0_1,4,1.5,0.959339
84,1_2_1_0,1,6.0,0.95886
85,1_4_1_1,5,1.0,0.95838
86,2_1_0_1,5,0.0,0.957901
87,2_6_1_1,2,-5.0,0.957422
88,1_4_1_0,1,2.0,0.956943
89,3_2_0_1,2,-4.0,0.956465
90,1_1_0_1,4,1.5,0.955987
91,2_4_0_0,1,-4.0,0.955509
92,3_2_0_0,0,-8.5,0.955031
93,2_3_0_1,3,1.0,0.954553
94,3_2_0_1,4,1.5,0.954076
95,2_2_1_0,4,1.0,0.953599
96,3_5_0_1,4,1.5,0.953122
97,1_6_0_0,1,0.0,0.952646
98,2_7_1_0,4,1.0,0.952169
99,2_2_0_1,5,0.0,0.951693
100,3_5_1_0,2,-3.0,0.951218
101,2_3_0_1,2,-4.0,0.950742
102,2_7_1_0,1,6.0,0.950267
103,1_4_0_0,4,-4.5,0.949791
104,1_1_1_1,2,-9.0,0.949317
105,1_6_0_0,0,-8.5,0.948842
106,2_2_1_0,4,1.0,0.948367
107,3_0_0_0,5,2.0,0.947893
108,1_4_0_1,3,1.0,0.947419
109,3_7_0_0,2,2.0,0.946946
110,3_1_1_1,5,1.0,0.946472
111,1_4_1_0,2,-3.0,0.945999
112,1_4_1_1,1,5.0,0.945526
113,3_6_0_1,2,0.0,0.945053
114,3_6_0_1,4,1.5,0.944581
115,1_7_0_0,5,2.0,0.944108
116,2_3_0_0,1,0.0,0.943636
117,1_1_0_1,2,-4.0,0.943164
118,1_5_1_0,1,2.0,0.942693
119,1_2_0_1,4,1.5,0.942222
120,2_4_0_0,3,2.0,0.94175
121,1_1_1_1,0,9.0,0.94128
122,3_6_1_0,0,-1.0,0.940809
123,1_3_1_1,4,7.0,0.940338
124,1_2_1_1,4,7.0,0.939868
125,2_0_1_0,5,3.0,0.939398
126,2_0_1_1,5,1.0,0.938929
127,2_0_0_0,2,-2.0,0.938459
128,1_2_0_0,3,2.0,0.93799
129,3_1_0_1,2,-4.0,0.937521
130,1_6_0_1,0,-2.5,0.937052
131,2_2_0_1,4,1.5,0.936584
132,3_4_0_0,1,-4.0,0.936115
133,1_3_1_1,4,7.0,0.935647
134,3_7_1_1,4,7.0,0.93518
135,2_4_0_1,0,-2.5,0.934712
136,1_0_1_1,2,-9.0,0.934245
137,1_0_0_1,3,1.0,0.933777
138,2_4_1_1,0,5.0,0.933311
139,1_5_0_1,2,0.0,0.932844
140,2_6_1_0,1,6.0,0.932377
141,3_0_0_0,4,-4.5,0.931911
142,3_5_0_1,0,1.5,0.931445
143,1_5_0_0,1,-4.0,0.93098
144,3_0_0_0,3,2.0,0.930514
145,1_3_0_0,0,-4.5,0.930049
146,2_6_1_1,3,-15.0,0.929584
147,3_6_0_0,3,2.0,0.929119
148,1_3_0_0,4,-4.5,0.928655
149,1_7_0_0,3,2.0,0.92819
150,3_2_0_0,1,0.0,0.927726
151,3_7_0_1,5,0.0,0.927262
152,3_6_1_1,4,7.0,0.926799
153,1_2_1_1,2,-9.0,0.926335
154,3_6_1_0,1,6.0,0.925872
155,2_6_0_0,1,0.0,0.925409
156,2_0_1_0,5,3.0,0.924946
157,2_4_0_0,3,2.0,0.924484
158,1_6_0_0,2,2.0,0.924022
159,3_6_1_0,2,-3.0,0.92356
160,1_5_1_1,0,9.0,0.923098
161,2_0_1_0,0,-1.0,0.922636
162,1_7_0_0,1,0.0,0.922175
163,1_3_0_0,5,2.0,0.921714
164,1_0_1_0,3,-14.0,0.921253
165,1_1_1_0,5,3.0,0.920792
166,1_2_0_1,1,3.0,0.920332
167,1_0_0_1,5,0.0,0.919872
168,2_1_1_1,5,1.0,0.919412
169,1_6_1_1,3,-15.0,0.918952
170,1_1_0_0,3,2.0,0.918493
171,3_5_0_1,5,0.0,0.918034
172,1_2_0_1,4,1.5,0.917574
173,2_2_0_1,0,-2.5,0.917116
174,2_3_1_1,3,-15.0,0.916657
175,1_4_0_0,1,-4.0,0.916199
176,2_0_1_1,5,1.0,0.915741
177,2_3_0_1,2,-4.0,0.915283
178,3_0_0_0,5,2.0,0.914825
179,1_0_1_0,1,2.0,0.914368
180,3_5_1_1,1,5.0,0.913911
181,3_6_0_0,1,0.0,0.913454
182,3_4_0_1,4,1.5,0.912997
183,1_7_0_1,4,1.5,0.91254
184,1_0_1_0,4,1.0,0.912084
185,2_0_0_0,0,-8.5,0.911628
186,2_2_1_0,1,6.0,0.911172
187,3_1_0_1,5,0.0,0.910717
188,3_3_1_1,0,9.0,0.910261
189,2_7_0_1,3,1.0,0.909806
190,1_1_1_1,5,1.0,0.909351
191,1_3_1_1,5,1.0,0.908897
192,1_5_0_1,0,1.5,0.908442
193,3_0_0_0,3,2.0,0.907988
194,3_7_1_1,1,9.0,0.907534
195,3_3_0_0,2,-2.0,0.90708
196,1_5_0_0,0,-4.5,0.906627
197,3_1_0_1,0,1.5,0.906173
198,2_2_0_0,2,-2.0,0.90572
199,1_6_1_1,4,7.0,0.905267
200,3_6_1_1,4,7.0,0.904815
201,3_0_1_1,5,1.0,0.904362
202,3_0_0_0,5,2.0,0.90391
203,3_0_1_1,2,-9.0,0.903458
204,2_0_0_1,4,1.5,0.903007
205,1_4_1_0,1,2.0,0.902555
206,1_0_1_1,0,5.0,0.902104
207,3_3_0_0,2,-2.0,0.901653
208,3_7_0_0,3,2.0,0.901202
209,3_0_0_0,4,-4.5,0.900751
210,3_5_0_1,5,0.0,0.900301
211,2_1_1_0,0,3.0,0.899851
212,1_4_1_1,2,-5.0,0.899401
213,1_7_0_0,5,2.0,0.898951
214,1_1_0_0,0,-4.5,0.898502
215,1_6_0_0,4,-4.5,0.898052
216,1_6_0_1,5,0.0,0.897603
217,1_4_1_0,4,1.0,0.897155
218,3_7_0_0,2,2.0,0.896706
219,3_3_1_0,0,3.0,0.896258
220,2_2_1_1,3,-15.0,0.895809
221,3_5_1_1,0,9.0,0.895362
222,3_4_1_1,2,-5.0,0.894914
223,1_1_1_0,1,2.0,0.894466
224,1_6_0_0,5,2.0,0.894019
225,2_3_0_0,1,0.0,0.893572
226,3_6_0_1,5,0.0,0.893125
227,3_3_0_0,5,2.0,0.892679
228,3_0_1_1,0,5.0,0.892233
229,1_3_0_1,4,1.5,0.891786
230,1_7_0_0,5,2.0,0.891341
231,1_2_0_0,3,2.0,0.890895
232,3_2_1_1,3,-15.0,0.890449
233,2_0_1_0,1,2.0,0.890004
234,1_3_0_1,1,3.0,0.889559
235,3_4_1_0,1,2.0,0.889114
236,2_2_0_1,5,0.0,0.88867
237,2_0_0_1,1,-1.0,0.888225
238,2_2_0_0,3,2.0,0.887781
239,3_3_1_1,5,1.0,0.887337
240,3_1_0_0,1,-4.0,0.886894
241,1_5_0_1,1,-1.0,0.88645
242,1_2_1_1,3,-15.0,0.886007
243,2_2_0_0,1,0.0,0.885564
244,2_1_1_0,2,-7.0,0.885121
245,2_1_1_1,4,7.0,0.884679
246,1_4_1_1,4,7.0,0.884236
247,3_0_0_0,2,-2.0,0.883794
248,1_6_1_0,4,1.0,0.883352
249,3_2_1_0,5,3.0,0.882911
250,1_7_1_0,4,1.0,0.882469
251,1_4_0_0,2,2.0,0.882028
252,2_7_1_1,0,9.0,0.881587
253,3_5_1_0,3,-14.0,0.881146
254,2_4_0_1,1,-1.0,0.880706
255,2_2_1_1,0,5.0,0.880265
256,2_2_0_0,4,-4.5,0.879825
257,1_4_1_0,2,-3.0,0.879385
258,3_4_1_1,0,5.0,0.878946
259,3_6_0_0,4,-4.5,0.878506
260,2_5_0_0,5,2.0,0.878067
261,3_2_1_1,1,9.0,0.877628
262,1_5_1_0,4,1.0,0.877189
263,1_0_0_1,0,-2.5,0.87675
264,2_4_1_1,2,-5.0,0.876312
265,3_2_1_1,3,-15.0,0.875874
266,1_4_0_0,3,2.0,0.875436
267,3_2_1_1,2,-9.0,0.874998
268,3_7_0_1,5,0.0,0.874561
269,2_7_0_0,3,2.0,0.874123
270,3_7_0_0,0,-4.5,0.873686
271,1_5_0_1,0,1.5,0.87325
272,3_3_1_1,1,9.0,0.872813
273,3_4_1_1,5,1.0,0.872377
274,3_2_0_0,1,0.0,0.87194
275,2_4_0_1,1,-1.0,0.871504
276,1_6_0_0,1,0.0,0.871069
277,1_7_1_1,3,-15.0,0.870633
278,2_3_1_1,5,1.0,0.870198
279,1_3_0_0,1,0.0,0.869763
280,2_1_1_1,2,-9.0,0.869328
281,3_5_0_0,3,2.0,0.868893
282,3_2_0_1,5,0.0,0.868459
283,2_7_1_0,1,6.0,0.868024
284,2_6_0_0,1,0.0,0.86759
285,2_1_1_1,2,-9.0,0.867157
286,1_6_1_0,1,6.0,0.866723
287,3_7_1_1,3,-15.0,0.86629
288,2_0_1_0,5,3.0,0.865857
289,3_2_1_0,0,-1.0,0.865424
290,1_6_1_1,0,5.0,0.864991
291,1_3_1_1,2,-9.0,0.864558
292,1_7_1_1,4,7.0,0.864126
293,1_4_0_0,4,-4.5,0.863694
294,3_7_1_1,5,1.0,0.863262
295,3_1_0_1,0,1.5,0.862831
296,3_6_0_1,5,0.0,0.862399
297,3_0_0_0,5,2.0,0.861968
298,3_0_0_1,4,1.5,0.861537
299,1_5_1_1,5,1.0,0.861106
300,3_1_1_0,0,3.0,0.860676
301,3_3_1_0,5,3.0,0.860245
302,1_6_0_0,2,2.0,0.859815
303,1_0_0_0,2,-2.0,0.859385
304,3_0_1_1,1,5.0,0.858956
305,1_6_0_1,3,1.0,0.858526
306,1_1_0_1,4,1.5,0.858097
307,1_7_1_0,2,-3.0,0.857668
308,2_0_0_1,3,1.0,0.857239
309,2_1_1_1,3,-15.0,0.85681
310,1_3_1_1,4,7.0,0.856382
311,2_3_0_1,2,-4.0,0.855954
312,3_3_1_1,5,1.0,0.855526
313,1_6_0_1,1,3.0,0.855098
314,1_6_0_0,5,2.0,0.854671
315,2_2_0_1,5,0.0,0.854243
316,3_6_0_1,0,-2.5,0.853816
317,2_5_0_0,5,2.0,0.853389
318,2_5_1_1,5,1.0,0.852962
319,3_3_0_1,5,0.0,0.852536
320,2_0_0_1,1,-1.0,0.85211
321,3_3_1_0,0,3.0,0.851684
322,2_4_0_0,5,2.0,0.851258
323,1_6_0_1,2,0.0,0.850832
324,1_3_1_1,3,-15.0,0.850407
325,3_4_1_1,2,-5.0,0.849982
326,1_3_0_0,0,-4.5,0.849557
327,3_3_1_0,0,3.0,0.849132
328,1_3_0_0,5,2.0,0.848707
329,1_4_1_1,4,7.0,0.848283
330,1_0_1_0,5,3.0,0.847859
331,2_2_1_0,4,1.0,0.847435
332,3_5_1_0,1,2.0,0.847011
333,2_2_0_0,2,-2.0,0.846588
334,2_6_1_0,2,-3.0,0.846164
335,2_4_1_1,0,5.0,0.845741
336,2_6_0_1,5,0.0,0.845318
337,1_3_0_0,3,2.0,0.844896
338,1_6_1_0,2,-3.0,0.844473
339,2_2_0_0,5,2.0,0.844051
340,3_7_0_0,4,-4.5,0.843629
341,2_2_1_1,4,7.0,0.843207
342,3_0_0_0,4,-4.5,0.842786
343,1_7_1_1,5,1.0,0.842364
344,1_2_1_0,3,-14.0,0.841943
345,1_1_1_0,3,-14.0,0.841522
346,2_0_0_0,0,-8.5,0.841101
347,2_3_0_1,3,1.0,0.840681
348,2_7_1_1,5,1.0,0.84026
349,1_0_1_1,5,1.0,0.83984
350,3_7_1_0,0,3.0,0.83942
351,3_5_1_1,5,1.0,0.839001
352,2_0_1_1,5,1.0,0.838581
353,3_4_0_1,2,0.0,0.838162
354,1_7_0_1,4,1.5,0.837743
355,1_4_1_1,4,7.0,0.837324
356,2_4_1_1,3,-15.0,0.836905
357,2_6_0_0,1,0.0,0.836487
358,1_0_0_1,2,-4.0,0.836068
359,2_4_1_0,3,-14.0,0.83565
360,1_4_0_0,2,2.0,0.835233
361,1_3_1_0,2,-7.0,0.834815
362,1_2_1_0,1,6.0,0.834398
363,1_6_0_0,1,0.0,0.83398
364,1_5_1_1,0,9.0,0.833563
365,1_5_1_0,2,-3.0,0.833147
366,1_0_0_1,2,-4.0,0.83273
367,3_3_0_0,5,2.0,0.832314
368,3_5_0_0,1,-4.0,0.831898
369,3_5_1_0,5,3.0,0.831482
370,2_0_0_1,4,1.5,0.831066
371,1_7_0_1,1,3.0,0.83065
372,3_1_0_1,4,1.5,0.830235
373,2_7_1_1,2,-5.0,0.82982
374,1_3_1_0,0,3.0,0.829405
375,3_1_1_0,0,3.0,0.82899
376,3_2_0_1,5,0.0,0.828576
377,2_7_0_0,5,2.0,0.828161
378,2_2_0_1,5,0.0,0.827747
379,1_4_0_1,3,1.0,0.827334
380,2_5_0_0,4,-4.5,0.82692
381,1_2_0_0,3,2.0,0.826506
382,2_1_1_0,0,3.0,0.826093
383,1_7_0_0,3,2.0,0.82568
384,2_2_0_1,3,1.0,0.825267
385,1_6_1_1,4,7.0,0.824855
386,1_0_1_1,3,-15.0,0.824442
387,1_0_0_0,1,-4.0,0.82403
388,1_5_1_1,0,9.0,0.823618
389,1_5_1_0,4,1.0,0.823206
390,2_1_1_0,5,3.0,0.822795
391,2_2_1_1,2,-9.0,0.822383
392,1_6_1_1,4,7.0,0.821972
393,2_1_1_1,1,5.0,0.821561
394,1_0_0_1,2,-4.0,0.82115
395,2_5_0_1,4,1.5,0.82074
396,1_6_0_0,0,-8.5,0.820329
397,3_5_1_1,4,7.0,0.819919
398,3_2_1_0,5,3.0,0.819509
399,1_0_0_0,4,-4.5,0.819099
400,2_5_1_1,0,9.0,0.81869
401,1_1_1_0,0,3.0,0.81828
402,3_6_0_0,4,-4.5,0.817871
403,1_2_0_0,0,-8.5,0.817462
404,2_0_0_0,5,2.0,0.817054
405,2_7_1_0,1,6.0,0.816645
406,3_0_0_1,3,1.0,0.816237
407,3_1_0_0,5,2.0,0.815829
408,1_2_1_1,4,7.0,0.815421
409,3_5_0_1,0,1.5,0.815013
410,1_3_1_1,0,9.0,0.814606
411,1_5_1_0,3,-14.0,0.814198
412,1_2_1_0,4,1.0,0.813791
413,1_6_1_0,3,-14.0,0.813384
414,1_1_0_1,4,1.5,0.812978
415,2_4_0_0,0,-8.5,0.812571
416,2_2_0_1,5,0.0,0.812165
417,3_0_1_1,0,5.0,0.811759
418,2_7_1_0,4,1.0,0.811353
419,3_1_1_0,3,-14.0,0.810947
420,2_5_1_0,1,2.0,0.810542
421,2_2_1_1,5,1.0,0.810136
422,3_0_1_0,4,1.0,0.809731
423,2_3_0_0,2,-2.0,0.809326
424,1_3_1_0,5,3.0,0.808922
425,1_0_0_0,1,-4.0,0.808517
426,3_1_0_0,5,2.0,0.808113
427,2_1_0_1,0,1.5,0.807709
428,2_4_1_1,5,1.0,0.807305
429,1_4_1_1,4,7.0,0.806902
430,1_1_1_0,0,3.0,0.806498
431,3_7_0_0,2,2.0,0.806095
432,2_6_1_1,1,9.0,0.805692
433,1_6_0_1,1,3.0,0.805289
434,1_2_0_0,0,-8.5,0.804886
435,1_3_0_0,5,2.0,0.804484
436,2_2_1_1,2,-9.0,0.804082
437,1_5_1_0,2,-3.0,0.80368
438,2_7_1_1,4,7.0,0.803278
439,2_7_1_1,0,9.0,0.802876
440,2_3_0_0,1,0.0,0.802475
441,1_3_1_0,0,3.0,0.802073
442,2_4_1_0,5,3.0,0.801672
443,2_3_0_0,2,-2.0,0.801272
444,3_5_1_0,3,-14.0,0.800871
445,1_2_0_1,0,-2.5,0.80047
446,2_6_0_1,4,1.5,0.80007
447,2_3_1_1,4,7.0,0.79967
448,2_0_0_0,3,2.0,0.79927
449,1_4_1_0,5,3.0,0.798871
450,3_2_1_0,3,-14.0,0.798471
451,2_4_0_1,0,-2.5,0.798072
452,1_2_1_1,4,7.0,0.797673
453,1_7_1_0,2,-3.0,0.797274
454,2_5_0_0,0,-4.5,0.796876
455,3_1_0_1,5,0.0,0.796477
456,1_0_0_1,2,-4.0,0.796079
457,2_3_0_1,2,-4.0,0.795681
458,2_2_0_0,3,2.0,0.795283
459,3_2_0_1,4,1.5,0.794885
460,3_1_0_0,1,-4.0,0.794488
461,3_1_1_1,1,5.0,0.794091
462,3_7_0_1,5,0.0,0.793694
463,2_0_1_0,2,-7.0,0.793297
464,2_0_1_1,1,5.0,0.7929
465,2_7_0_0,4,-4.5,0.792504
466,3_3_0_0,3,2.0,0.792107
467,1_2_0_1,5,0.0,0.791711
468,3_6_0_1,3,1.0,0.791316
469,1_0_0_1,3,1.0,0.79092
470,3_6_0_1,2,0.0,0.790524
471,1_4_1_0,5,3.0,0.790129
472,3_0_0_1,4,1.5,0.789734
473,1_7_0_0,2,2.0,0.789339
474,1_3_1_1,4,7.0,0.788945
475,3_1_1_0,0,3.0,0.78855
476,1_6_1_1,4,7.0,0.788156
477,2_1_1_0,1,2.0,0.787762
478,3_2_0_0,3,2.0,0.787368
479,1_3_0_1,2,-4.0,0.786974
480,3_3_1_1,4,7.0,0.786581
481,3_4_1_0,2,-3.0,0.786187
482,2_1_0_0,4,-4.5,0.785794
483,3_4_0_0,5,2.0,0.785401
484,3_2_1_0,0,-1.0,0.785009
485,2_1_0_1,5,0.0,0.784616
486,1_7_0_1,3,1.0,0.784224
487,3_1_1_0,5,3.0,0.783832
488,3_5_0_1,2,0.0,0.78344
489,2_5_1_1,0,9.0,0.783048
490,2_3_1_1,0,9.0,0.782657
491,3_3_1_0,0,3.0,0.782265
492,3_0_0_1,1,-1.0,0.781874
493,1_7_1_0,2,-3.0,0.781483
494,2_6_1_0,1,6.0,0.781092
495,1_7_0_1,2,0.0,0.780702
496,1_4_0_1,3,1.0,0.780312
497,2_0_1_0,5,3.0,0.779921
498,2_1_0_0,2,-2.0,0.779531
499,2_3_0_1,3,1.0,0.779142
500,3_0_1_0,4,1.0,0.778752
501,1_7_1_1,0,9.0,0.778363
502,2_4_1_1,0,5.0,0.777974
503,1_0_1_1,4,7.0,0.777585
504,3_7_0_1,2,0.0,0.777196
505,2_5_1_1,2,-5.0,0.776807
506,3_2_1_1,1,9.0,0.776419
507,2_0_1_0,1,2.0,0.776031
508,1_1_1_0,5,3.0,0.775643
509,1_0_0_0,5,2.0,0.775255
510,3_3_0_0,2,-2.0,0.774867
511,3_4_1_1,0,5.0,0.77448
512,3_5_0_1,2,0.0,0.774092
513,1_7_0_0,3,2.0,0.773705
514,3_1_0_0,0,-4.5,0.773319
515,3_5_1_0,3,-14.0,0.772932
516,3_5_1_0,3,-14.0,0.772545
517,3_5_1_0,5,3.0,0.772159
518,3_7_0_1,5,0.0,0.771773
519,1_1_1_1,3,-15.0,0.771387
520,3_2_1_1,0,5.0,0.771001
521,2_3_0_0,2,-2.0,0.770616
522,1_7_1_0,0,3.0,0.770231
523,1_6_1_1,1,9.0,0.769846
524,1_2_1_0,1,6.0,0.769461
525,2_2_0_0,4,-4.5,0.769076
526,3_7_1_1,2,-5.0,0.768691
527,3_3_1_0,3,-14.0,0.768307
528,2_6_0_1,4,1.5,0.767923
529,2_1_1_1,4,7.0,0.767539
530,3_5_1_1,5,1.0,0.767155
531,1_2_1_0,0,-1.0,0.766772
532,2_1_1_1,5,1.0,0.766388
533,2_0_1_1,5,1.0,0.766005
534,3_5_1_1,0,9.0,0.765622
535,3_5_0_1,1,-1.0,0.765239
536,2_5_1_1,0,9.0,0.764857
537,1_5_0_0,3,2.0,0.764474
538,2_5_1_0,1,2.0,0.764092
539,3_3_1_1,1,9.0,0.76371
540,3_6_1_0,5,3.0,0.763328
541,2_1_0_1,3,1.0,0.762946
542,3_5_1_0,2,-3.0,0.762565
543,2_5_1_0,1,2.0,0.762184
544,2_6_0_1,2,0.0,0.761802
545,3_6_1_0,3,-14.0,0.761422
546,1_4_0_0,3,2.0,0.761041
547,2_6_0_0,1,0.0,0.76066
548,2_2_1_0,5,3.0,0.76028
549,2_2_0_0,1,0.0,0.7599
550,3_5_1_0,1,2.0,0.75952
551,1_4_1_0,2,-3.0,0.75914
552,3_2_0_1,3,1.0,0.758761
553,1_3_0_1,5,0.0,0.758381
554,3_2_0_1,1,3.0,0.758002
555,3_0_1_0,4,1.0,0.757623
556,2_7_1_1,1,9.0,0.757244
557,2_2_1_1,2,-9.0,0.756866
558,3_0_0_1,3,1.0,0.756487
559,2_1_0_1,0,1.5,0.756109
560,2_0_1_0,5,3.0,0.755731
561,1_7_1_1,5,1.0,0.755353
562,3_5_1_0,0,3.0,0.754975
563,3_4_1_1,2,-5.0,0.754598
564,1_6_1_1,5,1.0,0.75422
565,1_5_0_0,1,-4.0,0.753843
566,3_6_0_0,0,-8.5,0.753466
567,1_6_1_1,5,1.0,0.75309
568,2_6_0_0,1,0.0,0.752713
569,2_7_1_0,5,3.0,0.752337
570,2_4_1_1,1,5.0,0.751961
571,3_4_0_1,4,1.5,0.751585
572,1_2_0_1,3,1.0,0.751209
573,1_5_1_1,0,9.0,0.750833
574,3_3_1_0,4,1.0,0.750458
575,1_1_0_1,3,1.0,0.750083
576,3_2_1_0,0,-1.0,0.749708
577,2_6_1_0,1,6.0,0.749333
578,2_4_1_0,1,2.0,0.748958
579,3_6_0_0,5,2.0,0.748584
580,3_2_0_1,4,1.5,0.748209
581,1_7_0_1,2,0.0,0.747835
582,2_5_1_0,1,2.0,0.747461
583,2_2_1_0,1,6.0,0.747088
584,2_1_1_0,5,3.0,0.746714
585,3_3_1_1,2,-9.0,0.746341
586,2_7_0_0,3,2.0,0.745967
587,2_0_1_0,2,-7.0,0.745594
588,2_0_1_1,5,1.0,0.745222
589,1_6_0_0,1,0.0,0.744849
590,3_1_0_0,5,2.0,0.744477
591,3_5_0_0,2,2.0,0.744104
592,2_0_1_0,5,3.0,0.743732
593,1_7_1_0,0,3.0,0.743361
594,2_1_0_0,0,-4.5,0.742989
595,1_4_0_1,3,1.0,0.742617
596,1_4_1_1,2,-5.0,0.742246
597,3_0_1_0,2,-7.0,0.741875
598,1_0_0_0,3,2.0,0.741504
599,3_3_1_0,4,1.0,0.741133
600,3_6_0_0,5,2.0,0.740763
601,3_4_1_0,5,3.0,0.740392
602,3_1_1_0,3,-14.0,0.740022
603,1_2_1_1,3,-15.0,0.739652
604,1_3_1_0,4,1.0,0.739282
605,3_6_0_1,4,1.5,0.738913
606,3_3_0_1,3,1.0,0.738543
607,2_7_0_1,3,1.0,0.738174
608,3_6_0_1,5,0.0,0.737805
609,1_1_0_1,0,1.5,0.737436
610,2_5_0_0,3,2.0,0.737067
611,2_2_0_1,1,3.0,0.736699
612,3_5_0_0,3,2.0,0.73633
613,2_7_1_0,4,1.0,0.735962
614,1_4_0_1,2,0.0,0.735594
615,1_4_1_1,2,-5.0,0.735226
616,3_2_0_0,3,2.0,0.734859
617,1_4_1_0,3,-14.0,0.734491
618,3_0_1_1,0,5.0,0.734124
619,2_4_1_0,1,2.0,0.733757
620,2_2_0_0,3,2.0,0.73339
621,2_1_0_1,4,1.5,0.733023
622,1_3_0_1,2,-4.0,0.732657
623,1_7_1_1,0,9.0,0.732291
624,2_0_0_0,5,2.0,0.731924
625,1_4_1_0,5,3.0,0.731558
626,2_7_0_1,4,1.5,0.731193
627,2_1_0_0,3,2.0,0.730827
628,3_3_1_1,5,1.0,0.730462
629,1_7_1_0,5,3.0,0.730096
630,3_4_0_1,3,1.0,0.729731
631,1_3_1_0,1,6.0,0.729367
632,1_5_1_0,2,-3.0,0.729002
633,1_0_1_0,2,-7.0,0.728637
634,1_3_1_0,5,3.0,0.728273
635,3_1_1_0,1,2.0,0.727909
636,1_1_0_0,4,-4.5,0.727545
637,1_1_0_0,3,2.0,0.727181
638,2_2_0_0,3,2.0,0.726818
639,3_5_1_1,3,-15.0,0.726454
640,3_5_0_0,4,-4.5,0.726091
641,3_0_1_1,1,5.0,0.725728
642,2_2_1_1,3,-15.0,0.725365
643,1_2_1_1,5,1.0,0.725002
644,3_5_0_0,5,2.0,0.72464
645,3_6_1_1,4,7.0,0.724278
646,3_6_0_1,5,0.0,0.723915
647,2_0_1_0,5,3.0,0.723553
648,2_4_1_0,1,2.0,0.723192
649,3_4_1_0,5,3.0,0.72283
650,3_5_0_1,1,-1.0,0.722469
651,1_7_0_0,2,2.0,0.722107
652,3_1_0_0,0,-4.5,0.721746
653,1_4_0_0,5,2.0,0.721385
654,3_6_1_0,1,6.0,0.721025
655,1_6_0_0,1,0.0,0.720664
656,3_3_1_1,2,-9.0,0.720304
657,1_5_1_0,1,2.0,0.719944
658,2_1_1_1,5,1.0,0.719584
659,3_2_0_1,0,-2.5,0.719224
660,1_4_0_1,4,1.5,0.718864
661,3_3_0_1,3,1.0,0.718505
662,1_0_1_1,4,7.0,0.718146
663,1_7_0_1,1,3.0,0.717787
664,2_3_0_1,0,1.5,0.717428
665,3_7_0_0,3,2.0,0.717069
666,2_6_0_1,2,0.0,0.716711
667,3_3_1_0,0,3.0,0.716352
668,3_1_0_1,0,1.5,0.715994
669,3_0_0_0,5,2.0,0.715636
670,2_5_0_1,4,1.5,0.715278
671,2_6_1_1,1,9.0,0.714921
672,1_2_1_1,4,7.0,0.714563
673,3_3_1_0,0,3.0,0.714206
674,2_2_0_0,3,2.0,0.713849
675,1_4_0_0,3,2.0,0.713492
676,1_6_0_0,5,2.0,0.713135
677,3_7_1_1,5,1.0,0.712778
678,1_1_0_1,3,1.0,0.712422
679,3_2_1_1,3,-15.0,0.712066
680,3_2_1_0,5,3.0,0.71171
681,2_1_0_0,3,2.0,0.711354
682,3_7_0_0,0,-4.5,0.710998
683,3_3_1_1,4,7.0,0.710643
684,1_6_1_1,1,9.0,0.710287
685,1_2_1_1,4,7.0,0.709932
686,1_6_1_0,2,-3.0,0.709577
687,3_0_1_1,4,7.0,0.709223
688,2_2_0_1,3,1.0,0.708868
689,3_4_1_0,5,3.0,0.708514
690,1_5_1_1,5,1.0,0.708159
691,3_3_0_1,3,1.0,0.707805
692,1_2_0_0,1,0.0,0.707451
693,3_7_0_1,5,0.0,0.707098
694,3_7_1_0,1,6.0,0.706744
695,2_1_0_0,5,2.0,0.706391
696,3_6_1_1,4,7.0,0.706037
697,3_0_1_1,0,5.0,0.705684
698,1_5_1_0,3,-14.0,0.705332
699,1_2_1_0,1,6.0,0.704979
700,3_5_1_0,0,3.0,0.704626
701,2_4_0_1,2,0.0,0.704274
702,3_1_1_1,3,-15.0,0.703922
703,3_6_1_1,4,7.0,0.70357
704,2_6_1_0,4,1.0,0.703218
705,2_7_1_0,0,3.0,0.702867
706,1_5_0_0,3,2.0,0.702515
707,3_6_0_0,4,-4.5,0.702164
708,3_2_0_0,5,2.0,0.701813
709,2_2_1_1,4,7.0,0.701462
710,2_4_1_1,4,7.0,0.701111
711,2_4_1_1,2,-5.0,0.700761
712,2_7_1_0,1,6.0,0.70041
713,1_1_0_0,0,-4.5,0.70006
714,3_1_1_0,1,2.0,0.69971
715,3_7_0_0,0,-4.5,0.69936
716,2_0_0_1,2,-4.0,0.69901
717,3_2_1_0,5,3.0,0.698661
718,3_4_1_1,2,-5.0,0.698312
719,3_1_0_0,1,-4.0,0.697962
720,1_0_1_0,5,3.0,0.697614
721,2_6_1_0,4,1.0,0.697265
722,3_6_0_1,2,0.0,0.696916
723,2_2_1_0,5,3.0,0.696568
724,2_5_1_1,4,7.0,0.696219
725,3_5_0_1,0,1.5,0.695871
726,2_2_0_1,4,1.5,0.695523
727,3_1_0_1,4,1.5,0.695176
728,2_2_0_0,3,2.0,0.694828
729,3_2_1_1,2,-9.0,0.694481
730,2_5_0_0,5,2.0,0.694133
731,3_7_0_0,0,-4.5,0.693786
732,1_0_0_0,3,2.0,0.693439
733,3_7_0_1,3,1.0,0.693093
734,2_6_1_1,5,1.0,0.692746
735,1_3_0_0,5,2.0,0.6924
736,1_5_1_0,1,2.0,0.692053
737,2_7_0_0,3,2.0,0.691707
738,1_6_1_1,3,-15.0,0.691362
739,3_5_1_1,0,9.0,0.691016
740,2_2_1_1,5,1.0,0.69067
741,3_0_0_1,3,1.0,0.690325
742,3_4_0_1,2,0.0,0.68998
743,3_4_1_0,5,3.0,0.689635
744,3_5_1_0,1,2.0,0.68929
745,3_7_1_1,4,7.0,0.688945
746,3_7_1_1,5,1.0,0.688601
747,2_6_0_0,4,-4.5,0.688257
748,2_1_1_0,3,-14.0,0.687913
749,2_4_0_0,1,-4.0,0.687569
750,3_1_0_0,4,-4.5,0.687225
751,2_1_0_1,1,-1.0,0.686881
752,2_4_1_1,2,-5.0,0.686538
753,1_6_0_1,1,3.0,0.686195
754,1_2_1_1,0,5.0,0.685851
755,3_7_1_1,4,7.0,0.685508
756,3_0_1_1,4,7.0,0.685166
757,3_2_1_0,4,1.0,0.684823
758,1_5_0_1,1,-1.0,0.684481
759,1_1_1_1,4,7.0,0.684138
760,1_2_1_0,1,6.0,0.683796
761,1_2_0_0,2,-2.0,0.683455
762,3_1_0_1,2,-4.0,0.683113
763,1_0_1_0,0,-1.0,0.682771
764,1_7_0_1,1,3.0,0.68243
765,1_5_1_1,5,1.0,0.682089
766,2_4_1_1,0,5.0,0.681748
767,3_7_0_0,0,-4.5,0.681407
768,1_5_0_1,0,1.5,0.681066
769,2_3_0_1,3,1.0,0.680725
770,2_1_1_1,0,9.0,0.680385
771,3_7_1_0,5,3.0,0.680045
772,2_3_1_1,0,9.0,0.679705
773,3_5_1_1,1,5.0,0.679365
774,1_0_1_1,1,5.0,0.679025
775,2_5_0_1,4,1.5,0.678686
776,2_6_1_0,3,-14.0,0.678347
777,1_4_1_0,5,3.0,0.678007
778,1_0_1_0,4,1.0,0.677668
779,1_1_1_1,0,9.0,0.67733
780,1_1_0_1,0,1.5,0.676991
781,2_2_0_0,1,0.0,0.676652
782,3_5_1_0,0,3.0,0.676314
783,3_0_1_0,2,-7.0,0.675976
784,2_0_1_0,0,-1.0,0.675638
785,1_5_1_1,0,9.0,0.6753
786,1_2_1_1,4,7.0,0.674962
787,1_4_1_0,1,2.0,0.674625
788,3_3_0_0,2,-2.0,0.674288
789,1_6_1_0,1,6.0,0.67395
790,3_3_0_0,5,2.0,0.673613
791,3_0_0_1,0,-2.5,0.673277
792,2_1_1_1,4,7.0,0.67294
793,3_4_0_0,1,-4.0,0.672604
794,1_5_1_0,2,-3.0,0.672267
795,3_6_0_1,1,3.0,0.671931
796,2_2_0_1,0,-2.5,0.671595
797,1_2_1_1,0,5.0,0.671259
798,3_7_0_0,2,2.0,0.670924
799,1_1_1_0,2,-7.0,0.670588
800,1_0_0_1,2,-4.0,0.670253
801,3_6_1_0,1,6.0,0.669918
802,2_4_1_0,1,2.0,0.669583
803,2_6_1_0,1,6.0,0.669248
804,3_2_0_1,4,1.5,0.668913
805,3_5_0_1,0,1.5,0.668579
806,2_7_1_1,0,9.0,0.668245
807,1_7_0_0,2,2.0,0.667911
808,1_1_1_1,2,-9.0,0.667577
809,2_7_1_1,2,-5.0,0.667243
810,2_3_0_0,1,0.0,0.666909
811,1_2_0_1,3,1.0,0.666576
812,2_3_1_1,0,9.0,0.666243
813,2_2_1_0,0,-1.0,0.665909
814,2_5_0_0,5,2.0,0.665576
815,3_2_1_0,5,3.0,0.665244
816,2_2_0_0,0,-8.5,0.664911
817,1_5_1_1,4,7.0,0.664579
818,3_7_0_1,4,1.5,0.664246
819,2_7_1_0,1,6.0,0.663914
820,1_0_0_0,0,-8.5,0.663582
821,3_7_0_0,4,-4.5,0.66325
822,2_4_1_0,5,3.0,0.662919
823,3_4_0_0,5,2.0,0.662587
824,3_4_0_0,5,2.0,0.662256
825,2_2_0_0,5,2.0,0.661925
826,1_0_1_1,2,-9.0,0.661594
827,2_3_1_1,0,9.0,0.661263
828,1_6_1_1,4,7.0,0.660933
829,1_3_0_1,1,3.0,0.660602
830,2_7_0_0,1,0.0,0.660272
831,2_3_1_1,2,-9.0,0.659942
832,1_6_0_0,5,2.0,0.659612
833,1_0_1_0,0,-1.0,0.659282
834,2_2_1_0,0,-1.0,0.658952
835,2_0_0_0,1,-4.0,0.658623
836,2_0_1_0,0,-1.0,0.658293
837,2_4_1_1,0,5.0,0.657964
838,3_2_0_1,4,1.5,0.657635
839,2_0_1_0,3,-14.0,0.657306
840,2_4_1_1,0,5.0,0.656978
841,1_2_1_0,0,-1.0,0.656649
842,3_6_0_1,1,3.0,0.656321
843,3_1_0_1,0,1.5,0.655993
844,2_4_0_1,1,-1.0,0.655665
845,2_0_0_0,4,-4.5,0.655337
846,1_1_0_1,2,-4.0,0.655009
847,3_4_0_1,4,1.5,0.654682
848,3_0_0_0,2,-2.0,0.654354
849,2_7_0_0,3,2.0,0.654027
850,3_0_0_1,1,-1.0,0.6537
851,3_1_0_1,0,1.5,0.653373
852,1_6_1_1,1,9.0,0.653047
853,3_0_1_1,0,5.0,0.65272
854,3_0_0_1,2,-4.0,0.652394
855,2_7_1_0,1,6.0,0.652068
856,1_5_0_1,0,1.5,0.651742
857,3_6_1_0,0,-1.0,0.651416
858,2_1_0_0,5,2.0,0.65109
859,3_2_1_0,1,6.0,0.650765
860,2_1_1_1,4,7.0,0.650439
861,3_1_0_0,2,-2.0,0.650114
862,1_7_1_0,0,3.0,0.649789
863,3_7_0_0,1,0.0,0.649464
864,3_2_0_0,2,-2.0,0.649139
865,2_7_0_1,1,3.0,0.648815
866,1_2_1_1,4,7.0,0.64849
867,3_4_0_0,1,-4.0,0.648166
868,1_1_0_0,4,-4.5,0.647842
869,3_3_0_0,4,-4.5,0.647518
870,2_1_0_0,5,2.0,0.647194
871,3_7_0_0,4,-4.5,0.646871
872,2_4_0_1,2,0.0,0.646547
873,2_4_0_0,3,2.0,0.646224
874,3_5_1_1,4,7.0,0.645901
875,2_0_1_0,5,3.0,0.645578
876,1_1_0_0,3,2.0,0.645255
877,1_4_0_0,3,2.0,0.644932
878,3_3_1_1,1,9.0,0.64461
879,3_3_1_0,3,-14.0,0.644288
880,3_5_0_1,2,0.0,0.643966
881,1_5_0_0,5,2.0,0.643644
882,3_6_1_1,4,7.0,0.643322
883,2_5_0_1,4,1.5,0.643
884,2_2_1_1,1,9.0,0.642679
885,3_6_1_0,1,6.0,0.642357
886,2_3_1_0,3,-14.0,0.642036
887,3_1_1_1,0,9.0,0.641715
888,3_4_0_1,4,1.5,0.641394
889,1_1_1_0,5,3.0,0.641074
890,2_4_0_0,4,-4.5,0.640753
891,1_1_0_1,3,1.0,0.640433
892,2_1_1_1,4,7.0,0.640112
893,1_2_1_1,0,5.0,0.639792
894,3_5_0_1,1,-1.0,0.639472
895,1_3_1_1,4,7.0,0.639153
896,3_6_1_0,4,1.0,0.638833
897,1_1_0_1,0,1.5,0.638514
898,1_7_1_1,2,-5.0,0.638194
899,2_1_0_1,0,1.5,0.637875
900,2_6_1_0,4,1.0,0.637556
901,3_1_1_1,0,9.0,0.637238
902,2_2_0_1,2,-4.0,0.636919
903,2_4_0_0,3,2.0,0.636601
904,2_7_1_1,5,1.0,0.636282
905,1_4_1_1,4,7.0,0.635964
906,2_7_1_1,1,9.0,0.635646
907,3_1_1_0,1,2.0,0.635328
908,3_3_0_1,1,3.0,0.635011
909,1_2_0_0,4,-4.5,0.634693
910,2_3_1_0,3,-14.0,0.634376
911,1_0_1_0,5,3.0,0.634059
912,3_4_0_0,5,2.0,0.633742
913,2_5_1_0,1,2.0,0.633425
914,2_6_1_0,3,-14.0,0.633108
915,1_2_1_1,4,7.0,0.632791
916,2_0_1_0,5,3.0,0.632475
917,2_4_0_0,3,2.0,0.632159
918,3_2_1_0,1,6.0,0.631843
919,2_5_1_1,1,5.0,0.631527
920,2_3_0_0,1,0.0,0.631211
921,2_4_1_0,2,-3.0,0.630895
922,3_5_0_1,2,0.0,0.63058
923,2_0_0_1,5,0.0,0.630265
924,1_2_0_0,1,0.0,0.62995
925,1_5_1_1,0,9.0,0.629635
926,1_4_1_0,2,-3.0,0.62932
927,1_2_0_1,3,1.0,0.629005
928,1_2_1_1,5,1.0,0.628691
929,2_3_0_0,3,2.0,0.628376
930,1_1_1_1,0,9.0,0.628062
931,2_7_1_1,0,9.0,0.627748
932,1_1_0_0,4,-4.5,0.627434
933,2_1_1_0,5,3.0,0.62712
934,2_0_1_0,5,3.0,0.626807
935,2_4_0_0,3,2.0,0.626493
936,3_7_1_1,5,1.0,0.62618
937,1_4_0_0,1,-4.0,0.625867
938,3_7_0_1,3,1.0,0.625554
939,1_4_1_0,5,3.0,0.625241
940,3_2_0_1,1,3.0,0.624929
941,3_2_0_0,3,2.0,0.624616
942,1_0_0_1,3,1.0,0.624304
943,3_2_1_1,1,9.0,0.623992
944,2_4_1_1,3,-15.0,0.62368
945,1_7_1_0,4,1.0,0.623368
946,3_0_1_0,0,-1.0,0.623056
947,1_3_1_0,1,6.0,0.622745
948,2_0_1_0,5,3.0,0.622433
949,2_5_1_0,1,2.0,0.622122
950,1_4_1_0,0,-1.0,0.621811
951,3_3_1_1,1,9.0,0.6215
952,2_3_0_0,3,2.0,0.62119
953,2_3_1_0,1,6.0,0.620879
954,1_7_0_1,1,3.0,0.620568
955,2_0_1_0,5,3.0,0.620258
956,2_2_1_0,4,1.0,0.619948
957,3_3_1_0,0,3.0,0.619638
958,3_3_0_0,0,-4.5,0.619328
959,2_2_0_1,4,1.5,0.619019
960,2_1_1_0,5,3.0,0.618709
961,2_7_0_1,1,3.0,0.6184
962,1_7_1_1,5,1.0,0.618091
963,2_6_1_0,0,-1.0,0.617782
964,2_4_0_1,2,0.0,0.617473
965,2_2_1_0,3,-14.0,0.617164
966,3_1_0_0,3,2.0,0.616855
967,1_6_0_1,3,1.0,0.616547
968,3_6_1_1,3,-15.0,0.616239
969,2_4_0_0,3,2.0,0.61593
970,2_2_0_1,4,1.5,0.615623
971,2_4_0_0,3,2.0,0.615315
972,3_0_1_0,4,1.0,0.615007
973,2_4_0_1,2,0.0,0.6147
974,2_2_1_0,3,-14.0,0.614392
975,3_7_0_0,1,0.0,0.614085
976,1_7_1_1,0,9.0,0.613778
977,2_7_1_0,1,6.0,0.613471
978,3_6_0_0,0,-8.5,0.613164
979,1_6_0_1,1,3.0,0.612858
980,2_6_1_1,1,9.0,0.612551
981,3_5_0_0,1,-4.0,0.612245
982,3_5_1_1,0,9.0,0.611939
983,1_6_1_1,4,7.0,0.611633
984,3_3_1_1,1,9.0,0.611327
985,1_4_1_1,4,7.0,0.611021
986,1_3_1_1,3,-15.0,0.610716
987,3_5_0_0,3,2.0,0.610411
988,3_2_1_0,2,-7.0,0.610105
989,3_6_1_1,4,7.0,0.6098
990,2_4_0_1,0,-2.5,0.609495
991,1_4_1_1,3,-15.0,0.609191
992,2_6_0_0,1,0.0,0.608886
993,2_1_0_0,5,2.0,0.608582
994,2_3_0_0,3,2.0,0.608277
995,1_7_1_0,1,6.0,0.607973
996,1_7_1_1,0,9.0,0.607669
997,1_2_1_1,4,7.0,0.607365
998,3_6_0_0,3,2.0,0.607062
999,1_5_1_0,1,2.0,0.606758
1000,3_6_1_1,2,-5.0,0.606455
1001,3_5_1_0,2,-3.0,0.606152
1002,3_5_1_0,0,3.0,0.605849
1003,2_1_0_0,4,-4.5,0.605546
1004,3_2_0_1,3,1.0,0.605243
1005,2_4_1_1,1,5.0,0.60494
1006,2_7_0_0,3,2.0,0.604638
1007,3_2_0_1,4,1.5,0.604335
1008,3_6_1_0,2,-3.0,0.604033
1009,1_5_0_0,3,2.0,0.603731
1010,1_1_0_0,3,2.0,0.603429
1011,1_2_0_0,3,2.0,0.603128
1012,1_1_1_1,1,5.0,0.602826
1013,2_2_1_1,2,-9.0,0.602525
1014,1_6_1_1,0,5.0,0.602223
1015,1_3_0_1,1,3.0,0.601922
1016,1_5_1_1,0,9.0,0.601621
1017,2_3_0_1,0,1.5,0.601321
1018,2_2_1_0,1,6.0,0.60102
1019,3_0_0_1,2,-4.0,0.600719
1020,3_0_1_1,5,1.0,0.600419
1021,2_2_0_0,1,0.0,0.600119
1022,1_3_0_0,5,2.0,0.599819
1023,2_7_0_1,1,3.0,0.599519
1024,3_3_0_0,3,2.0,0.599219
1025,2_2_0_1,4,1.5,0.598919
1026,2_3_0_0,4,-4.5,0.59862
1027,3_0_1_0,4,1.0,0.598321
1028,1_3_0_1,5,0.0,0.598022
1029,3_1_0_0,4,-4.5,0.597723
1030,1_1_0_0,3,2.0,0.597424
1031,1_2_1_0,4,1.0,0.597125
1032,2_7_1_1,4,7.0,0.596826
1033,1_1_0_1,4,1.5,0.596528
1034,2_3_1_0,1,6.0,0.59623
1035,3_4_0_0,5,2.0,0.595932
1036,1_0_1_0,1,2.0,0.595634
1037,2_0_1_1,3,-15.0,0.595336
1038,3_1_1_1,0,9.0,0.595038
1039,2_0_0_0,5,2.0,0.594741
1040,1_6_1_0,4,1.0,0.594443
1041,3_1_0_0,5,2.0,0.594146
1042,3_2_1_0,1,6.0,0.593849
1043,3_2_0_1,4,1.5,0.593552
1044,2_1_1_1,3,-15.0,0.593255
1045,1_7_0_0,1,0.0,0.592959
1046,1_6_1_1,3,-15.0,0.592662
1047,1_4_0_0,3,2.0,0.592366
1048,3_6_1_1,2,-5.0,0.59207
1049,1_3_0_0,1,0.0,0.591774
1050,1_0_0_0,3,2.0,0.591478
1051,1_2_0_0,3,2.0,0.591182
1052,3_6_1_0,0,-1.0,0.590886
1053,1_2_0_0,4,-4.5,0.590591
1054,1_6_0_1,5,0.0,0.590296
1055,1_4_1_0,5,3.0,0.59
1056,3_3_1_1,1,9.0,0.589705
1057,3_7_0_1,3,1.0,0.589411
1058,2_4_1_0,0,-1.0,0.589116
1059,1_7_1_0,4,1.0,0.588821
1060,3_6_0_1,5,0.0,0.588527
1061,3_4_0_1,5,0.0,0.588233
1062,1_6_1_0,0,-1.0,0.587939
1063,3_5_1_1,0,9.0,0.587645
1064,2_0_1_1,1,5.0,0.587351
1065,2_1_1_1,2,-9.0,0.587057
1066,3_0_0_0,5,2.0,0.586764
1067,3_5_1_0,3,-14.0,0.58647
1068,1_3_1_0,1,6.0,0.586177
1069,3_0_0_0,2,-2.0,0.585884
1070,2_4_1_0,4,1.0,0.585591
1071,1_3_0_0,5,2.0,0.585298
1072,2_6_1_0,2,-3.0,0.585005
1073,1_6_0_1,1,3.0,0.584713
1074,2_7_1_0,2,-3.0,0.584421
1075,2_5_0_1,2,0.0,0.584128
1076,1_6_0_0,3,2.0,0.583836
1077,1_6_0_0,2,2.0,0.583544
1078,2_6_1_0,3,-14.0,0.583253
1079,3_6_0_1,1,3.0,0.582961
1080,2_5_1_1,3,-15.0,0.58267
1081,3_4_1_0,0,-1.0,0.582378
1082,1_4_0_0,3,2.0,0.582087
1083,2_6_0_0,0,-8.5,0.581796
1084,2_6_0_0,1,0.0,0.581505
1085,1_6_1_0,5,3.0,0.581214
1086,2_6_1_0,1,6.0,0.580924
1087,1_7_1_0,4,1.0,0.580633
1088,1_4_0_1,3,1.0,0.580343
1089,2_6_0_1,4,1.5,0.580053
1090,2_3_0_0,3,2.0,0.579763
1091,3_1_1_0,3,-14.0,0.579473
1092,3_1_0_0,1,-4.0,0.579183
1093,1_5_0_0,3,2.0,0.578894
1094,2_3_1_1,0,9.0,0.578604
1095,2_3_0_0,1,0.0,0.578315
1096,3_5_1_1,0,9.0,0.578026
1097,2_3_0_1,2,-4.0,0.577737
1098,3_1_0_1,1,-1.0,0.577448
1099,3_4_1_0,3,-14.0,0.577159
1100,1_1_0_1,0,1.5,0.57687
1101,3_1_1_1,3,-15.0,0.576582
1102,3_0_0_1,0,-2.5,0.576294
1103,3_6_0_1,1,3.0,0.576006
1104,3_6_1_1,4,7.0,0.575718
1105,2_0_1_1,0,5.0,0.57543
1106,3_7_0_1,3,1.0,0.575142
1107,2_4_1_1,0,5.0,0.574854
1108,1_5_1_1,2,-5.0,0.574567
1109,2_0_0_0,5,2.0,0.57428
1110,3_7_1_0,4,1.0,0.573993
1111,1_6_0_0,2,2.0,0.573706
1112,3_6_1_0,4,1.0,0.573419
1113,1_3_1_0,5,3.0,0.573132
1114,1_4_1_1,4,7.0,0.572845
1115,2_2_1_1,4,7.0,0.572559
1116,1_3_1_0,2,-7.0,0.572273
1117,3_5_0_1,0,1.5,0.571987
1118,1_2_1_1,3,-15.0,0.571701
1119,3_4_1_1,0,5.0,0.571415
1120,3_5_0_1,3,1.0,0.571129
1121,3_3_0_1,2,-4.0,0.570844
1122,2_4_0_0,1,-4.0,0.570558
1123,1_0_1_1,3,-15.0,0.570273
1124,2_2_0_1,0,-2.5,0.569988
1125,3_7_1_1,5,1.0,0.569703
1126,3_5_0_0,3,2.0,0.569418
1127,3_5_1_1,0,9.0,0.569133
1128,2_6_1_0,1,6.0,0.568849
1129,3_2_0_0,1,0.0,0.568564
1130,2_5_1_0,1,2.0,0.56828
1131,3_7_1_1,5,1.0,0.567996
1132,1_5_0_0,3,2.0,0.567712
1133,2_0_0_0,5,2.0,0.567428
1134,1_1_1_1,4,7.0,0.567144
1135,2_4_1_0,1,2.0,0.566861
1136,1_6_1_0,3,-14.0,0.566577
1137,1_1_0_1,0,1.5,0.566294
1138,3_1_1_0,0,3.0,0.566011
1139,1_3_0_1,1,3.0,0.565728
1140,2_2_1_0,1,6.0,0.565445
1141,1_1_0_0,3,2.0,0.565162
1142,2_2_1_0,3,-14.0,0.56488
1143,3_0_0_0,4,-4.5,0.564597
1144,3_7_1_1,0,9.0,0.564315
1145,3_0_1_1,0,5.0,0.564033
1146,1_5_1_1,4,7.0,0.563751
1147,1_1_1_0,0,3.0,0.563469
1148,1_2_0_1,4,1.5,0.563187
1149,2_5_1_1,0,9.0,0.562905
1150,1_4_1_1,3,-15.0,0.562624
1151,1_3_0_1,1,3.0,0.562343
1152,3_7_1_1,1,9.0,0.562061
1153,2_3_1_1,0,9.0,0.56178
1154,1_0_1_1,2,-9.0,0.5615
1155,3_2_0_0,3,2.0,0.561219
1156,3_2_1_1,1,9.0,0.560938
1157,3_6_1_1,4,7.0,0.560658
1158,2_0_0_1,4,1.5,0.560377
1159,3_3_1_1,1,9.0,0.560097
1160,2_1_0_0,1,-4.0,0.559817
1161,2_3_0_1,3,1.0,0.559537
1162,3_1_1_1,0,9.0,0.559257
1163,2_2_1_1,4,7.0,0.558978
1164,2_5_0_1,4,1.5,0.558698
1165,2_0_1_1,1,5.0,0.558419
1166,1_6_1_1,3,-15.0,0.55814
1167,2_0_1_1,1,5.0,0.557861
1168,1_7_0_0,2,2.0,0.557582
1169,2_7_0_0,3,2.0,0.557303
1170,2_3_0_1,5,0.0,0.557024
1171,1_4_0_1,2,0.0,0.556746
1172,2_0_1_0,5,3.0,0.556467
1173,3_4_1_0,5,3.0,0.556189
1174,3_0_1_0,5,3.0,0.555911
1175,3_5_1_1,5,1.0,0.555633
1176,1_5_1_1,0,9.0,0.555355
1177,1_2_1_0,1,6.0,0.555078
1178,1_2_0_1,3,1.0,0.5548
1179,2_6_1_1,1,9.0,0.554523
1180,1_6_1_0,1,6.0,0.554246
1181,1_1_1_1,3,-15.0,0.553968
1182,1_0_1_0,0,-1.0,0.553691
1183,2_5_0_0,2,2.0,0.553415
1184,1_0_1_0,1,2.0,0.553138
1185,2_5_0_1,4,1.5,0.552861
1186,3_6_0_1,1,3.0,0.552585
1187,2_2_1_1,4,7.0,0.552309
1188,1_3_0_0,0,-4.5,0.552032
1189,1_1_1_1,4,7.0,0.551756
1190,3_7_0_0,2,2.0,0.55148
1191,2_5_1_0,0,3.0,0.551205
1192,3_5_0_1,0,1.5,0.550929
1193,2_5_1_1,0,9.0,0.550654
1194,1_5_0_1,0,1.5,0.550378
1195,1_5_1_0,2,-3.0,0.550103
1196,2_3_1_1,3,-15.0,0.549828
1197,1_2_1_1,4,7.0,0.549553
1198,3_7_0_1,3,1.0,0.549278
1199,3_3_0_0,5,2.0,0.549004
1200,2_5_1_1,0,9.0,0.548729
1201,1_5_0_0,5,2.0,0.548455
1202,3_5_1_1,2,-5.0,0.548181
1203,3_5_0_0,3,2.0,0.547907
1204,3_5_1_0,5,3.0,0.547633
1205,1_3_1_1,4,7.0,0.547359
1206,3_5_1_0,4,1.0,0.547085
1207,1_1_1_1,3,-15.0,0.546812
1208,2_1_1_1,4,7.0,0.546538
1209,1_7_0_1,0,1.5,0.546265
1210,1_3_1_1,4,7.0,0.545992
1211,1_5_1_1,1,5.0,0.545719
1212,1_0_1_1,4,7.0,0.545446
1213,3_3_1_0,0,3.0,0.545173
1214,1_4_0_1,3,1.0,0.544901
1215,1_1_0_0,2,-2.0,0.544628
1216,2_1_1_1,4,7.0,0.544356
1217,2_1_1_1,4,7.0,0.544084
1218,1_3_1_1,4,7.0,0.543812
1219,1_2_0_0,3,2.0,0.54354
1220,2_0_1_0,5,3.0,0.543268
1221,1_7_1_1,1,9.0,0.542996
1222,3_3_0_0,0,-4.5,0.542725
1223,1_1_1_0,5,3.0,0.542453
1224,2_0_0_0,2,-2.0,0.542182
1225,3_6_1_0,1,6.0,0.541911
1226,2_5_1_0,4,1.0,0.54164
1227,1_5_1_1,5,1.0,0.541369
1228,2_5_0_1,4,1.5,0.541099
1229,1_0_0_0,3,2.0,0.540828
1230,3_0_1_1,0,5.0,0.540558
1231,1_3_1_0,1,6.0,0.540287
1232,2_6_0_1,5,0.0,0.540017
1233,2_5_0_1,4,1.5,0.539747
1234,3_5_0_1,0,1.5,0.539477
1235,1_5_0_1,0,1.5,0.539208
1236,1_6_0_0,3,2.0,0.538938
1237,1_4_1_1,4,7.0,0.538669
1238,1_5_0_1,0,1.5,0.538399
1239,2_7_1_0,2,-3.0,0.53813
1240,1_3_0_1,0,1.5,0.537861
1241,3_7_0_0,2,2.0,0.537592
1242,1_5_0_0,3,2.0,0.537323
1243,3_4_0_1,4,1.5,0.537055
1244,3_2_0_0,2,-2.0,0.536786
1245,2_4_1_0,1,2.0,0.536518
1246,3_6_0_1,3,1.0,0.536249
1247,1_0_1_1,4,7.0,0.535981
1248,1_4_1_0,3,-14.0,0.535713
1249,2_5_0_1,4,1.5,0.535445
1250,3_5_1_1,4,7.0,0.535178
1251,1_5_1_0,0,3.0,0.53491
1252,1_3_0_0,5,2.0,0.534643
1253,2_0_0_1,4,1.5,0.534375
1254,1_6_1_1,4,7.0,0.534108
1255,2_1_0_1,0,1.5,0.533841
1256,1_4_1_1,1,5.0,0.533574
1257,2_1_1_0,5,3.0,0.533307
1258,1_1_0_0,4,-4.5,0.533041
1259,3_4_1_0,4,1.0,0.532774
1260,1_0_0_1,3,1.0,0.532508
1261,1_3_0_0,5,2.0,0.532242
1262,3_1_1_1,0,9.0,0.531976
1263,3_0_0_0,5,2.0,0.53171
1264,2_0_1_0,5,3.0,0.531444
1265,1_6_1_1,4,7.0,0.531178
1266,2_1_1_0,5,3.0,0.530912
1267,2_0_1_0,5,3.0,0.530647
1268,1_1_1_1,3,-15.0,0.530382
1269,3_1_1_1,0,9.0,0.530116
1270,2_4_0_1,0,-2.5,0.529851
1271,2_5_0_1,4,1.5,0.529586
1272,1_5_1_0,1,2.0,0.529322
1273,3_7_1_0,4,1.0,0.529057
1274,1_7_1_1,0,9.0,0.528792
1275,3_3_0_0,3,2.0,0.528528
1276,3_7_0_1,3,1.0,0.528264
1277,2_1_0_1,1,-1.0,0.528
1278,2_4_0_1,0,-2.5,0.527736
1279,1_2_0_1,2,-4.0,0.527472
1280,1_7_0_1,1,3.0,0.527208
1281,1_5_1_1,3,-15.0,0.526944
1282,1_3_0_1,1,3.0,0.526681
1283,2_5_0_0,0,-4.5,0.526418
1284,3_0_0_0,5,2.0,0.526154
1285,3_7_1_1,4,7.0,0.525891
1286,1_5_0_0,5,2.0,0.525628
1287,3_7_0_0,5,2.0,0.525366
1288,1_7_1_1,4,7.0,0.525103
1289,1_6_0_1,2,0.0,0.52484
1290,1_3_1_0,1,6.0,0.524578
1291,1_1_0_1,1,-1.0,0.524316
1292,2_2_0_0,3,2.0,0.524053
1293,1_4_0_0,1,-4.0,0.523791
1294,2_5_0_0,5,2.0,0.52353
1295,1_7_1_1,0,9.0,0.523268
1296,2_4_1_1,0,5.0,0.523006
1297,3_3_1_0,0,3.0,0.522745
1298,1_2_0_0,3,2.0,0.522483
1299,3_1_1_1,0,9.0,0.522222
1300,2_6_1_1,4,7.0,0.521961
1301,3_7_1_1,4,7.0,0.5217
1302,3_3_0_1,5,0.0,0.521439
1303,2_1_0_1,5,0.0,0.521178
1304,1_0_0_0,1,-4.0,0.520918
1305,3_6_0_1,0,-2.5,0.520657
1306,2_4_1_0,1,2.0,0.520397
1307,1_6_0_1,5,0.0,0.520137
1308,2_3_1_1,2,-9.0,0.519877
1309,1_4_1_1,4,7.0,0.519617
1310,2_0_0_0,5,2.0,0.519357
1311,2_4_1_1,0,5.0,0.519097
1312,3_6_1_1,4,7.0,0.518838
1313,2_0_0_0,1,-4.0,0.518578
1314,2_3_1_1,0,9.0,0.518319
1315,3_0_0_0,5,2.0,0.51806
1316,3_3_1_0,0,3.0,0.517801
1317,3_5_0_0,3,2.0,0.517542
1318,1_4_0_1,5,0.0,0.517283
1319,3_7_1_0,2,-3.0,0.517025
1320,3_2_1_0,1,6.0,0.516766
1321,2_7_1_0,1,6.0,0.516508
1322,3_3_0_1,5,0.0,0.516249
1323,3_0_0_0,5,2.0,0.515991
1324,2_0_0_0,5,2.0,0.515733
1325,1_4_1_0,4,1.0,0.515475
1326,3_2_1_1,1,9.0,0.515218
1327,1_1_0_1,0,1.5,0.51496
1328,2_7_1_0,0,3.0,0.514703
1329,2_7_0_1,1,3.0,0.514445
1330,3_0_0_0,0,-8.5,0.514188
1331,3_1_1_1,0,9.0,0.513931
1332,3_7_0_1,3,1.0,0.513674
1333,3_3_0_1,5,0.0,0.513417
1334,1_6_1_1,4,7.0,0.51316
1335,1_6_1_0,2,-3.0,0.512904
1336,1_0_1_0,5,3.0,0.512647
1337,1_6_1_1,5,1.0,0.512391
1338,2_4_0_0,5,2.0,0.512135
1339,1_1_0_1,0,1.5,0.511879
1340,2_5_1_1,0,9.0,0.511623
1341,2_4_1_0,1,2.0,0.511367
1342,3_5_1_1,4,7.0,0.511111
1343,1_7_0_1,1,3.0,0.510856
1344,2_2_1_1,4,7.0,0.5106
1345,3_5_0_0,0,-4.5,0.510345
1346,1_6_0_1,3,1.0,0.51009
1347,3_0_0_0,5,2.0,0.509835
1348,2_0_0_0,5,2.0,0.50958
1349,1_6_1_1,1,9.0,0.509325
1350,3_6_0_0,5,2.0,0.50907
1351,3_4_1_1,4,7.0,0.508816
1352,2_5_1_0,5,3.0,0.508562
1353,2_7_1_1,0,9.0,0.508307
1354,2_6_1_0,1,6.0,0.508053
1355,3_7_0_1,3,1.0,0.507799
1356,1_0_1_0,5,3.0,0.507545
1357,3_0_1_0,4,1.0,0.507291
1358,3_6_0_0,5,2.0,0.507038
1359,1_6_0_1,0,-2.5,0.506784
1360,2_2_1_0,5,3.0,0.506531
1361,1_2_1_0,1,6.0,0.506278
1362,3_2_1_1,1,9.0,0.506024
1363,1_1_0_0,3,2.0,0.505771
1364,3_1_1_1,0,9.0,0.505519
1365,1_1_0_1,0,1.5,0.505266
1366,2_7_0_1,3,1.0,0.505013
1367,3_6_1_0,0,-1.0,0.504761
1368,1_1_0_0,2,-2.0,0.504508
1369,1_0_0_0,3,2.0,0.504256
1370,1_4_1_1,1,5.0,0.504004
1371,1_6_1_0,0,-1.0,0.503752
1372,2_1_0_0,5,2.0,0.5035
1373,3_6_0_0,3,2.0,0.503248
1374,1_2_1_1,2,-9.0,0.502997
1375,2_4_1_0,1,2.0,0.502745
1376,3_4_0_0,4,-4.5,0.502494
1377,3_6_1_1,5,1.0,0.502243
1378,2_7_1_0,1,6.0,0.501991
1379,3_0_1_1,0,5.0,0.50174
1380,2_7_0_1,1,3.0,0.50149
1381,2_5_1_1,2,-5.0,0.501239
1382,2_3_0_0,3,2.0,0.500988
1383,1_0_0_1,5,0.0,0.500738
1384,3_4_1_0,4,1.0,0.500487
1385,3_1_0_0,1,-4.0,0.500237
1386,1_3_0_0,2,-2.0,0.499987
1387,1_7_1_0,1,6.0,0.499737
1388,3_1_0_0,3,2.0,0.499487
1389,3_3_1_0,0,3.0,0.499237
1390,2_5_1_0,2,-3.0,0.498988
1391,3_2_1_0,1,6.0,0.498738
1392,3_6_1_1,2,-5.0,0.498489
1393,1_0_0_0,0,-8.5,0.49824
1394,3_5_0_1,0,1.5,0.49799
1395,1_2_0_1,0,-2.5,0.497741
1396,3_2_0_0,3,2.0,0.497493
1397,2_1_1_1,4,7.0,0.497244
1398,2_4_1_0,5,3.0,0.496995
1399,2_4_1_1,0,5.0,0.496747
1400,3_3_0_1,1,3.0,0.496498
1401,1_2_0_1,3,1.0,0.49625
1402,3_1_1_1,0,9.0,0.496002
1403,1_1_0_1,0,1.5,0.495754
1404,1_2_1_1,4,7.0,0.495506
1405,2_2_1_1,3,-15.0,0.495258
1406,3_0_1_0,4,1.0,0.495011
1407,2_3_0_0,2,-2.0,0.494763
1408,2_2_1_1,4,7.0,0.494516
1409,3_4_0_1,3,1.0,0.494269
1410,1_2_0_0,2,-2.0,0.494021
1411,2_7_0_0,3,2.0,0.493774
1412,3_0_0_0,5,2.0,0.493528
1413,1_2_1_1,4,7.0,0.493281
1414,3_6_0_0,5,2.0,0.493034
1415,1_3_1_1,3,-15.0,0.492788
1416,2_7_0_1,5,0.0,0.492541
1417,2_7_0_0,0,-4.5,0.492295
1418,3_5_0_1,3,1.0,0.492049
1419,2_0_1_0,5,3.0,0.491803
1420,1_7_1_0,1,6.0,0.491557
1421,3_5_1_1,0,9.0,0.491311
1422,2_5_0_1,4,1.5,0.491065
1423,1_2_0_1,3,1.0,0.49082
1424,1_6_0_1,3,1.0,0.490575
1425,3_6_0_0,1,0.0,0.490329
1426,3_5_1_1,3,-15.0,0.490084
1427,1_7_1_1,4,7.0,0.489839
1428,3_1_0_0,5,2.0,0.489594
1429,1_4_1_1,4,7.0,0.489349
1430,2_6_0_1,5,0.0,0.489105
1431,1_0_1_0,4,1.0,0.48886
1432,2_0_1_0,5,3.0,0.488616
1433,2_6_0_0,1,0.0,0.488371
1434,3_7_0_1,3,1.0,0.488127
1435,2_0_1_1,1,5.0,0.487883
1436,3_0_0_1,2,-4.0,0.487639
1437,3_1_1_1,3,-15.0,0.487395
1438,3_5_1_1,0,9.0,0.487152
1439,1_4_1_0,1,2.0,0.486908
1440,2_5_1_1,0,9.0,0.486665
1441,3_4_0_1,4,1.5,0.486421
1442,1_2_0_0,4,-4.5,0.486178
1443,3_7_0_0,2,2.0,0.485935
1444,1_0_1_0,5,3.0,0.485692
1445,2_0_0_1,5,0.0,0.485449
1446,3_1_1_0,2,-7.0,0.485206
1447,1_2_1_0,5,3.0,0.484964
1448,2_3_0_1,3,1.0,0.484721
1449,1_1_0_1,0,1.5,0.484479
1450,3_7_1_1,4,7.0,0.484237
1451,1_0_0_0,3,2.0,0.483995
1452,2_5_1_1,0,9.0,0.483753
1453,2_0_0_0,3,2.0,0.483511
1454,1_7_0_1,1,3.0,0.483269
1455,2_1_0_0,2,-2.0,0.483027
1456,3_5_1_0,0,3.0,0.482786
1457,2_5_1_0,1,2.0,0.482544
1458,3_6_0_1,1,3.0,0.482303
1459,2_1_1_1,1,5.0,0.482062
1460,1_4_1_0,5,3.0,0.481821
1461,3_1_0_1,3,1.0,0.48158
1462,2_0_1_0,5,3.0,0.481339
1463,3_1_0_1,0,1.5,0.481099
1464,1_5_1_1,0,9.0,0.480858
1465,1_4_0_0,3,2.0,0.480618
1466,3_3_0_1,4,1.5,0.480377
1467,1_1_1_0,2,-7.0,0.480137
1468,2_0_1_1,1,5.0,0.479897
1469,1_7_1_0,3,-14.0,0.479657
1470,1_7_1_0,1,6.0,0.479417
1471,1_7_1_0,1,6.0,0.479178
1472,1_1_0_1,1,-1.0,0.478938
1473,1_4_0_0,3,2.0,0.478699
1474,1_5_0_0,4,-4.5,0.478459
1475,3_7_0_0,2,2.0,0.47822
1476,3_1_0_0,5,2.0,0.477981
1477,1_6_1_1,4,7.0,0.477742
1478,2_2_1_0,1,6.0,0.477503
1479,2_7_1_1,0,9.0,0.477264
1480,2_5_1_0,1,2.0,0.477026
1481,2_0_1_1,0,5.0,0.476787
1482,3_2_1_0,4,1.0,0.476549
1483,1_6_1_0,0,-1.0,0.47631
1484,1_5_0_0,3,2.0,0.476072
1485,1_1_0_0,3,2.0,0.475834
1486,2_2_1_0,5,3.0,0.475596
1487,3_2_1_1,4,7.0,0.475359
1488,1_5_1_0,1,2.0,0.475121
1489,3_2_1_1,2,-9.0,0.474883
1490,1_6_1_0,1,6.0,0.474646
1491,3_5_1_1,2,-5.0,0.474409
1492,1_3_0_1,2,-4.0,0.474171
1493,2_1_0_1,4,1.5,0.473934
1494,2_0_1_1,0,5.0,0.473697
1495,3_5_1_1,0,9.0,0.47346
1496,3_4_0_1,1,-1.0,0.473224
1497,1_0_1_0,0,-1.0,0.472987
1498,1_0_0_0,4,-4.5,0.472751
1499,3_2_0_0,0,-8.5,0.472514
1500,2_6_0_0,1,0.0,0.472278
1501,2_0_0_1,1,-1.0,0.472042
1502,2_0_1_0,5,3.0,0.471806
1503,1_5_0_1,0,1.5,0.47157
1504,3_7_1_0,1,6.0,0.471334
1505,3_6_1_0,1,6.0,0.471098
1506,2_7_1_0,3,-14.0,0.470863
1507,1_4_0_0,4,-4.5,0.470627
1508,2_5_0_1,2,0.0,0.470392
1509,3_2_1_1,2,-9.0,0.470157
1510,1_3_1_1,4,7.0,0.469922
1511,2_5_0_0,5,2.0,0.469687
1512,3_0_0_1,3,1.0,0.469452
1513,2_7_1_1,0,9.0,0.469217
1514,2_7_1_0,1,6.0,0.468983
1515,2_0_1_1,4,7.0,0.468748
1516,2_6_1_1,4,7.0,0.468514
1517,2_1_0_1,0,1.5,0.46828
1518,1_1_1_0,5,3.0,0.468045
1519,2_0_0_1,4,1.5,0.467811
1520,3_2_0_1,4,1.5,0.467578
1521,2_0_1_0,5,3.0,0.467344
1522,1_0_0_0,3,2.0,0.46711
1523,3_6_1_0,1,6.0,0.466877
1524,2_0_1_0,5,3.0,0.466643
1525,3_7_0_1,4,1.5,0.46641
1526,1_7_1_0,1,6.0,0.466177
1527,1_4_1_0,5,3.0,0.465943
1528,2_6_1_1,1,9.0,0.465711
1529,3_2_1_0,3,-14.0,0.465478
1530,1_7_0_1,1,3.0,0.465245
1531,1_4_0_1,3,1.0,0.465012
1532,1_6_0_1,4,1.5,0.46478
1533,2_5_1_0,1,2.0,0.464547
1534,1_4_0_1,3,1.0,0.464315
1535,1_1_0_0,3,2.0,0.464083
1536,3_0_0_1,0,-2.5,0.463851
1537,3_2_0_1,4,1.5,0.463619
1538,1_5_0_1,0,1.5,0.463387
1539,2_1_0_0,5,2.0,0.463155
1540,2_4_0_0,5,2.0,0.462924
1541,2_1_1_0,3,-14.0,0.462692
1542,2_5_1_0,1,2.0,0.462461
1543,3_3_1_0,0,3.0,0.46223
1544,2_1_1_1,0,9.0,0.461999
1545,3_6_1_0,1,6.0,0.461768
1546,3_5_1_1,0,9.0,0.461537
1547,1_6_0_1,1,3.0,0.461306
1548,1_6_0_0,2,2.0,0.461075
1549,2_6_1_0,1,6.0,0.460845
1550,3_5_1_1,5,1.0,0.460614
1551,2_3_1_0,1,6.0,0.460384
1552,3_4_1_1,0,5.0,0.460154
1553,2_3_0_1,3,1.0,0.459924
1554,1_6_0_1,0,-2.5,0.459694
1555,3_5_1_1,0,9.0,0.459464
1556,3_6_1_1,4,7.0,0.459234
1557,1_0_0_0,3,2.0,0.459005
1558,3_6_0_0,5,2.0,0.458775
1559,1_1_1_1,0,9.0,0.458546
1560,3_3_1_1,1,9.0,0.458317
1561,2_2_1_0,1,6.0,0.458087
1562,3_0_0_0,0,-8.5,0.457858
1563,3_5_1_1,0,9.0,0.457629
1564,1_5_1_1,0,9.0,0.457401
1565,2_3_1_1,0,9.0,0.457172
1566,3_3_0_0,5,2.0,0.456943
1567,1_3_0_0,3,2.0,0.456715
1568,2_4_0_0,1,-4.0,0.456487
1569,1_4_0_0,5,2.0,0.456258
1570,2_0_0_0,4,-4.5,0.45603
1571,3_1_0_0,3,2.0,0.455802
1572,2_4_1_0,1,2.0,0.455574
1573,2_3_1_0,1,6.0,0.455346
1574,3_4_1_1,0,5.0,0.455119
1575,1_1_0_0,2,-2.0,0.454891
1576,3_7_0_1,0,1.5,0.454664
1577,1_7_0_1,1,3.0,0.454436
1578,1_0_1_1,4,7.0,0.454209
1579,1_2_0_1,1,3.0,0.453982
1580,3_4_0_1,4,1.5,0.453755
1581,1_4_1_1,1,5.0,0.453528
1582,2_7_0_0,3,2.0,0.453301
1583,1_3_0_0,5,2.0,0.453075
1584,1_0_0_0,0,-8.5,0.452848
1585,3_4_1_0,5,3.0,0.452622
1586,2_4_0_0,0,-8.5,0.452396
1587,3_7_0_1,3,1.0,0.452169
1588,2_6_0_0,5,2.0,0.451943
1589,1_6_1_0,1,6.0,0.451717
1590,1_5_0_1,0,1.5,0.451491
1591,2_4_0_1,0,-2.5,0.451266
1592,2_7_0_1,0,1.5,0.45104
1593,2_7_0_0,3,2.0,0.450815
1594,1_0_0_1,3,1.0,0.450589
1595,1_5_1_0,4,1.0,0.450364
1596,2_6_0_1,4,1.5,0.450139
1597,3_6_0_0,2,2.0,0.449914
1598,2_0_1_1,1,5.0,0.449689
1599,1_5_0_1,0,1.5,0.449464
1600,2_0_1_0,5,3.0,0.449239
1601,2_3_1_0,2,-7.0,0.449014
1602,1_4_0_1,3,1.0,0.44879
1603,2_1_0_1,1,-1.0,0.448566
1604,1_2_0_1,3,1.0,0.448341
1605,3_2_0_1,4,1.5,0.448117
1606,2_7_1_0,1,6.0,0.447893
1607,2_1_0_0,5,2.0,0.447669
1608,1_6_1_0,0,-1.0,0.447445
1609,1_2_1_1,3,-15.0,0.447222
1610,2_2_1_1,4,7.0,0.446998
1611,3_6_0_1,5,0.0,0.446774
1612,2_6_0_1,1,3.0,0.446551
1613,2_5_1_1,0,9.0,0.446328
1614,3_2_1_1,1,9.0,0.446105
1615,3_4_1_1,0,5.0,0.445882
1616,3_0_0_0,3,2.0,0.445659
1617,3_1_0_0,0,-4.5,0.445436
1618,3_6_0_1,3,1.0,0.445213
1619,1_1_1_0,5,3.0,0.44499
1620,2_7_1_1,0,9.0,0.444768
1621,3_2_0_0,3,2.0,0.444546
1622,1_6_1_0,1,6.0,0.444323
1623,2_7_1_0,1,6.0,0.444101
1624,2_2_0_1,4,1.5,0.443879
1625,2_0_0_1,5,0.0,0.443657
1626,2_5_0_1,4,1.5,0.443435
1627,3_3_0_0,1,0.0,0.443214
1628,3_2_1_0,2,-7.0,0.442992
1629,2_6_0_0,3,2.0,0.442771
1630,2_0_1_1,1,5.0,0.442549
1631,1_6_1_1,4,7.0,0.442328
1632,2_6_0_0,3,2.0,0.442107
1633,1_7_1_0,1,6.0,0.441886
1634,3_3_1_0,0,3.0,0.441665
1635,1_7_1_0,3,-14.0,0.441444
1636,1_5_0_1,0,1.5,0.441223
1637,3_6_1_1,4,7.0,0.441003
1638,1_0_1_0,2,-7.0,0.440782
1639,3_5_0_1,0,1.5,0.440562
1640,2_3_1_1,0,9.0,0.440341
1641,1_1_0_0,3,2.0,0.440121
1642,2_4_0_1,2,0.0,0.439901
1643,3_4_1_0,5,3.0,0.439681
1644,1_7_0_0,1,0.0,0.439461
1645,2_0_1_0,2,-7.0,0.439242
1646,2_3_1_0,1,6.0,0.439022
1647,1_3_0_0,5,2.0,0.438802
1648,1_3_1_1,4,7.0,0.438583
1649,1_0_1_0,4,1.0,0.438364
1650,3_1_1_0,3,-14.0,0.438145
1651,2_3_1_1,0,9.0,0.437926
1652,2_3_1_1,0,9.0,0.437707
1653,1_6_0_1,0,-2.5,0.437488
1654,3_2_0_0,3,2.0,0.437269
1655,3_2_0_1,4,1.5,0.43705
1656,1_6_1_1,4,7.0,0.436832
1657,2_7_0_1,1,3.0,0.436613
1658,3_5_1_0,0,3.0,0.436395
1659,2_3_0_0,3,2.0,0.436177
1660,3_7_0_1,3,1.0,0.435959
1661,2_5_0_0,5,2.0,0.435741
1662,3_0_1_1,0,5.0,0.435523
1663,2_5_1_0,5,3.0,0.435305
1664,1_0_0_0,3,2.0,0.435088
1665,3_7_0_0,4,-4.5,0.43487
1666,3_5_0_0,1,-4.0,0.434653
1667,1_2_1_0,1,6.0,0.434435
1668,3_2_1_0,1,6.0,0.434218
1669,1_3_1_0,1,6.0,0.434001
1670,2_4_1_0,1,2.0,0.433784
1671,2_4_1_0,1,2.0,0.433567
1672,1_0_0_1,3,1.0,0.43335
1673,2_7_0_0,3,2.0,0.433134
1674,2_0_1_1,4,7.0,0.432917
1675,2_6_1_1,3,-15.0,0.432701
1676,1_4_0_0,3,2.0,0.432484
1677,3_6_0_1,0,-2.5,0.432268
1678,2_5_0_0,5,2.0,0.432052
1679,2_5_1_0,1,2.0,0.431836
1680,3_5_1_0,5,3.0,0.43162
1681,1_2_0_1,2,-4.0,0.431404
1682,2_6_0_0,1,0.0,0.431188
1683,2_6_1_0,1,6.0,0.430973
1684,1_0_1_0,5,3.0,0.430757
1685,1_5_0_1,0,1.5,0.430542
1686,1_7_0_1,1,3.0,0.430327
1687,1_5_1_1,0,9.0,0.430111
1688,3_0_1_1,0,5.0,0.429896
1689,3_2_1_0,1,6.0,0.429681
1690,2_7_1_0,1,6.0,0.429467
1691,3_4_0_0,2,2.0,0.429252
1692,3_5_1_1,0,9.0,0.429037
1693,1_5_1_1,0,9.0,0.428823
1694,2_1_0_0,5,2.0,0.428608
1695,1_2_1_1,3,-15.0,0.428394
1696,2_5_1_0,1,2.0,0.42818
1697,2_0_1_1,1,5.0,0.427966
1698,3_1_1_0,4,1.0,0.427752
1699,1_7_0_0,2,2.0,0.427538
1700,2_4_0_0,3,2.0,0.427324
1701,3_0_1_1,2,-9.0,0.42711
1702,3_2_1_0,4,1.0,0.426897
1703,3_4_1_0,5,3.0,0.426683
1704,3_4_0_1,4,1.5,0.42647
1705,3_0_1_0,4,1.0,0.426257
1706,1_3_1_0,1,6.0,0.426044
1707,2_6_0_0,1,0.0,0.425831
1708,2_1_1_0,5,3.0,0.425618
1709,2_0_0_1,4,1.5,0.425405
1710,3_0_1_0,5,3.0,0.425192
1711,2_4_1_1,0,5.0,0.42498
1712,3_6_1_0,1,6.0,0.424767
1713,3_6_1_1,4,7.0,0.424555
1714,2_0_0_0,2,-2.0,0.424343
1715,1_5_0_1,0,1.5,0.42413
1716,1_5_1_0,1,2.0,0.423918
1717,1_0_1_1,4,7.0,0.423706
1718,3_1_1_1,3,-15.0,0.423494
1719,1_1_0_1,0,1.5,0.423283
1720,1_4_1_1,4,7.0,0.423071
1721,1_3_0_1,1,3.0,0.42286
1722,3_6_1_0,1,6.0,0.422648
1723,3_1_1_1,0,9.0,0.422437
1724,1_7_0_1,1,3.0,0.422226
1725,3_6_1_1,4,7.0,0.422014
1726,1_0_0_0,3,2.0,0.421803
1727,2_3_0_0,1,0.0,0.421593
1728,2_0_1_1,5,1.0,0.421382
1729,1_4_1_0,1,2.0,0.421171
1730,1_5_0_0,4,-4.5,0.42096
1731,1_0_0_0,3,2.0,0.42075
1732,1_6_1_1,4,7.0,0.42054
1733,1_2_1_0,1,6.0,0.420329
1734,1_1_0_1,0,1.5,0.420119
1735,1_3_0_0,5,2.0,0.419909
1736,1_7_1_1,0,9.0,0.419699
1737,1_3_0_1,4,1.5,0.419489
1738,1_2_1_0,1,6.0,0.41928
1739,3_6_0_1,2,0.0,0.41907
1740,3_1_1_0,4,1.0,0.41886
1741,1_0_1_0,5,3.0,0.418651
1742,2_3_1_0,1,6.0,0.418442
1743,3_0_0_1,3,1.0,0.418232
1744,2_1_1_0,5,3.0,0.418023
1745,2_5_0_0,0,-4.5,0.417814
1746,3_0_1_1,3,-15.0,0.417605
1747,2_1_0_0,5,2.0,0.417397
1748,3_2_1_1,1,9.0,0.417188
1749,3_0_0_0,2,-2.0,0.416979
1750,3_0_0_0,3,2.0,0.416771
1751,2_7_1_0,1,6.0,0.416562
1752,2_6_0_1,4,1.5,0.416354
1753,1_5_1_1,2,-5.0,0.416146
1754,3_2_0_1,4,1.5,0.415938
1755,3_1_0_0,5,2.0,0.41573
1756,2_4_1_0,1,2.0,0.415522
1757,2_4_1_1,0,5.0,0.415314
1758,3_1_1_0,4,1.0,0.415107
1759,1_2_0_1,3,1.0,0.414899
1760,1_7_0_1,1,3.0,0.414692
1761,1_2_1_0,0,-1.0,0.414484
1762,1_1_1_0,1,2.0,0.414277
1763,3_5_0_0,3,2.0,0.41407
1764,2_0_1_0,0,-1.0,0.413863
1765,2_3_1_1,5,1.0,0.413656
1766,3_5_0_0,3,2.0,0.413449
1767,3_4_1_1,0,5.0,0.413242
1768,2_5_1_1,0,9.0,0.413036
1769,3_5_0_0,3,2.0,0.412829
1770,3_6_0_1,1,3.0,0.412623
1771,1_5_0_0,3,2.0,0.412417
1772,1_4_1_1,4,7.0,0.41221
1773,2_6_0_0,1,0.0,0.412004
1774,1_7_0_1,2,0.0,0.411798
1775,3_3_1_0,0,3.0,0.411592
1776,3_5_1_1,4,7.0,0.411387
1777,3_7_1_0,1,6.0,0.411181
1778,1_3_1_1,4,7.0,0.410975
1779,2_0_1_0,5,3.0,0.41077
1780,3_1_0_0,3,2.0,0.410564
1781,1_2_0_1,3,1.0,0.410359
1782,2_1_1_0,2,-7.0,0.410154
1783,3_2_0_1,1,3.0,0.409949
1784,2_4_1_1,2,-5.0,0.409744
1785,3_4_1_0,5,3.0,0.409539
1786,2_5_1_0,1,2.0,0.409334
1787,3_3_1_1,1,9.0,0.40913
1788,2_4_1_1,1,5.0,0.408925
1789,3_2_0_0,3,2.0,0.408721
1790,2_2_0_0,3,2.0,0.408516
1791,3_7_0_1,2,0.0,0.408312
1792,2_0_1_0,5,3.0,0.408108
1793,3_4_0_0,4,-4.5,0.407904
1794,2_1_0_0,5,2.0,0.4077
1795,3_0_1_1,0,5.0,0.407496
1796,3_0_0_1,3,1.0,0.407292
1797,3_0_1_1,0,5.0,0.407088
1798,3_5_0_0,3,2.0,0.406885
1799,2_7_0_1,1,3.0,0.406682
1800,3_6_1_0,1,6.0,0.406478
1801,1_0_0_1,0,-2.5,0.406275
1802,1_0_1_0,5,3.0,0.406072
1803,1_1_1_0,5,3.0,0.405869
1804,1_7_1_1,2,-5.0,0.405666
1805,2_3_0_1,3,1.0,0.405463
1806,1_6_0_0,2,2.0,0.40526
1807,3_6_0_0,5,2.0,0.405058
1808,1_4_1_1,4,7.0,0.404855
1809,1_6_0_1,1,3.0,0.404653
1810,1_4_1_1,0,5.0,0.40445
1811,1_5_1_1,4,7.0,0.404248
1812,1_6_1_0,1,6.0,0.404046
1813,2_3_1_1,4,7.0,0.403844
1814,2_6_1_1,1,9.0,0.403642
1815,2_4_1_0,3,-14.0,0.40344
1816,3_6_1_0,1,6.0,0.403239
1817,1_5_0_0,4,-4.5,0.403037
1818,3_1_0_1,5,0.0,0.402835
1819,1_6_1_1,4,7.0,0.402634
1820,2_1_0_0,3,2.0,0.402433
1821,3_3_0_1,1,3.0,0.402231
1822,2_0_1_1,1,5.0,0.40203
1823,1_6_1_1,3,-15.0,0.401829
1824,3_0_1_1,0,5.0,0.401628
1825,2_6_0_1,4,1.5,0.401428
1826,2_7_0_1,1,3.0,0.401227
1827,1_2_1_0,0,-1.0,0.401026
1828,2_5_0_1,4,1.5,0.400826
1829,2_3_0_0,3,2.0,0.400625
1830,1_4_0_0,2,2.0,0.400425
1831,3_6_1_1,4,7.0,0.400225
1832,2_0_1_0,2,-7.0,0.400025
1833,3_6_1_0,1,6.0,0.399825
1834,2_3_0_0,4,-4.5,0.399625
1835,1_5_1_0,1,2.0,0.399425
1836,3_3_1_0,3,-14.0,0.399225
1837,3_6_0_1,1,3.0,0.399026
1838,1_2_1_1,4,7.0,0.398826
1839,2_2_1_0,1,6.0,0.398627
1840,1_3_1_1,4,7.0,0.398427
1841,1_6_0_1,2,0.0,0.398228
1842,1_1_0_1,0,1.5,0.398029
1843,2_6_0_1,4,1.5,0.39783
1844,2_2_0_0,3,2.0,0.397631
1845,3_6_0_1,1,3.0,0.397432
1846,3_7_0_1,3,1.0,0.397234
1847,1_0_1_1,5,1.0,0.397035
1848,3_6_0_1,1,3.0,0.396836
1849,2_4_0_1,2,0.0,0.396638
1850,2_7_0_0,3,2.0,0.39644
1851,3_4_0_0,5,2.0,0.396241
1852,2_7_0_1,1,3.0,0.396043
1853,1_1_0_1,0,1.5,0.395845
1854,2_3_1_1,3,-15.0,0.395647
1855,1_4_1_1,4,7.0,0.39545
1856,2_2_0_1,4,1.5,0.395252
1857,2_4_0_1,2,0.0,0.395054
1858,1_3_1_1,4,7.0,0.394857
1859,2_2_1_0,0,-1.0,0.394659
1860,2_6_0_1,4,1.5,0.394462
1861,2_3_0_1,3,1.0,0.394265
1862,1_7_0_1,1,3.0,0.394068
1863,2_5_0_0,5,2.0,0.393871
1864,1_3_0_0,1,0.0,0.393674
1865,3_0_0_1,3,1.0,0.393477
1866,3_2_0_1,5,0.0,0.39328
1867,3_3_0_1,1,3.0,0.393083
1868,3_5_0_0,3,2.0,0.392887
1869,1_7_1_1,0,9.0,0.39269
1870,2_4_1_0,1,2.0,0.392494
1871,3_0_0_0,2,-2.0,0.392298
1872,1_1_1_1,0,9.0,0.392102
1873,1_5_0_0,3,2.0,0.391906
1874,2_5_1_1,0,9.0,0.39171
1875,1_6_1_1,4,7.0,0.391514
1876,2_4_1_0,1,2.0,0.391318
1877,3_6_1_0,3,-14.0,0.391122
1878,1_6_0_0,5,2.0,0.390927
1879,1_7_1_1,0,9.0,0.390731
1880,1_1_1_0,5,3.0,0.390536
1881,1_5_0_1,0,1.5,0.390341
1882,3_5_1_0,0,3.0,0.390146
1883,3_4_1_0,3,-14.0,0.389951
1884,3_6_0_0,5,2.0,0.389756
1885,2_5_0_1,4,1.5,0.389561
1886,2_3_1_0,1,6.0,0.389366
1887,1_4_1_1,4,7.0,0.389171
1888,1_4_0_0,3,2.0,0.388977
1889,3_4_0_0,1,-4.0,0.388782
1890,2_3_1_0,1,6.0,0.388588
1891,3_3_0_1,1,3.0,0.388393
1892,1_1_1_0,1,2.0,0.388199
1893,2_2_0_0,3,2.0,0.388005
1894,2_7_0_1,2,0.0,0.387811
1895,1_3_0_1,0,1.5,0.387617
1896,3_0_0_0,0,-8.5,0.387423
1897,1_5_1_1,0,9.0,0.38723
1898,2_4_1_0,0,-1.0,0.387036
1899,1_6_0_1,1,3.0,0.386843
1900,1_3_0_1,1,3.0,0.386649
1901,2_7_0_0,3,2.0,0.386456
1902,3_5_1_0,0,3.0,0.386263
1903,2_0_1_1,1,5.0,0.386069
1904,2_1_1_0,5,3.0,0.385876
1905,2_5_1_0,1,2.0,0.385683
1906,2_0_1_0,5,3.0,0.385491
1907,3_4_0_0,5,2.0,0.385298
1908,3_2_0_0,3,2.0,0.385105
1909,2_6_1_0,1,6.0,0.384913
1910,2_0_0_0,5,2.0,0.38472
1911,2_5_1_0,5,3.0,0.384528
1912,1_4_0_1,3,1.0,0.384336
1913,3_7_1_0,3,-14.0,0.384143
1914,3_2_1_0,1,6.0,0.383951
1915,3_1_1_1,0,9.0,0.383759
1916,1_1_1_0,5,3.0,0.383568
1917,3_2_0_1,0,-2.5,0.383376
1918,3_4_0_1,4,1.5,0.383184
1919,3_0_0_0,3,2.0,0.382992
1920,3_0_1_1,0,5.0,0.382801
1921,2_1_1_0,0,3.0,0.38261
1922,1_3_0_1,4,1.5,0.382418
1923,3_4_0_0,5,2.0,0.382227
1924,1_2_1_1,5,1.0,0.382036
1925,2_5_1_0,1,2.0,0.381845
1926,1_3_1_1,0,9.0,0.381654
1927,2_1_0_0,2,-2.0,0.381463
1928,2_0_0_0,5,2.0,0.381272
1929,2_4_0_0,3,2.0,0.381082
1930,1_1_1_0,5,3.0,0.380891
1931,2_7_1_1,0,9.0,0.380701
1932,2_6_0_0,1,0.0,0.38051
1933,3_2_0_0,3,2.0,0.38032
1934,3_1_0_0,3,2.0,0.38013
1935,1_2_1_0,5,3.0,0.37994
1936,2_1_0_1,3,1.0,0.37975
1937,2_3_1_1,4,7.0,0.37956
1938,2_5_0_1,4,1.5,0.37937
1939,2_1_0_0,5,2.0,0.379181
1940,2_1_1_1,4,7.0,0.378991
1941,2_4_1_0,5,3.0,0.378802
1942,1_7_1_1,0,9.0,0.378612
1943,1_4_0_0,3,2.0,0.378423
1944,2_1_1_0,5,3.0,0.378234
1945,2_5_0_0,5,2.0,0.378045
1946,2_0_0_0,5,2.0,0.377856
1947,3_3_0_0,5,2.0,0.377667
1948,2_6_1_0,1,6.0,0.377478
1949,1_4_0_0,3,2.0,0.377289
1950,1_6_1_1,4,7.0,0.3771
1951,1_1_1_1,2,-9.0,0.376912
1952,3_3_0_1,1,3.0,0.376723
1953,1_5_0_0,3,2.0,0.376535
1954,1_7_0_1,1,3.0,0.376347
1955,1_4_0_1,3,1.0,0.376159
1956,2_5_0_0,5,2.0,0.375971
1957,1_4_0_1,3,1.0,0.375783
1958,2_3_1_1,0,9.0,0.375595
1959,3_2_0_1,4,1.5,0.375407
1960,2_0_0_1,5,0.0,0.375219
1961,3_4_1_0,1,2.0,0.375032
1962,1_4_1_0,5,3.0,0.374844
1963,3_7_0_1,4,1.5,0.374657
1964,1_4_1_1,4,7.0,0.374469
1965,3_6_0_0,3,2.0,0.374282
1966,1_0_0_1,3,1.0,0.374095
1967,3_4_1_1,0,5.0,0.373908
1968,2_5_0_1,4,1.5,0.373721
1969,2_3_1_0,1,6.0,0.373534
1970,1_4_0_0,0,-8.5,0.373347
1971,3_6_0_0,5,2.0,0.373161
1972,3_6_0_1,3,1.0,0.372974
1973,2_2_1_1,4,7.0,0.372788
1974,1_1_1_1,0,9.0,0.372601
1975,1_7_0_0,5,2.0,0.372415
1976,1_5_0_0,3,2.0,0.372229
1977,2_7_0_0,3,2.0,0.372042
1978,2_0_1_1,1,5.0,0.371856
1979,2_6_0_1,3,1.0,0.371671
1980,1_4_0_0,3,2.0,0.371485
1981,2_0_1_1,1,5.0,0.371299
1982,3_2_1_1,3,-15.0,0.371113
1983,3_5_0_1,1,-1.0,0.370928
1984,3_4_0_0,2,2.0,0.370742
1985,3_3_0_0,5,2.0,0.370557
1986,1_3_0_1,2,-4.0,0.370372
1987,3_5_0_1,2,0.0,0.370186
1988,3_5_1_1,0,9.0,0.370001
1989,2_1_1_1,4,7.0,0.369816
1990,3_4_1_0,5,3.0,0.369631
1991,3_1_1_0,0,3.0,0.369447
1992,1_0_1_1,2,-9.0,0.369262
1993,3_4_0_1,4,1.5,0.369077
1994,3_6_1_1,4,7.0,0.368893
1995,2_4_0_0,1,-4.0,0.368708
1996,1_6_0_0,1,0.0,0.368524
1997,2_0_1_1,3,-15.0,0.36834
1998,1_7_1_1,0,9.0,0.368156
1999,1_5_1_0,4,1.0,0.367971
2000,2_2_1_1,2,-9.0,0.367787
2001,1_2_1_0,1,6.0,0.367604
2002,2_7_1_0,4,1.0,0.36742
2003,2_4_1_1,5,1.0,0.367236
2004,1_2_1_1,4,7.0,0.367052
2005,2_5_0_0,5,2.0,0.366869
2006,1_7_0_0,2,2.0,0.366685
2007,1_4_0_0,3,2.0,0.366502
2008,2_6_1_0,1,6.0,0.366319
2009,1_0_0_0,4,-4.5,0.366136
2010,3_7_1_1,1,9.0,0.365953
2011,1_0_0_0,0,-8.5,0.36577
2012,3_2_0_1,4,1.5,0.365587
2013,2_6_0_0,1,0.0,0.365404
2014,2_0_1_1,1,5.0,0.365221
2015,2_2_0_1,2,-4.0,0.365039
2016,1_5_0_1,0,1.5,0.364856
2017,1_2_0_1,0,-2.5,0.364674
2018,1_0_0_0,3,2.0,0.364491
2019,1_6_0_0,2,2.0,0.364309
2020,3_6_0_1,4,1.5,0.364127
2021,1_0_0_0,3,2.0,0.363945
2022,2_3_1_1,1,9.0,0.363763
2023,3_0_1_0,4,1.0,0.363581
2024,3_4_1_1,0,5.0,0.363399
2025,1_6_1_1,4,7.0,0.363218
2026,3_6_1_0,1,6.0,0.363036
2027,1_0_0_0,3,2.0,0.362854
2028,1_0_1_0,1,2.0,0.362673
2029,3_2_1_0,1,6.0,0.362492
2030,2_7_1_1,0,9.0,0.36231
2031,2_0_0_0,5,2.0,0.362129
2032,3_6_1_1,3,-15.0,0.361948
2033,2_2_0_1,3,1.0,0.361767
2034,3_6_1_1,0,5.0,0.361586
2035,2_5_0_0,5,2.0,0.361406
2036,1_4_1_1,1,5.0,0.361225
2037,3_0_0_0,5,2.0,0.361044
2038,3_7_1_1,4,7.0,0.360864
2039,3_3_1_1,1,9.0,0.360683
2040,2_5_0_0,5,2.0,0.360503
2041,3_7_0_1,3,1.0,0.360323
2042,2_7_0_0,3,2.0,0.360143
2043,2_4_0_0,3,2.0,0.359962
2044,1_3_0_0,5,2.0,0.359783
2045,2_0_0_0,2,-2.0,0.359603
2046,1_7_1_1,0,9.0,0.359423
2047,3_0_0_0,5,2.0,0.359243
2048,1_7_0_0,2,2.0,0.359063
2049,3_6_1_1,0,5.0,0.358884
2050,1_0_1_0,0,-1.0,0.358705
2051,2_2_0_1,0,-2.5,0.358525
2052,3_7_1_0,1,6.0,0.358346
2053,3_4_0_0,5,2.0,0.358167
2054,2_1_0_1,0,1.5,0.357988
2055,2_0_0_1,4,1.5,0.357809
2056,3_5_1_0,0,3.0,0.35763
2057,1_7_0_0,2,2.0,0.357451
2058,1_7_0_0,2,2.0,0.357272
2059,3_2_1_1,1,9.0,0.357094
2060,3_1_1_0,2,-7.0,0.356915
2061,3_3_1_0,0,3.0,0.356737
2062,1_7_1_0,1,6.0,0.356558
2063,3_0_0_1,3,1.0,0.35638
2064,2_3_1_1,0,9.0,0.356202
2065,2_1_1_1,4,7.0,0.356024
2066,3_4_1_1,0,5.0,0.355846
2067,3_2_1_1,1,9.0,0.355668
2068,3_0_1_1,0,5.0,0.35549
2069,3_5_1_1,2,-5.0,0.355312
2070,3_2_0_1,4,1.5,0.355134
2071,3_5_1_0,2,-3.0,0.354957
2072,3_4_1_0,5,3.0,0.354779
2073,1_6_0_1,1,3.0,0.354602
2074,2_6_1_0,1,6.0,0.354425
2075,3_7_0_1,3,1.0,0.354247
2076,2_0_1_1,1,5.0,0.35407
2077,2_5_0_1,4,1.5,0.353893
2078,3_2_0_0,1,0.0,0.353716
2079,2_6_1_0,5,3.0,0.35354
2080,2_6_1_0,1,6.0,0.353363
2081,3_7_0_1,4,1.5,0.353186
2082,1_3_1_0,1,6.0,0.353009
2083,3_1_1_1,0,9.0,0.352833
2084,3_7_0_0,2,2.0,0.352657
2085,3_4_1_0,3,-14.0,0.35248
2086,2_6_1_0,3,-14.0,0.352304
2087,2_2_0_1,4,1.5,0.352128
2088,1_7_0_0,2,2.0,0.351952
2089,2_3_1_0,1,6.0,0.351776
2090,1_3_1_1,5,1.0,0.3516
2091,3_7_1_0,1,6.0,0.351424
2092,3_6_1_1,3,-15.0,0.351248
2093,2_1_0_0,5,2.0,0.351073
2094,1_2_0_0,3,2.0,0.350897
2095,1_0_1_1,4,7.0,0.350722
2096,2_6_0_0,1,0.0,0.350546
2097,3_1_0_0,3,2.0,0.350371
2098,2_1_1_1,4,7.0,0.350196
2099,1_3_1_1,4,7.0,0.350021
2100,2_7_0_1,1,3.0,0.349846
2101,1_0_0_0,0,-8.5,0.349671
2102,2_5_1_1,0,9.0,0.349496
2103,1_5_1_1,0,9.0,0.349321
2104,3_4_0_0,2,2.0,0.349147
2105,2_1_1_0,0,3.0,0.348972
2106,2_1_1_0,5,3.0,0.348798
2107,1_5_1_1,0,9.0,0.348623
2108,2_6_1_1,5,1.0,0.348449
2109,1_4_1_0,1,2.0,0.348275
2110,3_4_1_1,0,5.0,0.348101
2111,3_1_0_1,0,1.5,0.347927
2112,3_5_0_1,0,1.5,0.347753
2113,1_3_0_0,5,2.0,0.347579
2114,3_3_1_1,1,9.0,0.347405
2115,2_7_1_0,0,3.0,0.347231
2116,2_6_0_0,5,2.0,0.347058
2117,2_5_0_0,5,2.0,0.346884
2118,3_7_1_1,4,7.0,0.346711
2119,2_4_0_1,4,1.5,0.346537
2120,1_5_0_1,0,1.5,0.346364
2121,1_7_1_1,0,9.0,0.346191
2122,2_3_1_1,5,1.0,0.346018
2123,1_0_1_0,5,3.0,0.345845
2124,1_4_1_0,5,3.0,0.345672
2125,3_7_1_1,4,7.0,0.345499
2126,3_1_0_0,3,2.0,0.345326
2127,2_5_1_1,0,9.0,0.345154
2128,2_1_1_1,4,7.0,0.344981
2129,3_0_0_0,5,2.0,0.344808
2130,3_1_0_0,3,2.0,0.344636
2131,3_6_0_1,1,3.0,0.344464
2132,2_5_0_0,5,2.0,0.344292
2133,1_7_1_0,1,6.0,0.344119
2134,1_7_1_1,1,9.0,0.343947
2135,1_1_0_1,2,-4.0,0.343775
2136,2_5_1_1,2,-5.0,0.343603
2137,1_3_1_0,1,6.0,0.343432
2138,3_6_0_0,5,2.0,0.34326
2139,2_2_0_1,4,1.5,0.343088
2140,2_6_0_1,4,1.5,0.342917
2141,2_3_1_0,1,6.0,0.342745
2142,1_4_1_0,5,3.0,0.342574
2143,1_3_1_0,5,3.0,0.342403
2144,1_6_1_1,3,-15.0,0.342231
2145,2_0_1_1,1,5.0,0.34206
2146,2_4_1_0,5,3.0,0.341889
2147,1_2_0_1,0,-2.5,0.341718
2148,3_4_0_0,5,2.0,0.341547
2149,3_5_1_0,0,3.0,0.341377
2150,2_4_1_1,0,5.0,0.341206
2151,3_3_0_0,5,2.0,0.341035
2152,1_6_1_0,4,1.0,0.340865
2153,3_5_1_0,0,3.0,0.340694
2154,2_5_0_1,1,-1.0,0.340524
2155,1_0_1_1,4,7.0,0.340354
2156,2_3_1_1,3,-15.0,0.340184
2157,1_4_0_1,3,1.0,0.340014
2158,3_5_1_1,0,9.0,0.339844
2159,2_4_0_0,3,2.0,0.339674
2160,2_4_0_0,2,2.0,0.339504
2161,2_6_1_1,1,9.0,0.339334
2162,1_4_0_0,3,2.0,0.339164
2163,1_0_1_0,5,3.0,0.338995
2164,3_1_1_0,0,3.0,0.338825
2165,1_2_1_0,1,6.0,0.338656
2166,3_7_0_1,3,1.0,0.338487
2167,1_0_1_1,4,7.0,0.338317
2168,3_6_1_0,0,-1.0,0.338148
2169,3_4_1_0,3,-14.0,0.337979
2170,1_6_0_0,2,2.0,0.33781
2171,3_0_1_0,2,-7.0,0.337641
2172,2_2_1_0,1,6.0,0.337472
2173,1_7_1_0,1,6.0,0.337304
2174,1_2_0_1,3,1.0,0.337135
2175,2_7_0_0,3,2.0,0.336966
2176,1_2_0_1,3,1.0,0.336798
2177,3_0_1_1,0,5.0,0.33663
2178,2_2_0_0,1,0.0,0.336461
2179,1_5_0_0,3,2.0,0.336293
2180,2_3_1_0,1,6.0,0.336125
2181,2_3_0_0,0,-4.5,0.335957
2182,1_4_1_1,0,5.0,0.335789
2183,3_2_1_0,1,6.0,0.335621
2184,2_6_0_0,2,2.0,0.335453
2185,1_5_1_0,1,2.0,0.335285
2186,1_1_1_1,5,1.0,0.335118
2187,2_1_1_0,5,3.0,0.33495
2188,3_1_0_0,3,2.0,0.334783
2189,3_1_0_1,0,1.5,0.334615
2190,3_1_0_0,3,2.0,0.334448
2191,2_0_1_0,5,3.0,0.334281
2192,1_1_0_1,0,1.5,0.334114
2193,3_7_0_0,2,2.0,0.333947
2194,1_2_1_0,1,6.0,0.33378
2195,2_5_0_0,5,2.0,0.333613
2196,2_2_1_0,1,6.0,0.333446
2197,2_3_1_1,4,7.0,0.333279
2198,3_0_1_1,0,5.0,0.333113
2199,1_4_1_1,4,7.0,0.332946
2200,2_2_0_1,4,1.5,0.33278
2201,1_2_1_1,1,9.0,0.332613
2202,3_1_1_1,4,7.0,0.332447
2203,2_5_1_1,3,-15.0,0.332281
2204,2_2_1_0,4,1.0,0.332114
2205,2_4_0_0,3,2.0,0.331948
2206,1_1_1_0,5,3.0,0.331782
2207,3_1_0_1,0,1.5,0.331617
2208,1_1_0_0,3,2.0,0.331451
2209,3_3_1_1,1,9.0,0.331285
2210,3_7_0_1,3,1.0,0.331119
2211,3_4_1_1,1,5.0,0.330954
2212,2_3_1_1,3,-15.0,0.330788
2213,1_5_1_1,0,9.0,0.330623
2214,1_3_1_1,4,7.0,0.330458
2215,3_4_1_1,0,5.0,0.330292
2216,1_0_1_1,5,1.0,0.330127
2217,2_4_0_1,4,1.5,0.329962
2218,2_3_0_0,5,2.0,0.329797
2219,1_5_0_1,0,1.5,0.329632
2220,2_3_1_0,1,6.0,0.329467
2221,3_3_1_0,0,3.0,0.329303
2222,1_6_0_1,1,3.0,0.329138
2223,2_2_1_0,1,6.0,0.328974
2224,1_3_0_1,1,3.0,0.328809
2225,2_5_0_1,4,1.5,0.328645
2226,1_4_1_0,0,-1.0,0.32848
2227,1_2_1_0,1,6.0,0.328316
2228,3_0_0_1,5,0.0,0.328152
2229,3_6_1_0,0,-1.0,0.327988
2230,1_7_0_0,2,2.0,0.327824
2231,1_2_0_1,3,1.0,0.32766
2232,3_2_0_1,4,1.5,0.327496
2233,3_1_1_1,0,9.0,0.327332
2234,1_7_1_0,1,6.0,0.327169
2235,2_6_0_1,4,1.5,0.327005
2236,1_2_0_1,5,0.0,0.326842
2237,2_3_1_0,1,6.0,0.326678
2238,3_5_0_0,3,2.0,0.326515
2239,1_2_0_0,3,2.0,0.326352
2240,1_3_0_0,5,2.0,0.326188
2241,3_4_0_1,4,1.5,0.326025
2242,1_6_0_1,1,3.0,0.325862
2243,2_0_0_0,2,-2.0,0.325699
2244,2_3_0_1,0,1.5,0.325537
2245,1_7_1_0,1,6.0,0.325374
2246,3_6_1_0,1,6.0,0.325211
2247,3_7_0_1,1,3.0,0.325048
2248,1_3_0_0,5,2.0,0.324886
2249,2_6_1_0,1,6.0,0.324724
2250,3_7_1_1,4,7.0,0.324561
2251,1_2_1_0,1,6.0,0.324399
2252,1_1_0_1,0,1.5,0.324237
2253,1_1_0_1,0,1.5,0.324075
2254,3_0_0_1,5,0.0,0.323913
2255,2_0_1_1,1,5.0,0.323751
2256,2_2_0_0,3,2.0,0.323589
2257,2_6_1_1,1,9.0,0.323427
2258,3_3_1_0,0,3.0,0.323265
2259,1_1_1_1,0,9.0,0.323104
2260,1_2_1_1,4,7.0,0.322942
2261,1_1_1_1,3,-15.0,0.322781
2262,1_6_0_0,2,2.0,0.322619
2263,3_1_1_0,4,1.0,0.322458
2264,3_4_1_0,5,3.0,0.322297
2265,2_6_1_1,1,9.0,0.322135
2266,2_4_1_1,0,5.0,0.321974
2267,3_4_0_0,5,2.0,0.321813
2268,2_6_1_0,1,6.0,0.321652
2269,1_6_1_1,1,9.0,0.321492
2270,2_5_0_1,4,1.5,0.321331
2271,1_6_1_1,4,7.0,0.32117
2272,2_4_1_1,1,5.0,0.32101
2273,3_5_0_0,0,-4.5,0.320849
2274,1_0_0_1,1,-1.0,0.320689
2275,2_0_0_1,4,1.5,0.320528
2276,2_2_0_0,5,2.0,0.320368
2277,2_6_1_1,1,9.0,0.320208
2278,1_2_1_0,1,6.0,0.320048
2279,2_1_1_0,5,3.0,0.319888
2280,2_7_0_1,4,1.5,0.319728
2281,2_3_1_1,0,9.0,0.319568
2282,2_4_0_0,3,2.0,0.319408
2283,1_4_1_1,4,7.0,0.319249
2284,2_1_1_1,3,-15.0,0.319089
2285,2_6_0_1,4,1.5,0.318929
2286,2_1_0_0,4,-4.5,0.31877
2287,3_3_0_1,1,3.0,0.31861
2288,2_5_0_0,5,2.0,0.318451
2289,3_5_0_1,3,1.0,0.318292
2290,1_2_0_1,3,1.0,0.318133
2291,2_2_1_0,1,6.0,0.317974
2292,2_4_1_0,4,1.0,0.317815
2293,3_3_1_0,4,1.0,0.317656
2294,1_1_0_1,3,1.0,0.317497
2295,1_5_1_0,1,2.0,0.317338
2296,3_6_0_1,1,3.0,0.31718
2297,2_3_0_1,4,1.5,0.317021
2298,1_7_1_1,0,9.0,0.316863
2299,3_0_0_0,5,2.0,0.316704
2300,1_7_0_0,2,2.0,0.316546
2301,2_7_1_0,1,6.0,0.316387
2302,3_0_0_0,5,2.0,0.316229
2303,2_5_1_0,1,2.0,0.316071
2304,1_2_1_0,1,6.0,0.315913
2305,3_4_0_0,5,2.0,0.315755
2306,1_0_1_0,4,1.0,0.315597
2307,2_4_1_0,1,2.0,0.315439
2308,1_1_0_0,3,2.0,0.315282
2309,3_4_0_1,5,0.0,0.315124
2310,3_6_1_1,4,7.0,0.314967
2311,1_0_0_0,3,2.0,0.314809
2312,2_0_1_0,5,3.0,0.314652
2313,3_6_0_1,1,3.0,0.314494
2314,1_0_1_0,5,3.0,0.314337
2315,2_1_1_1,4,7.0,0.31418
2316,3_0_0_1,5,0.0,0.314023
2317,2_1_1_1,2,-9.0,0.313866
2318,3_1_1_0,0,3.0,0.313709
2319,2_6_0_0,1,0.0,0.313552
2320,3_1_1_1,0,9.0,0.313395
2321,3_1_1_1,1,5.0,0.313239
2322,3_7_1_1,4,7.0,0.313082
2323,3_7_0_0,2,2.0,0.312925
2324,3_6_1_0,1,6.0,0.312769
2325,3_2_0_1,4,1.5,0.312613
2326,1_4_0_1,3,1.0,0.312456
2327,2_7_1_1,0,9.0,0.3123
2328,3_7_0_1,5,0.0,0.312144
2329,2_0_0_1,4,1.5,0.311988
2330,3_1_0_1,0,1.5,0.311832
2331,2_2_1_0,1,6.0,0.311676
2332,1_6_1_1,5,1.0,0.31152
2333,2_3_0_1,1,3.0,0.311364
2334,2_2_1_0,1,6.0,0.311209
2335,3_4_0_0,3,2.0,0.311053
2336,2_1_1_0,1,2.0,0.310897
2337,1_4_0_0,3,2.0,0.310742
2338,3_6_0_0,5,2.0,0.310587
2339,2_4_0_0,0,-8.5,0.310431
2340,1_5_1_0,0,3.0,0.310276
2341,2_3_1_1,0,9.0,0.310121
2342,3_0_0_0,5,2.0,0.309966
2343,2_7_0_0,3,2.0,0.309811
2344,1_3_0_1,3,1.0,0.309656
2345,2_6_1_1,5,1.0,0.309501
2346,2_3_1_0,1,6.0,0.309346
2347,2_3_1_0,1,6.0,0.309192
2348,1_1_1_1,0,9.0,0.309037
2349,1_4_0_1,5,0.0,0.308883
2350,1_1_0_0,3,2.0,0.308728
2351,3_4_0_0,5,2.0,0.308574
2352,2_7_0_0,3,2.0,0.30842
2353,2_4_0_0,3,2.0,0.308265
2354,3_1_0_0,3,2.0,0.308111
2355,1_7_0_1,0,1.5,0.307957
2356,3_7_0_0,2,2.0,0.307803
2357,2_3_0_0,3,2.0,0.307649
2358,3_2_0_1,2,-4.0,0.307495
2359,2_6_1_1,2,-5.0,0.307342
2360,3_5_0_1,0,1.5,0.307188
2361,2_6_0_1,2,0.0,0.307034
2362,2_0_1_0,5,3.0,0.306881
2363,3_2_1_0,1,6.0,0.306728
2364,2_6_1_0,2,-3.0,0.306574
2365,2_4_1_0,1,2.0,0.306421
2366,1_0_0_0,2,-2.0,0.306268
2367,3_6_0_0,5,2.0,0.306115
2368,2_4_1_0,1,2.0,0.305961
2369,2_7_0_1,1,3.0,0.305808
2370,3_7_1_1,4,7.0,0.305656
2371,3_1_1_1,1,5.0,0.305503
2372,2_6_0_0,1,0.0,0.30535
2373,1_5_0_0,3,2.0,0.305197
2374,2_7_0_1,1,3.0,0.305045
2375,3_4_0_0,5,2.0,0.304892
2376,2_1_1_1,4,7.0,0.30474
2377,2_2_1_0,0,-1.0,0.304587
2378,2_6_0_1,4,1.5,0.304435
2379,1_7_1_1,0,9.0,0.304283
2380,2_7_1_1,0,9.0,0.304131
2381,1_2_1_1,5,1.0,0.303979
2382,3_4_0_0,2,2.0,0.303827
2383,3_1_1_1,0,9.0,0.303675
2384,2_2_0_1,1,3.0,0.303523
2385,1_0_0_1,3,1.0,0.303371
2386,1_4_1_0,5,3.0,0.303219
2387,3_6_0_0,5,2.0,0.303068
2388,2_3_0_1,0,1.5,0.302916
2389,1_6_1_1,0,5.0,0.302765
2390,2_2_0_0,3,2.0,0.302614
2391,1_3_0_0,5,2.0,0.302462
2392,1_3_0_0,5,2.0,0.302311
2393,1_6_0_1,1,3.0,0.30216
2394,3_5_1_1,0,9.0,0.302009
2395,2_2_1_0,1,6.0,0.301858
2396,1_4_1_0,5,3.0,0.301707
2397,3_0_0_0,2,-2.0,0.301556
2398,2_6_1_1,1,9.0,0.301405
2399,2_0_1_0,5,3.0,0.301254
2400,2_5_1_1,5,1.0,0.301104
2401,3_4_1_0,5,3.0,0.300953
2402,2_0_1_0,5,3.0,0.300803
2403,2_1_0_0,5,2.0,0.300652
2404,2_3_1_0,1,6.0,0.300502
2405,1_7_1_0,4,1.0,0.300352
2406,2_5_0_0,4,-4.5,0.300202
2407,2_1_0_1,0,1.5,0.300052
2408,1_1_1_1,0,9.0,0.299902
2409,3_2_0_0,3,2.0,0.299752
2410,2_4_1_0,1,2.0,0.299602
2411,2_1_0_1,2,-4.0,0.299452
2412,1_1_1_1,0,9.0,0.299302
2413,3_2_0_1,4,1.5,0.299153
2414,1_1_1_1,0,9.0,0.299003
2415,1_2_1_1,4,7.0,0.298853
2416,3_4_0_0,2,2.0,0.298704
2417,2_7_0_0,0,-4.5,0.298555
2418,2_4_0_1,5,0.0,0.298405
2419,2_2_0_0,3,2.0,0.298256
2420,2_7_1_1,1,9.0,0.298107
2421,2_2_1_0,1,6.0,0.297958
2422,2_3_0_1,3,1.0,0.297809
2423,3_0_1_0,4,1.0,0.29766
2424,3_0_1_1,0,5.0,0.297511
2425,1_6_0_0,0,-8.5,0.297363
2426,1_5_0_0,3,2.0,0.297214
2427,1_0_0_0,3,2.0,0.297065
2428,2_5_0_0,5,2.0,0.296917
2429,1_1_0_1,2,-4.0,0.296768
2430,3_7_0_0,2,2.0,0.29662
2431,1_4_0_0,4,-4.5,0.296472
2432,3_3_0_0,1,0.0,0.296323
2433,2_1_0_1,0,1.5,0.296175
2434,2_1_1_0,5,3.0,0.296027
2435,1_4_1_0,5,3.0,0.295879
2436,2_0_1_0,4,1.0,0.295731
2437,3_2_1_1,3,-15.0,0.295583
2438,3_0_1_1,0,5.0,0.295435
2439,2_4_1_1,0,5.0,0.295288
2440,1_7_0_0,2,2.0,0.29514
2441,1_6_0_0,3,2.0,0.294993
2442,3_5_1_0,1,2.0,0.294845
2443,3_5_1_1,0,9.0,0.294698
2444,3_3_0_1,1,3.0,0.29455
2445,3_6_0_0,5,2.0,0.294403
2446,2_2_1_0,2,-7.0,0.294256
2447,3_1_0_1,0,1.5,0.294109
2448,3_0_0_0,5,2.0,0.293962
2449,2_0_1_0,0,-1.0,0.293815
2450,2_5_1_1,0,9.0,0.293668
2451,3_2_1_1,1,9.0,0.293521
2452,1_1_1_0,5,3.0,0.293374
2453,1_5_0_1,0,1.5,0.293227
2454,2_6_0_0,3,2.0,0.293081
2455,2_4_0_0,3,2.0,0.292934
2456,3_5_1_1,4,7.0,0.292788
2457,3_7_0_0,2,2.0,0.292641
2458,3_3_1_1,1,9.0,0.292495
2459,3_4_1_1,0,5.0,0.292349
2460,3_5_1_0,0,3.0,0.292203
2461,3_0_1_0,4,1.0,0.292057
2462,1_6_1_1,5,1.0,0.291911
2463,3_3_1_0,0,3.0,0.291765
2464,2_2_1_0,2,-7.0,0.291619
2465,3_0_1_0,4,1.0,0.291473
2466,1_2_1_0,1,6.0,0.291327
2467,2_1_1_1,4,7.0,0.291182
2468,3_2_1_1,5,1.0,0.291036
2469,1_2_1_1,5,1.0,0.29089
2470,1_7_1_0,3,-14.0,0.290745
2471,2_6_1_0,1,6.0,0.2906
2472,2_7_1_0,3,-14.0,0.290454
2473,2_6_0_1,4,1.5,0.290309
2474,2_6_0_0,5,2.0,0.290164
2475,3_5_1_0,0,3.0,0.290019
2476,2_2_0_0,3,2.0,0.289874
2477,1_0_0_1,3,1.0,0.289729
2478,2_6_1_1,1,9.0,0.289584
2479,3_3_1_1,1,9.0,0.289439
2480,1_3_0_0,5,2.0,0.289294
2481,2_1_0_1,0,1.5,0.28915
2482,3_5_0_0,3,2.0,0.289005
2483,1_6_1_1,4,7.0,0.288861
2484,2_6_1_1,1,9.0,0.288716
2485,2_7_1_0,1,6.0,0.288572
2486,2_3_1_1,1,9.0,0.288428
2487,2_5_0_0,5,2.0,0.288283
2488,2_6_0_1,4,1.5,0.288139
2489,3_3_0_0,3,2.0,0.287995
2490,2_6_1_1,1,9.0,0.287851
2491,1_0_0_1,3,1.0,0.287707
2492,2_4_1_0,1,2.0,0.287563
2493,3_6_1_1,4,7.0,0.28742
2494,2_4_1_0,1,2.0,0.287276
2495,3_3_0_0,5,2.0,0.287132
2496,3_1_1_0,0,3.0,0.286989
2497,1_6_1_0,2,-3.0,0.286845
2498,1_7_0_1,1,3.0,0.286702
2499,2_1_0_0,5,2.0,0.286559
2500,2_6_1_1,1,9.0,0.286415
2501,2_6_1_1,1,9.0,0.286272
2502,2_7_0_0,3,2.0,0.286129
2503,3_0_1_1,0,5.0,0.285986
2504,2_5_0_1,4,1.5,0.285843
2505,1_3_1_0,5,3.0,0.2857
2506,1_7_1_1,3,-15.0,0.285557
2507,3_5_1_1,1,5.0,0.285414
2508,2_4_0_1,4,1.5,0.285272
2509,1_2_1_1,4,7.0,0.285129
2510,2_6_1_0,3,-14.0,0.284986
2511,3_5_1_0,0,3.0,0.284844
2512,2_6_1_0,1,6.0,0.284701
2513,3_7_1_1,4,7.0,0.284559
2514,2_7_1_1,0,9.0,0.284417
2515,2_1_1_1,4,7.0,0.284275
2516,3_0_0_0,5,2.0,0.284132
2517,2_4_1_1,0,5.0,0.28399
2518,3_4_1_1,0,5.0,0.283848
2519,3_0_0_0,5,2.0,0.283707
2520,1_4_1_1,4,7.0,0.283565
2521,1_3_1_1,4,7.0,0.283423
2522,1_0_1_0,5,3.0,0.283281
2523,1_0_0_1,3,1.0,0.28314
2524,3_7_0_0,3,2.0,0.282998
2525,3_7_1_1,4,7.0,0.282856
2526,3_0_1_1,0,5.0,0.282715
2527,1_5_1_0,1,2.0,0.282574
2528,1_4_1_0,4,1.0,0.282432
2529,1_3_0_1,1,3.0,0.282291
2530,1_5_1_0,1,2.0,0.28215
2531,1_4_0_1,3,1.0,0.282009
2532,1_2_1_1,4,7.0,0.281868
2533,3_5_0_1,0,1.5,0.281727
2534,2_7_0_1,1,3.0,0.281586
2535,3_4_0_0,1,-4.0,0.281445
2536,2_0_0_1,4,1.5,0.281305
2537,1_0_0_1,3,1.0,0.281164
2538,2_4_0_0,3,2.0,0.281023
2539,2_0_0_1,4,1.5,0.280883
2540,3_4_0_0,5,2.0,0.280742
2541,1_1_0_0,3,2.0,0.280602
2542,1_7_1_0,1,6.0,0.280462
2543,1_0_0_1,3,1.0,0.280322
2544,2_0_1_1,1,5.0,0.280181
2545,2_7_1_0,1,6.0,0.280041
2546,2_7_0_0,3,2.0,0.279901
2547,2_6_1_1,1,9.0,0.279761
2548,2_6_1_1,4,7.0,0.279621
2549,3_6_0_1,1,3.0,0.279482
2550,1_6_0_0,2,2.0,0.279342
2551,1_0_1_1,2,-9.0,0.279202
2552,2_5_0_1,4,1.5,0.279063
2553,3_3_0_1,5,0.0,0.278923
2554,2_4_1_1,5,1.0,0.278784
2555,2_4_1_0,2,-3.0,0.278644
2556,2_7_1_1,0,9.0,0.278505
2557,2_5_0_1,4,1.5,0.278366
2558,3_2_1_0,1,6.0,0.278226
2559,2_3_1_0,1,6.0,0.278087
2560,2_1_0_0,5,2.0,0.277948
2561,3_4_1_1,0,5.0,0.277809
2562,2_5_1_0,4,1.0,0.27767
2563,3_2_1_1,1,9.0,0.277532
2564,1_5_1_1,0,9.0,0.277393
2565,3_3_1_1,2,-9.0,0.277254
2566,1_0_0_1,3,1.0,0.277116
2567,3_4_0_1,0,-2.5,0.276977
2568,1_2_1_0,1,6.0,0.276838
2569,3_7_0_1,3,1.0,0.2767
2570,1_5_1_1,0,9.0,0.276562
2571,2_1_1_1,5,1.0,0.276423
2572,1_6_0_1,1,3.0,0.276285
2573,3_1_0_1,1,-1.0,0.276147
2574,1_1_0_1,0,1.5,0.276009
2575,1_2_0_1,3,1.0,0.275871
2576,3_3_0_1,1,3.0,0.275733
2577,2_3_1_0,1,6.0,0.275595
2578,3_3_1_0,0,3.0,0.275457
2579,3_0_0_1,2,-4.0,0.27532
2580,3_3_1_1,5,1.0,0.275182
2581,3_1_0_1,0,1.5,0.275044
2582,2_7_0_0,3,2.0,0.274907
2583,3_6_1_0,3,-14.0,0.274769
2584,1_4_0_1,3,1.0,0.274632
2585,2_2_0_0,3,2.0,0.274495
2586,2_7_0_1,1,3.0,0.274357
2587,3_2_0_1,4,1.5,0.27422
2588,3_2_1_1,1,9.0,0.274083
2589,3_1_0_1,1,-1.0,0.273946
2590,3_3_1_1,1,9.0,0.273809
2591,1_7_0_1,0,1.5,0.273672
2592,2_4_0_1,4,1.5,0.273535
2593,1_0_0_0,3,2.0,0.273399
2594,3_7_0_0,1,0.0,0.273262
2595,3_1_1_1,0,9.0,0.273125
2596,2_7_0_1,1,3.0,0.272989
2597,3_4_0_0,4,-4.5,0.272852
2598,3_5_1_1,0,9.0,0.272716
2599,1_5_0_0,3,2.0,0.272579
2600,2_1_1_1,1,5.0,0.272443
2601,1_5_1_0,1,2.0,0.272307
2602,1_1_1_0,5,3.0,0.272171
2603,2_5_0_1,4,1.5,0.272035
2604,2_0_1_1,1,5.0,0.271899
2605,1_2_0_0,3,2.0,0.271763
2606,3_4_0_0,5,2.0,0.271627
2607,2_0_1_0,0,-1.0,0.271491
2608,3_5_1_1,0,9.0,0.271355
2609,1_5_0_1,0,1.5,0.27122
2610,1_1_0_1,3,1.0,0.271084
2611,1_3_1_0,2,-7.0,0.270949
2612,3_7_0_1,3,1.0,0.270813
2613,3_5_0_1,5,0.0,0.270678
2614,2_1_1_1,1,5.0,0.270542
2615,3_3_0_0,5,2.0,0.270407
2616,3_5_1_1,5,1.0,0.270272
2617,1_7_1_1,0,9.0,0.270137
2618,1_1_0_1,0,1.5,0.270002
2619,3_6_0_1,1,3.0,0.269867
2620,1_2_1_1,4,7.0,0.269732
2621,2_4_1_0,1,2.0,0.269597
2622,3_1_1_0,3,-14.0,0.269462
2623,2_0_1_1,1,5.0,0.269327
2624,1_2_1_0,1,6.0,0.269193
2625,2_1_0_0,5,2.0,0.269058
2626,1_4_0_1,3,1.0,0.268923
2627,2_4_0_1,4,1.5,0.268789
2628,3_7_1_1,4,7.0,0.268655
2629,2_4_1_0,1,2.0,0.26852
2630,1_7_1_1,0,9.0,0.268386
2631,1_2_0_1,3,1.0,0.268252
2632,1_2_1_0,1,6.0,0.268118
2633,2_6_0_1,4,1.5,0.267984
2634,3_2_1_0,1,6.0,0.26785
2635,1_0_1_1,4,7.0,0.267716
2636,2_5_0_1,4,1.5,0.267582
2637,2_5_0_0,5,2.0,0.267448
2638,3_7_0_1,0,1.5,0.267314
2639,1_0_1_1,4,7.0,0.267181
2640,3_7_0_0,2,2.0,0.267047
2641,2_5_1_1,5,1.0,0.266914
2642,1_5_1_0,1,2.0,0.26678
2643,1_2_0_1,3,1.0,0.266647
2644,1_5_1_0,1,2.0,0.266513
2645,3_2_0_0,5,2.0,0.26638
2646,2_5_0_0,5,2.0,0.266247
2647,3_5_0_1,0,1.5,0.266114
2648,3_3_1_1,1,9.0,0.265981
2649,3_7_0_0,2,2.0,0.265848
2650,3_6_0_1,1,3.0,0.265715
2651,2_3_0_1,3,1.0,0.265582
2652,3_2_0_0,3,2.0,0.265449
2653,3_1_0_0,3,2.0,0.265317
2654,1_4_1_1,5,1.0,0.265184
2655,2_2_1_1,4,7.0,0.265051
2656,3_3_0_1,5,0.0,0.264919
2657,3_3_1_0,0,3.0,0.264786
2658,1_5_1_0,2,-3.0,0.264654
2659,2_2_1_1,4,7.0,0.264522
2660,1_1_1_1,0,9.0,0.264389
2661,1_3_0_1,1,3.0,0.264257
2662,1_4_0_0,3,2.0,0.264125
2663,2_7_1_0,1,6.0,0.263993
2664,2_6_1_0,1,6.0,0.263861
2665,3_3_0_0,4,-4.5,0.263729
2666,3_1_0_0,3,2.0,0.263597
2667,2_2_0_0,3,2.0,0.263465
2668,3_6_0_1,5,0.0,0.263334
2669,1_6_1_0,1,6.0,0.263202
2670,1_5_0_1,0,1.5,0.26307
2671,2_7_0_1,1,3.0,0.262939
2672,2_7_0_1,5,0.0,0.262807
2673,1_2_1_1,4,7.0,0.262676
2674,1_5_1_0,1,2.0,0.262545
2675,1_2_0_1,0,-2.5,0.262413
2676,1_6_0_0,4,-4.5,0.262282
2677,2_1_1_0,5,3.0,0.262151
2678,3_5_1_0,0,3.0,0.26202
2679,1_5_1_0,1,2.0,0.261889
2680,1_6_1_0,1,6.0,0.261758
2681,1_3_1_0,1,6.0,0.261627
2682,3_0_0_1,3,1.0,0.261496
2683,1_4_0_0,3,2.0,0.261365
2684,1_7_0_1,1,3.0,0.261235
2685,1_0_0_0,3,2.0,0.261104
2686,3_4_1_1,0,5.0,0.260974
2687,1_5_1_0,1,2.0,0.260843
2688,3_0_1_1,1,5.0,0.260713
2689,1_4_1_1,4,7.0,0.260582
2690,3_5_1_0,0,3.0,0.260452
2691,2_1_0_1,0,1.5,0.260322
2692,1_2_0_1,3,1.0,0.260192
2693,1_3_1_1,4,7.0,0.260062
2694,2_5_1_0,2,-3.0,0.259932
2695,2_7_0_1,1,3.0,0.259802
2696,2_0_1_0,5,3.0,0.259672
2697,2_6_0_1,4,1.5,0.259542
2698,3_6_0_1,1,3.0,0.259412
2699,1_3_1_0,1,6.0,0.259282
2700,1_5_1_1,0,9.0,0.259153
2701,2_6_1_1,1,9.0,0.259023
2702,3_1_1_0,0,3.0,0.258894
2703,3_0_0_1,3,1.0,0.258764
2704,2_6_1_0,1,6.0,0.258635
2705,3_5_0_1,0,1.5,0.258506
2706,1_2_0_1,4,1.5,0.258376
2707,1_5_0_0,3,2.0,0.258247
2708,2_7_0_1,1,3.0,0.258118
2709,3_3_0_0,5,2.0,0.257989
2710,1_3_1_1,4,7.0,0.25786
2711,1_4_1_1,4,7.0,0.257731
2712,2_5_0_1,4,1.5,0.257602
2713,3_7_1_0,1,6.0,0.257473
2714,3_7_1_1,5,1.0,0.257345
2715,1_7_1_1,1,9.0,0.257216
2716,2_6_0_0,1,0.0,0.257087
2717,1_0_1_1,4,7.0,0.256959
2718,1_6_1_0,1,6.0,0.25683
2719,2_5_0_0,0,-4.5,0.256702
2720,1_1_1_1,0,9.0,0.256573
2721,3_2_0_0,3,2.0,0.256445
2722,1_2_1_0,1,6.0,0.256317
2723,1_3_1_1,4,7.0,0.256189
2724,2_1_0_1,0,1.5,0.256061
2725,1_6_1_1,4,7.0,0.255933
2726,3_2_0_0,3,2.0,0.255805
2727,2_3_0_0,4,-4.5,0.255677
2728,1_5_1_0,1,2.0,0.255549
2729,3_3_0_0,5,2.0,0.255421
2730,2_4_0_1,1,-1.0,0.255294
2731,1_7_0_1,1,3.0,0.255166
2732,1_0_1_1,4,7.0,0.255038
2733,2_4_1_1,2,-5.0,0.254911
2734,1_3_0_1,1,3.0,0.254783
2735,2_3_0_1,1,3.0,0.254656
2736,2_0_1_1,1,5.0,0.254529
2737,2_4_0_0,3,2.0,0.254401
2738,2_6_0_1,3,1.0,0.254274
2739,3_4_0_0,5,2.0,0.254147
2740,2_3_1_1,0,9.0,0.25402
2741,3_3_1_1,1,9.0,0.253893
2742,3_3_0_1,1,3.0,0.253766
2743,1_1_1_0,5,3.0,0.253639
2744,2_5_1_0,1,2.0,0.253512
2745,1_4_0_1,3,1.0,0.253385
2746,1_1_0_0,3,2.0,0.253259
2747,3_0_0_0,0,-8.5,0.253132
2748,3_2_1_1,1,9.0,0.253006
2749,2_0_0_1,4,1.5,0.252879
2750,2_1_1_0,5,3.0,0.252753
2751,1_2_0_1,3,1.0,0.252626
2752,3_1_1_1,3,-15.0,0.2525
2753,1_7_1_0,1,6.0,0.252374
2754,2_6_1_0,2,-3.0,0.252248
2755,2_4_1_1,5,1.0,0.252121
2756,1_3_0_0,5,2.0,0.251995
2757,1_3_0_1,1,3.0,0.251869
2758,2_7_0_0,3,2.0,0.251743
2759,3_7_1_1,4,7.0,0.251618
2760,2_7_0_0,3,2.0,0.251492
2761,2_0_1_1,1,5.0,0.251366
2762,1_4_0_1,3,1.0,0.25124
2763,2_3_1_1,0,9.0,0.251115
2764,1_7_0_1,1,3.0,0.250989
2765,3_4_0_1,4,1.5,0.250864
2766,1_0_1_1,4,7.0,0.250738
2767,3_0_0_0,2,-2.0,0.250613
2768,2_6_0_0,1,0.0,0.250488
2769,1_1_1_0,5,3.0,0.250362
2770,1_0_1_0,5,3.0,0.250237
2771,3_2_1_0,2,-7.0,0.250112
2772,1_4_0_0,3,2.0,0.249987
2773,2_0_1_0,5,3.0,0.249862
2774,2_5_0_1,4,1.5,0.249737
2775,2_3_1_1,0,9.0,0.249612
2776,2_2_0_1,4,1.5,0.249487
2777,2_7_0_1,3,1.0,0.249363
2778,3_1_1_1,0,9.0,0.249238
2779,1_5_0_1,0,1.5,0.249113
2780,1_3_1_1,1,9.0,0.248989
2781,1_5_1_0,1,2.0,0.248864
2782,3_5_1_0,0,3.0,0.24874
2783,2_4_1_0,0,-1.0,0.248615
2784,3_5_0_1,0,1.5,0.248491
2785,2_1_0_1,0,1.5,0.248367
2786,3_6_1_0,1,6.0,0.248243
2787,3_7_0_0,2,2.0,0.248119
2788,1_1_0_0,3,2.0,0.247995
2789,3_6_0_0,5,2.0,0.247871
2790,3_0_1_0,4,1.0,0.247747
2791,2_5_1_0,1,2.0,0.247623
2792,3_2_1_0,1,6.0,0.247499
2793,2_2_1_1,4,7.0,0.247375
2794,3_2_0_1,4,1.5,0.247251
2795,2_3_0_1,3,1.0,0.247128
2796,2_2_0_0,3,2.0,0.247004
2797,1_1_1_1,0,9.0,0.246881
2798,2_0_0_0,5,2.0,0.246757
2799,2_0_0_1,4,1.5,0.246634
2800,3_1_0_1,0,1.5,0.246511
2801,1_2_0_0,3,2.0,0.246387
2802,1_0_0_0,3,2.0,0.246264
2803,3_4_0_1,4,1.5,0.246141
2804,1_0_1_1,5,1.0,0.246018
2805,1_0_0_1,3,1.0,0.245895
2806,2_6_1_0,1,6.0,0.245772
2807,2_6_1_0,1,6.0,0.245649
2808,2_7_0_0,3,2.0,0.245526
2809,3_3_0_1,3,1.0,0.245404
2810,3_0_1_0,4,1.0,0.245281
2811,2_3_1_1,0,9.0,0.245158
2812,2_5_0_0,5,2.0,0.245036
2813,1_4_1_1,4,7.0,0.244913
2814,1_4_1_1,4,7.0,0.244791
2815,2_1_1_0,5,3.0,0.244668
2816,3_7_1_0,1,6.0,0.244546
2817,1_4_0_0,3,2.0,0.244424
2818,1_1_0_1,0,1.5,0.244301
2819,1_4_1_1,4,7.0,0.244179
2820,2_2_1_0,5,3.0,0.244057
2821,2_0_0_1,4,1.5,0.243935
2822,2_6_0_1,4,1.5,0.243813
2823,1_7_1_1,0,9.0,0.243691
2824,2_1_0_1,0,1.5,0.243569
2825,2_3_0_1,3,1.0,0.243448
2826,2_1_0_0,4,-4.5,0.243326
2827,2_4_1_0,1,2.0,0.243204
2828,1_2_1_0,1,6.0,0.243083
2829,1_1_1_0,5,3.0,0.242961
2830,2_7_0_0,3,2.0,0.24284
2831,3_0_1_0,4,1.0,0.242718
2832,3_0_0_1,1,-1.0,0.242597
2833,3_2_0_1,4,1.5,0.242476
2834,2_6_1_0,1,6.0,0.242354
2835,3_6_0_1,3,1.0,0.242233
2836,3_0_0_1,3,1.0,0.242112
2837,1_2_1_1,4,7.0,0.241991
2838,2_4_1_1,0,5.0,0.24187
2839,1_6_0_0,3,2.0,0.241749
2840,2_7_1_1,0,9.0,0.241628
2841,3_4_1_1,1,5.0,0.241507
2842,3_3_0_1,3,1.0,0.241387
2843,2_3_0_0,3,2.0,0.241266
2844,1_6_0_0,2,2.0,0.241145
2845,3_5_1_0,0,3.0,0.241025
2846,3_4_0_0,5,2.0,0.240904
2847,3_0_0_0,2,-2.0,0.240784
2848,2_4_0_1,4,1.5,0.240663
2849,3_5_1_0,5,3.0,0.240543
2850,2_7_0_0,3,2.0,0.240423
2851,3_3_1_1,1,9.0,0.240303
2852,2_7_1_0,1,6.0,0.240182
2853,2_2_1_1,4,7.0,0.240062
2854,3_7_0_0,2,2.0,0.239942
2855,3_0_0_0,5,2.0,0.239822
2856,1_4_1_0,5,3.0,0.239702
2857,2_3_1_0,1,6.0,0.239583
2858,3_2_1_1,1,9.0,0.239463
2859,1_3_1_0,3,-14.0,0.239343
2860,1_5_1_0,1,2.0,0.239223
2861,1_0_0_1,3,1.0,0.239104
2862,1_3_1_1,3,-15.0,0.238984
2863,2_5_0_1,4,1.5,0.238865
2864,3_0_1_1,0,5.0,0.238745
2865,1_2_0_1,3,1.0,0.238626
2866,3_7_1_0,1,6.0,0.238507
2867,3_3_0_1,1,3.0,0.238387
2868,1_0_1_0,5,3.0,0.238268
2869,2_7_1_0,3,-14.0,0.238149
2870,1_2_0_1,3,1.0,0.23803
2871,1_5_0_0,3,2.0,0.237911
2872,1_0_1_1,3,-15.0,0.237792
2873,1_0_1_1,4,7.0,0.237673
2874,1_0_0_1,2,-4.0,0.237554
2875,2_2_0_1,4,1.5,0.237435
2876,3_6_0_0,4,-4.5,0.237317
2877,1_3_0_0,5,2.0,0.237198
2878,2_7_0_1,1,3.0,0.237079
2879,1_2_1_0,1,6.0,0.236961
2880,1_2_0_0,3,2.0,0.236842
2881,2_3_0_1,3,1.0,0.236724
2882,3_1_0_1,0,1.5,0.236606
2883,3_3_1_0,0,3.0,0.236487
2884,2_6_0_0,1,0.0,0.236369
2885,1_3_1_0,1,6.0,0.236251
2886,2_7_0_0,3,2.0,0.236133
2887,2_0_1_0,5,3.0,0.236015
2888,1_2_0_0,4,-4.5,0.235897
2889,2_5_0_1,4,1.5,0.235779
2890,3_2_1_1,1,9.0,0.235661
2891,2_7_0_1,1,3.0,0.235543
2892,1_7_0_0,2,2.0,0.235425
2893,1_7_0_1,1,3.0,0.235308
2894,2_2_0_0,3,2.0,0.23519
2895,3_4_0_0,5,2.0,0.235072
2896,3_3_1_0,1,6.0,0.234955
2897,3_5_1_0,0,3.0,0.234837
2898,1_5_0_0,3,2.0,0.23472
2899,2_0_0_1,5,0.0,0.234603
2900,2_5_1_0,1,2.0,0.234485
2901,3_4_1_1,0,5.0,0.234368
2902,1_4_0_1,3,1.0,0.234251
2903,2_3_0_1,0,1.5,0.234134
2904,2_5_0_1,3,1.0,0.234017
2905,3_6_0_0,5,2.0,0.2339
2906,1_1_0_0,3,2.0,0.233783
2907,3_4_1_0,5,3.0,0.233666
2908,1_5_1_0,1,2.0,0.233549
2909,3_6_1_0,1,6.0,0.233432
2910,2_7_1_1,0,9.0,0.233315
2911,3_3_1_1,1,9.0,0.233199
2912,1_2_0_0,3,2.0,0.233082
2913,3_7_0_0,2,2.0,0.232966
2914,1_5_0_0,3,2.0,0.232849
2915,3_3_0_1,1,3.0,0.232733
2916,2_4_1_1,0,5.0,0.232616
2917,1_6_0_0,2,2.0,0.2325
2918,1_4_0_1,2,0.0,0.232384
2919,3_2_0_0,3,2.0,0.232268
2920,2_6_0_1,0,-2.5,0.232151
2921,3_1_1_0,0,3.0,0.232035
2922,2_7_0_0,1,0.0,0.231919
2923,3_2_1_0,1,6.0,0.231803
2924,2_4_1_0,1,2.0,0.231688
2925,1_3_0_1,1,3.0,0.231572
2926,1_5_0_0,5,2.0,0.231456
2927,3_6_0_1,1,3.0,0.23134
2928,3_6_0_1,4,1.5,0.231225
2929,3_4_1_1,3,-15.0,0.231109
2930,3_7_1_1,4,7.0,0.230993
2931,3_1_1_0,0,3.0,0.230878
2932,3_5_0_0,3,2.0,0.230762
2933,2_4_1_1,0,5.0,0.230647
2934,3_2_1_1,0,5.0,0.230532
2935,2_4_0_0,3,2.0,0.230416
2936,1_6_0_1,1,3.0,0.230301
2937,2_4_0_0,3,2.0,0.230186
2938,3_7_0_1,3,1.0,0.230071
2939,3_0_0_1,3,1.0,0.229956
2940,2_0_0_1,4,1.5,0.229841
2941,1_5_0_1,0,1.5,0.229726
2942,2_3_0_0,3,2.0,0.229611
2943,2_2_1_0,1,6.0,0.229496
2944,1_3_0_0,5,2.0,0.229382
2945,2_7_0_0,3,2.0,0.229267
2946,1_4_1_0,5,3.0,0.229152
2947,3_1_0_1,0,1.5,0.229038
2948,2_7_0_1,1,3.0,0.228923
2949,1_5_0_1,2,0.0,0.228809
2950,2_0_0_0,5,2.0,0.228694
2951,2_2_1_1,4,7.0,0.22858
2952,1_0_1_1,4,7.0,0.228466
2953,2_1_0_0,3,2.0,0.228351
2954,1_4_1_1,4,7.0,0.228237
2955,2_0_0_1,4,1.5,0.228123
2956,2_5_1_1,0,9.0,0.228009
2957,1_5_1_1,0,9.0,0.227895
2958,3_2_0_1,4,1.5,0.227781
2959,3_3_1_0,0,3.0,0.227667
2960,3_1_0_1,0,1.5,0.227553
2961,3_1_1_1,0,9.0,0.22744
2962,1_4_0_0,5,2.0,0.227326
2963,3_4_1_1,0,5.0,0.227212
2964,1_7_1_0,3,-14.0,0.227099
2965,2_7_1_1,0,9.0,0.226985
2966,1_1_1_0,5,3.0,0.226872
2967,1_3_0_0,5,2.0,0.226758
2968,2_2_0_0,0,-8.5,0.226645
2969,1_1_0_0,1,-4.0,0.226532
2970,3_4_1_1,0,5.0,0.226418
2971,3_1_1_1,0,9.0,0.226305
2972,1_3_1_0,1,6.0,0.226192
2973,1_2_1_1,4,7.0,0.226079
2974,1_5_1_0,5,3.0,0.225966
2975,1_4_0_1,3,1.0,0.225853
2976,1_1_1_1,0,9.0,0.22574
2977,2_6_1_0,1,6.0,0.225627
2978,2_4_0_0,1,-4.0,0.225514
2979,3_2_1_1,1,9.0,0.225401
2980,3_0_0_0,5,2.0,0.225289
2981,3_7_1_0,1,6.0,0.225176
2982,1_5_0_1,0,1.5,0.225063
2983,3_7_0_0,2,2.0,0.224951
2984,2_4_0_0,3,2.0,0.224838
2985,3_5_1_0,0,3.0,0.224726
2986,1_4_0_1,3,1.0,0.224614
2987,3_4_0_0,5,2.0,0.224501
2988,3_0_0_1,3,1.0,0.224389
2989,1_1_1_0,5,3.0,0.224277
2990,1_0_0_0,3,2.0,0.224165
2991,2_0_1_1,1,5.0,0.224053
2992,3_5_0_0,3,2.0,0.223941
2993,2_1_1_0,5,3.0,0.223829
2994,3_5_0_1,0,1.5,0.223717
2995,1_1_1_1,0,9.0,0.223605
2996,2_4_1_0,3,-14.0,0.223493
2997,1_3_0_1,1,3.0,0.223381
2998,2_5_0_0,5,2.0,0.22327
2999,2_4_0_1,1,-1.0,0.223158
3000,2_0_0_1,4,1.5,0.223046
3001,2_0_0_0,5,2.0,0.222935
3002,1_3_1_1,4,7.0,0.222823
3003,3_5_1_0,2,-3.0,0.222712
3004,1_5_1_1,0,9.0,0.222601
3005,3_0_0_1,3,1.0,0.222489
3006,2_0_0_1,4,1.5,0.222378
3007,2_3_1_1,0,9.0,0.222267
3008,2_1_0_1,0,1.5,0.222156
3009,1_3_1_1,4,7.0,0.222045
3010,3_4_0_0,5,2.0,0.221934
3011,2_0_0_0,5,2.0,0.221823
3012,3_0_1_0,4,1.0,0.221712
3013,3_6_1_1,4,7.0,0.221601
3014,2_3_1_1,4,7.0,0.22149
3015,2_2_1_0,1,6.0,0.221379
3016,3_4_1_1,0,5.0,0.221269
3017,2_7_0_1,3,1.0,0.221158
3018,1_6_1_0,1,6.0,0.221048
3019,2_5_0_1,4,1.5,0.220937
3020,1_3_1_0,1,6.0,0.220827
3021,1_4_1_1,4,7.0,0.220716
3022,2_1_0_0,5,2.0,0.220606
3023,3_4_0_0,5,2.0,0.220495
3024,3_2_1_1,1,9.0,0.220385
3025,2_0_0_0,5,2.0,0.220275
3026,2_3_1_0,3,-14.0,0.220165
3027,3_7_0_0,2,2.0,0.220055
3028,1_5_0_1,0,1.5,0.219945
3029,3_6_0_1,1,3.0,0.219835
3030,2_4_1_1,0,5.0,0.219725
3031,2_6_0_1,4,1.5,0.219615
3032,1_0_1_1,4,7.0,0.219505
3033,1_3_1_1,3,-15.0,0.219395
3034,1_0_1_1,4,7.0,0.219286
3035,2_6_0_1,4,1.5,0.219176
3036,1_3_1_1,4,7.0,0.219067
3037,3_6_0_1,1,3.0,0.218957
3038,1_3_0_0,1,0.0,0.218848
3039,1_6_1_0,1,6.0,0.218738
3040,3_6_0_1,1,3.0,0.218629
3041,2_6_0_1,4,1.5,0.218519
3042,3_3_1_0,0,3.0,0.21841
3043,2_2_1_0,1,6.0,0.218301
3044,1_0_0_0,3,2.0,0.218192
3045,2_6_1_1,1,9.0,0.218083
3046,1_7_0_1,4,1.5,0.217974
3047,2_2_0_1,4,1.5,0.217865
3048,3_1_1_0,0,3.0,0.217756
3049,3_6_0_1,1,3.0,0.217647
3050,3_3_1_1,1,9.0,0.217538
3051,3_2_1_0,1,6.0,0.217429
3052,1_7_0_1,1,3.0,0.217321
3053,1_6_1_1,5,1.0,0.217212
3054,3_5_0_0,3,2.0,0.217103
3055,1_6_1_1,4,7.0,0.216995
3056,3_2_0_1,4,1.5,0.216886
3057,2_0_1_1,1,5.0,0.216778
3058,2_7_1_0,4,1.0,0.216669
3059,2_5_1_1,0,9.0,0.216561
3060,1_1_1_0,5,3.0,0.216453
3061,1_3_1_0,1,6.0,0.216345
3062,3_0_1_1,0,5.0,0.216236
3063,2_4_0_0,3,2.0,0.216128
3064,3_3_0_1,1,3.0,0.21602
3065,3_4_1_0,5,3.0,0.215912
3066,3_0_0_1,3,1.0,0.215804
3067,2_5_0_1,4,1.5,0.215696
3068,1_1_0_1,0,1.5,0.215589
3069,1_3_0_1,3,1.0,0.215481
3070,2_2_1_0,4,1.0,0.215373
3071,1_2_1_0,0,-1.0,0.215265
3072,3_4_1_0,5,3.0,0.215158
3073,3_0_0_0,5,2.0,0.21505
3074,3_0_0_0,5,2.0,0.214943
3075,1_2_0_0,3,2.0,0.214835
3076,3_5_1_1,0,9.0,0.214728
3077,2_4_1_0,1,2.0,0.21462
3078,1_1_0_0,3,2.0,0.214513
3079,2_2_0_0,3,2.0,0.214406
3080,3_0_1_0,4,1.0,0.214299
3081,2_0_1_1,1,5.0,0.214191
3082,2_7_1_0,1,6.0,0.214084
3083,3_3_1_1,1,9.0,0.213977
3084,1_0_1_1,4,7.0,0.21387
3085,2_0_0_0,5,2.0,0.213763
3086,2_1_1_0,5,3.0,0.213656
3087,3_4_0_0,5,2.0,0.21355
3088,1_1_1_1,3,-15.0,0.213443
3089,2_5_1_0,1,2.0,0.213336
3090,1_2_1_0,1,6.0,0.213229
3091,1_3_0_1,1,3.0,0.213123
3092,3_6_1_0,1,6.0,0.213016
3093,3_1_0_0,3,2.0,0.21291
3094,3_0_0_0,5,2.0,0.212803
3095,2_2_1_1,4,7.0,0.212697
3096,1_5_0_1,0,1.5,0.212591
3097,3_2_1_1,4,7.0,0.212484
3098,2_7_0_0,3,2.0,0.212378
3099,1_3_1_0,1,6.0,0.212272
3100,3_7_0_0,2,2.0,0.212166
3101,3_5_1_0,0,3.0,0.21206
3102,3_1_1_0,0,3.0,0.211954
3103,2_6_0_1,2,0.0,0.211848
3104,3_6_1_1,4,7.0,0.211742
3105,2_4_1_1,3,-15.0,0.211636
3106,1_4_0_1,3,1.0,0.21153
3107,2_3_0_0,3,2.0,0.211424
3108,3_7_1_1,5,1.0,0.211319
3109,1_3_1_1,4,7.0,0.211213
3110,2_5_1_1,0,9.0,0.211107
3111,1_5_0_0,2,2.0,0.211002
3112,3_4_1_0,3,-14.0,0.210896
3113,1_3_0_0,5,2.0,0.210791
3114,1_1_0_1,0,1.5,0.210685
3115,1_7_0_1,2,0.0,0.21058
3116,1_7_1_1,0,9.0,0.210475
3117,3_0_0_0,5,2.0,0.21037
3118,1_3_0_1,1,3.0,0.210264
3119,3_3_0_1,1,3.0,0.210159
3120,2_1_1_1,4,7.0,0.210054
3121,3_5_1_0,0,3.0,0.209949
3122,1_5_1_1,4,7.0,0.209844
3123,2_2_0_1,4,1.5,0.209739
3124,3_2_0_0,3,2.0,0.209634
3125,2_1_0_1,0,1.5,0.209529
3126,2_7_0_1,1,3.0,0.209425
3127,2_2_1_0,1,6.0,0.20932
3128,2_3_0_0,3,2.0,0.209215
3129,2_1_0_1,3,1.0,0.209111
3130,1_3_1_1,4,7.0,0.209006
3131,1_2_0_1,3,1.0,0.208902
3132,3_0_0_1,3,1.0,0.208797
3133,3_7_1_1,4,7.0,0.208693
3134,3_3_0_1,4,1.5,0.208588
3135,3_6_0_0,5,2.0,0.208484
3136,1_5_1_1,4,7.0,0.20838
3137,1_3_1_0,1,6.0,0.208276
3138,1_3_0_1,1,3.0,0.208172
3139,3_0_0_0,5,2.0,0.208068
3140,1_2_0_1,3,1.0,0.207964
3141,1_1_0_0,3,2.0,0.20786
3142,1_0_0_0,3,2.0,0.207756
3143,3_0_1_0,4,1.0,0.207652
3144,1_7_0_1,1,3.0,0.207548
3145,2_3_0_1,3,1.0,0.207444
3146,3_1_1_1,0,9.0,0.20734
3147,1_1_1_1,0,9.0,0.207237
3148,2_0_1_1,3,-15.0,0.207133
3149,1_6_1_0,1,6.0,0.20703
3150,3_5_0_0,3,2.0,0.206926
3151,1_5_0_0,3,2.0,0.206823
3152,3_3_1_0,0,3.0,0.206719
3153,3_6_1_0,1,6.0,0.206616
3154,2_1_0_0,5,2.0,0.206512
3155,2_3_1_1,0,9.0,0.206409
3156,3_1_0_0,3,2.0,0.206306
3157,1_7_1_0,2,-3.0,0.206203
3158,3_6_1_0,1,6.0,0.2061
3159,1_1_0_1,0,1.5,0.205997
3160,2_6_1_0,1,6.0,0.205894
3161,1_6_0_1,1,3.0,0.205791
3162,3_0_0_1,2,-4.0,0.205688
3163,2_3_0_1,3,1.0,0.205585
3164,2_4_0_1,4,1.5,0.205482
3165,2_1_0_0,5,2.0,0.20538
3166,1_7_1_1,0,9.0,0.205277
3167,1_7_0_1,1,3.0,0.205174
3168,3_5_0_1,0,1.5,0.205072
3169,3_3_1_1,1,9.0,0.204969
3170,1_4_0_1,5,0.0,0.204867
3171,3_3_1_0,0,3.0,0.204764
3172,1_6_0_1,1,3.0,0.204662
3173,2_2_0_0,3,2.0,0.204559
3174,2_5_1_0,1,2.0,0.204457
3175,3_5_0_0,1,-4.0,0.204355
3176,1_5_0_0,3,2.0,0.204253
3177,1_3_0_0,5,2.0,0.204151
3178,2_1_0_1,0,1.5,0.204049
3179,2_2_1_0,2,-7.0,0.203947
3180,2_4_1_1,0,5.0,0.203845
3181,1_2_1_1,3,-15.0,0.203743
3182,1_4_0_0,3,2.0,0.203641
3183,1_1_0_1,0,1.5,0.203539
3184,1_2_0_1,1,3.0,0.203437
3185,3_5_1_0,0,3.0,0.203335
3186,1_7_0_0,2,2.0,0.203234
3187,2_3_0_1,3,1.0,0.203132
3188,3_0_1_1,0,5.0,0.203031
3189,1_3_0_1,0,1.5,0.202929
3190,2_7_0_1,4,1.5,0.202828
3191,3_6_0_1,1,3.0,0.202726
3192,1_7_0_1,1,3.0,0.202625
3193,1_1_0_1,3,1.0,0.202524
3194,3_4_0_1,4,1.5,0.202422
3195,3_0_0_0,5,2.0,0.202321
3196,2_6_0_0,1,0.0,0.20222
3197,2_4_0_1,4,1.5,0.202119
3198,1_7_0_1,1,3.0,0.202018
3199,2_5_1_0,2,-3.0,0.201917
3200,3_2_1_1,2,-9.0,0.201816
3201,1_3_0_0,5,2.0,0.201715
3202,2_4_0_1,4,1.5,0.201614
3203,3_0_0_1,3,1.0,0.201513
3204,1_1_1_0,5,3.0,0.201412
3205,1_6_1_1,4,7.0,0.201312
3206,2_7_0_0,3,2.0,0.201211
3207,1_3_0_1,1,3.0,0.20111
3208,2_0_0_0,5,2.0,0.20101
3209,2_5_1_1,0,9.0,0.200909
3210,2_1_0_0,5,2.0,0.200809
3211,1_1_1_0,5,3.0,0.200709
3212,3_2_1_0,1,6.0,0.200608
3213,1_0_1_1,4,7.0,0.200508
3214,2_5_1_0,1,2.0,0.200408
3215,2_3_0_0,3,2.0,0.200307
3216,1_4_0_1,3,1.0,0.200207
3217,1_3_1_0,1,6.0,0.200107
3218,3_7_1_0,1,6.0,0.200007
3219,2_3_0_1,3,1.0,0.199907
3220,2_5_0_0,5,2.0,0.199807
3221,1_3_0_1,1,3.0,0.199707
3222,3_4_1_0,5,3.0,0.199607
3223,2_5_0_1,4,1.5,0.199508
3224,2_5_0_0,5,2.0,0.199408
3225,1_3_0_0,5,2.0,0.199308
3226,1_7_0_0,2,2.0,0.199208
3227,2_7_1_0,1,6.0,0.199109
3228,2_1_1_1,4,7.0,0.199009
3229,1_3_0_0,5,2.0,0.19891
3230,1_0_1_1,4,7.0,0.19881
3231,3_1_1_0,1,2.0,0.198711
3232,3_5_1_1,1,5.0,0.198612
3233,1_2_1_0,1,6.0,0.198512
3234,3_1_1_1,2,-9.0,0.198413
3235,1_1_0_0,3,2.0,0.198314
3236,3_7_0_1,3,1.0,0.198215
3237,1_6_0_1,1,3.0,0.198116
3238,1_4_0_0,3,2.0,0.198017
3239,2_5_0_0,5,2.0,0.197917
3240,2_1_0_0,5,2.0,0.197819
3241,3_3_1_0,0,3.0,0.19772
3242,2_6_1_0,1,6.0,0.197621
3243,3_7_1_0,1,6.0,0.197522
3244,3_4_1_0,3,-14.0,0.197423
3245,2_0_1_0,5,3.0,0.197324
3246,1_4_0_1,3,1.0,0.197226
3247,2_4_1_0,1,2.0,0.197127
3248,2_5_1_1,0,9.0,0.197029
3249,2_4_0_0,3,2.0,0.19693
3250,1_1_1_0,5,3.0,0.196832
3251,2_3_0_1,3,1.0,0.196733
3252,2_2_1_0,1,6.0,0.196635
3253,3_1_1_0,0,3.0,0.196537
3254,2_3_1_1,2,-9.0,0.196438
3255,1_3_0_1,1,3.0,0.19634
3256,3_3_0_0,5,2.0,0.196242
3257,2_0_1_1,1,5.0,0.196144
3258,1_1_1_0,5,3.0,0.196046
3259,3_5_0_1,0,1.5,0.195948
3260,2_5_1_0,1,2.0,0.19585
3261,1_2_1_0,1,6.0,0.195752
3262,3_3_1_1,1,9.0,0.195654
3263,2_7_0_1,1,3.0,0.195556
3264,1_4_1_0,5,3.0,0.195458
3265,1_0_0_0,3,2.0,0.195361
3266,3_4_1_0,1,2.0,0.195263
3267,3_0_1_0,4,1.0,0.195165
3268,3_6_1_0,1,6.0,0.195068
3269,1_4_1_1,4,7.0,0.19497
3270,1_7_1_0,1,6.0,0.194873
3271,2_6_1_0,1,6.0,0.194775
3272,2_4_0_1,4,1.5,0.194678
3273,2_1_0_1,1,-1.0,0.194581
3274,1_7_1_0,1,6.0,0.194483
3275,3_3_0_0,5,2.0,0.194386
3276,2_1_0_0,5,2.0,0.194289
3277,3_2_0_1,4,1.5,0.194192
3278,1_6_1_1,0,5.0,0.194095
3279,1_5_1_0,1,2.0,0.193997
3280,2_5_1_0,1,2.0,0.193901
3281,3_7_0_1,3,1.0,0.193804
3282,1_4_1_1,4,7.0,0.193707
3283,2_0_1_0,5,3.0,0.19361
3284,1_2_1_1,4,7.0,0.193513
3285,2_4_1_1,0,5.0,0.193416
3286,1_1_0_0,3,2.0,0.19332
3287,1_4_1_1,4,7.0,0.193223
3288,2_4_0_0,3,2.0,0.193126
3289,3_4_0_1,4,1.5,0.19303
3290,2_2_0_0,3,2.0,0.192933
3291,2_1_1_1,4,7.0,0.192837
3292,2_6_0_1,4,1.5,0.19274
3293,1_1_0_1,0,1.5,0.192644
3294,3_1_0_0,3,2.0,0.192548
3295,2_4_0_0,3,2.0,0.192451
3296,2_4_1_0,3,-14.0,0.192355
3297,1_6_1_1,4,7.0,0.192259
3298,2_0_1_1,1,5.0,0.192163
3299,3_7_0_1,3,1.0,0.192067
3300,3_1_1_1,1,5.0,0.191971
3301,2_7_0_0,3,2.0,0.191875
3302,1_0_0_1,3,1.0,0.191779
3303,3_0_0_0,5,2.0,0.191683
3304,3_6_0_1,1,3.0,0.191587
3305,3_4_1_1,0,5.0,0.191491
3306,2_5_1_1,1,5.0,0.191395
3307,2_1_1_1,4,7.0,0.1913
3308,1_1_1_0,5,3.0,0.191204
3309,2_1_0_0,5,2.0,0.191109
3310,2_4_0_1,4,1.5,0.191013
3311,1_3_1_0,1,6.0,0.190917
3312,3_7_0_0,2,2.0,0.190822
3313,2_7_0_1,1,3.0,0.190727
3314,1_3_0_0,5,2.0,0.190631
3315,1_4_0_1,3,1.0,0.190536
3316,3_4_1_0,5,3.0,0.190441
3317,3_7_1_0,1,6.0,0.190345
3318,3_7_1_0,1,6.0,0.19025
3319,2_4_0_1,4,1.5,0.190155
3320,2_5_1_0,1,2.0,0.19006
3321,3_5_0_0,3,2.0,0.189965
3322,3_1_0_0,2,-2.0,0.18987
3323,3_1_1_1,0,9.0,0.189775
3324,3_5_1_1,0,9.0,0.18968
3325,1_7_0_1,1,3.0,0.189585
3326,2_3_0_1,3,1.0,0.189491
3327,1_6_1_0,1,6.0,0.189396
3328,2_6_0_1,4,1.5,0.189301
3329,1_3_1_1,4,7.0,0.189207
3330,2_5_1_1,0,9.0,0.189112
3331,2_3_0_1,3,1.0,0.189017
3332,1_2_0_0,3,2.0,0.188923
3333,1_6_0_0,2,2.0,0.188828
3334,2_6_1_1,1,9.0,0.188734
3335,3_2_0_0,3,2.0,0.18864
3336,3_7_1_1,4,7.0,0.188545
3337,2_4_0_1,4,1.5,0.188451
3338,1_4_1_0,5,3.0,0.188357
3339,2_5_0_0,5,2.0,0.188263
3340,3_0_0_0,5,2.0,0.188168
3341,3_0_0_0,5,2.0,0.188074
3342,1_3_1_1,4,7.0,0.18798
3343,1_3_0_1,1,3.0,0.187886
3344,3_6_0_0,1,0.0,0.187792
3345,2_3_0_0,3,2.0,0.187699
3346,3_5_0_1,0,1.5,0.187605
3347,2_1_0_0,5,2.0,0.187511
3348,2_7_0_1,1,3.0,0.187417
3349,3_3_1_1,1,9.0,0.187323
3350,2_6_1_0,1,6.0,0.18723
3351,1_7_0_0,2,2.0,0.187136
3352,1_4_1_1,2,-5.0,0.187043
3353,3_2_1_0,1,6.0,0.186949
3354,1_7_1_1,0,9.0,0.186856
3355,1_6_0_0,2,2.0,0.186762
3356,1_7_1_0,1,6.0,0.186669
3357,3_3_0_1,1,3.0,0.186575
3358,3_4_0_1,0,-2.5,0.186482
3359,2_2_1_0,1,6.0,0.186389
3360,2_0_0_1,4,1.5,0.186296
3361,2_2_1_1,4,7.0,0.186203
3362,3_3_0_0,5,2.0,0.186109
3363,2_5_1_1,0,9.0,0.186016
3364,3_2_0_0,3,2.0,0.185923
3365,2_5_1_1,4,7.0,0.18583
3366,2_4_1_0,1,2.0,0.185738
3367,2_0_0_1,4,1.5,0.185645
3368,2_7_0_0,3,2.0,0.185552
3369,3_7_0_0,2,2.0,0.185459
3370,1_1_1_0,5,3.0,0.185366
3371,3_7_0_1,2,0.0,0.185274
3372,2_4_0_1,4,1.5,0.185181
3373,2_3_0_1,3,1.0,0.185088
3374,1_2_0_1,3,1.0,0.184996
3375,3_2_1_1,1,9.0,0.184903
3376,2_3_1_1,0,9.0,0.184811
3377,3_3_1_0,0,3.0,0.184718
3378,3_2_1_1,1,9.0,0.184626
3379,2_5_1_0,1,2.0,0.184534
3380,1_4_1_1,4,7.0,0.184442
3381,3_5_1_0,0,3.0,0.184349
3382,1_2_0_0,3,2.0,0.184257
3383,2_6_0_0,1,0.0,0.184165
3384,1_6_1_1,4,7.0,0.184073
3385,3_6_1_1,4,7.0,0.183981
3386,2_4_0_1,4,1.5,0.183889
3387,2_4_0_1,4,1.5,0.183797
3388,3_4_0_1,4,1.5,0.183705
3389,1_2_0_1,5,0.0,0.183613
3390,1_1_0_1,0,1.5,0.183521
3391,1_3_0_1,1,3.0,0.18343
3392,2_0_1_0,4,1.0,0.183338
3393,1_2_0_0,3,2.0,0.183246
3394,3_3_0_1,1,3.0,0.183155
3395,2_1_0_0,5,2.0,0.183063
3396,2_2_0_0,1,0.0,0.182972
3397,2_1_1_0,5,3.0,0.18288
3398,2_1_0_0,5,2.0,0.182789
3399,1_3_0_1,1,3.0,0.182697
3400,2_6_0_0,1,0.0,0.182606
3401,3_4_0_0,5,2.0,0.182515
3402,1_6_1_1,4,7.0,0.182423
3403,1_4_0_1,3,1.0,0.182332
3404,1_3_0_1,1,3.0,0.182241
3405,2_2_0_0,4,-4.5,0.18215
3406,2_0_1_0,1,2.0,0.182059
3407,3_7_0_1,3,1.0,0.181968
3408,2_5_0_0,5,2.0,0.181877
3409,3_0_0_1,3,1.0,0.181786
3410,2_0_1_1,1,5.0,0.181695
3411,2_0_0_1,4,1.5,0.181604
3412,2_2_1_1,4,7.0,0.181513
3413,3_4_1_0,5,3.0,0.181422
3414,2_7_0_1,1,3.0,0.181332
3415,3_3_1_0,0,3.0,0.181241
3416,2_3_1_0,1,6.0,0.18115
3417,1_6_1_0,2,-3.0,0.18106
3418,3_2_0_0,3,2.0,0.180969
3419,1_3_1_1,0,9.0,0.180879
3420,1_3_0_1,1,3.0,0.180788
3421,3_6_1_1,5,1.0,0.180698
3422,3_6_1_1,2,-5.0,0.180608
3423,3_5_1_0,0,3.0,0.180517
3424,3_1_0_0,3,2.0,0.180427
3425,3_6_1_1,4,7.0,0.180337
3426,1_4_0_1,3,1.0,0.180247
3427,3_7_1_1,4,7.0,0.180157
3428,1_7_1_0,1,6.0,0.180067
3429,2_5_1_0,1,2.0,0.179977
3430,2_5_0_0,5,2.0,0.179887
3431,2_0_1_1,1,5.0,0.179797
3432,3_5_0_1,0,1.5,0.179707
3433,2_4_1_1,0,5.0,0.179617
3434,1_6_1_1,4,7.0,0.179527
3435,2_4_1_1,0,5.0,0.179437
3436,3_0_1_0,4,1.0,0.179348
3437,3_3_0_0,5,2.0,0.179258
3438,2_3_1_0,1,6.0,0.179168
3439,3_4_1_1,0,5.0,0.179079
3440,2_7_0_0,3,2.0,0.178989
3441,3_1_0_0,3,2.0,0.1789
3442,1_2_1_1,4,7.0,0.17881
3443,2_7_1_1,0,9.0,0.178721
3444,2_1_0_1,0,1.5,0.178631
3445,3_4_0_0,5,2.0,0.178542
3446,1_5_1_0,1,2.0,0.178453
3447,1_3_0_0,5,2.0,0.178364
3448,3_1_1_1,0,9.0,0.178274
3449,2_4_1_0,1,2.0,0.178185
3450,1_7_1_1,0,9.0,0.178096
3451,1_7_0_0,2,2.0,0.178007
3452,2_1_1_0,5,3.0,0.177918
3453,1_0_1_0,0,-1.0,0.177829
3454,1_5_0_0,3,2.0,0.17774
3455,3_3_1_0,5,3.0,0.177651
3456,1_0_0_1,3,1.0,0.177563
3457,2_1_0_0,2,-2.0,0.177474
3458,1_7_0_1,1,3.0,0.177385
3459,2_0_0_1,4,1.5,0.177296
3460,2_5_0_1,4,1.5,0.177208
3461,3_7_1_1,1,9.0,0.177119
3462,3_5_0_0,4,-4.5,0.177031
3463,1_7_0_1,1,3.0,0.176942
3464,1_3_1_0,1,6.0,0.176854
3465,2_1_0_0,5,2.0,0.176765
3466,3_6_1_0,1,6.0,0.176677
3467,2_6_0_0,1,0.0,0.176588
3468,1_6_1_1,4,7.0,0.1765
3469,3_7_1_0,1,6.0,0.176412
3470,3_4_0_0,5,2.0,0.176324
3471,3_4_1_1,0,5.0,0.176236
3472,3_0_1_0,4,1.0,0.176147
3473,1_1_0_0,1,-4.0,0.176059
3474,2_0_1_0,5,3.0,0.175971
3475,1_1_0_0,3,2.0,0.175883
3476,3_3_0_1,1,3.0,0.175795
3477,1_6_1_1,4,7.0,0.175707
3478,2_3_0_1,3,1.0,0.17562
3479,3_1_0_1,0,1.5,0.175532
3480,1_4_0_0,3,2.0,0.175444
3481,3_2_1_0,1,6.0,0.175356
3482,3_4_1_1,0,5.0,0.175269
3483,3_0_1_1,0,5.0,0.175181
3484,2_7_1_0,1,6.0,0.175093
3485,3_3_0_1,1,3.0,0.175006
3486,3_3_0_1,1,3.0,0.174918
3487,1_7_1_1,0,9.0,0.174831
3488,3_4_0_0,5,2.0,0.174743
3489,1_7_1_0,1,6.0,0.174656
3490,1_3_0_0,0,-4.5,0.174569
3491,1_0_1_1,4,7.0,0.174482
3492,1_7_0_0,2,2.0,0.174394
3493,3_6_1_0,1,6.0,0.174307
3494,2_4_0_0,3,2.0,0.17422
3495,2_4_0_0,3,2.0,0.174133
3496,1_7_0_1,1,3.0,0.174046
3497,2_1_1_0,3,-14.0,0.173959
3498,3_5_1_0,0,3.0,0.173872
3499,1_3_0_0,5,2.0,0.173785
3500,3_6_1_0,1,6.0,0.173698
3501,1_1_1_1,0,9.0,0.173611
3502,3_5_1_1,0,9.0,0.173524
3503,3_1_1_0,0,3.0,0.173437
3504,1_3_0_1,1,3.0,0.173351
3505,2_6_0_0,1,0.0,0.173264
3506,1_2_0_0,3,2.0,0.173177
3507,3_4_1_0,3,-14.0,0.173091
3508,1_4_1_0,5,3.0,0.173004
3509,3_2_0_0,3,2.0,0.172918
3510,1_1_1_0,5,3.0,0.172831
3511,2_0_0_0,5,2.0,0.172745
3512,3_7_1_1,4,7.0,0.172659
3513,2_6_0_0,1,0.0,0.172572
3514,2_7_1_0,1,6.0,0.172486
3515,1_0_1_1,4,7.0,0.1724
3516,2_3_0_1,3,1.0,0.172314
3517,2_4_0_0,3,2.0,0.172227
3518,3_6_1_1,4,7.0,0.172141
3519,2_3_1_1,0,9.0,0.172055
3520,3_5_0_0,0,-4.5,0.171969
3521,1_2_1_0,1,6.0,0.171883
3522,2_5_1_1,0,9.0,0.171797
3523,1_7_0_0,2,2.0,0.171711
3524,2_6_0_1,4,1.5,0.171625
3525,2_5_0_1,4,1.5,0.17154
3526,2_1_1_0,5,3.0,0.171454
3527,1_1_1_1,0,9.0,0.171368
3528,3_4_1_1,1,5.0,0.171282
3529,1_0_1_1,4,7.0,0.171197
3530,1_1_1_0,5,3.0,0.171111
3531,3_3_0_1,1,3.0,0.171026
3532,2_7_0_0,3,2.0,0.17094
3533,3_0_1_0,4,1.0,0.170855
3534,3_2_1_0,1,6.0,0.170769
3535,1_5_0_0,3,2.0,0.170684
3536,2_6_1_0,1,6.0,0.170599
3537,2_6_1_0,1,6.0,0.170513
3538,2_6_1_1,1,9.0,0.170428
3539,2_0_1_0,5,3.0,0.170343
3540,3_0_0_0,5,2.0,0.170258
3541,1_7_1_1,0,9.0,0.170172
3542,3_0_1_1,0,5.0,0.170087
3543,2_4_0_0,3,2.0,0.170002
3544,1_1_1_1,0,9.0,0.169917
3545,1_3_1_1,4,7.0,0.169832
3546,2_1_0_0,5,2.0,0.169747
3547,3_3_1_0,0,3.0,0.169663
3548,1_3_0_0,5,2.0,0.169578
3549,2_4_1_0,1,2.0,0.169493
3550,2_4_0_0,3,2.0,0.169408
3551,2_7_0_0,0,-4.5,0.169324
3552,3_0_1_1,0,5.0,0.169239
3553,3_3_1_0,0,3.0,0.169154
3554,1_3_0_0,5,2.0,0.16907
3555,3_3_0_1,1,3.0,0.168985
3556,1_1_1_1,0,9.0,0.168901
3557,1_4_0_1,3,1.0,0.168816
3558,3_0_1_0,4,1.0,0.168732
3559,1_2_0_0,3,2.0,0.168647
3560,2_0_1_0,5,3.0,0.168563
3561,1_6_0_0,2,2.0,0.168479
3562,1_3_0_0,5,2.0,0.168395
3563,1_5_0_1,0,1.5,0.16831
3564,2_6_1_1,1,9.0,0.168226
3565,2_1_0_1,3,1.0,0.168142
3566,1_2_0_0,3,2.0,0.168058
3567,2_2_0_1,5,0.0,0.167974
3568,2_0_1_1,1,5.0,0.16789
3569,2_0_0_1,4,1.5,0.167806
3570,3_0_0_1,3,1.0,0.167722
3571,1_0_1_1,4,7.0,0.167638
3572,2_2_1_1,4,7.0,0.167554
3573,1_4_1_0,5,3.0,0.167471
3574,2_6_0_1,4,1.5,0.167387
3575,2_1_1_1,4,7.0,0.167303
3576,3_2_1_0,1,6.0,0.16722
3577,3_4_1_0,5,3.0,0.167136
3578,2_5_0_0,5,2.0,0.167052
3579,1_1_1_0,4,1.0,0.166969
3580,2_0_0_1,4,1.5,0.166885
3581,3_2_0_0,3,2.0,0.166802
3582,1_5_0_0,3,2.0,0.166719
3583,2_4_1_1,0,5.0,0.166635
3584,2_5_1_0,4,1.0,0.166552
3585,3_3_0_0,1,0.0,0.166469
3586,1_2_0_1,3,1.0,0.166385
3587,1_2_1_0,1,6.0,0.166302
3588,1_7_1_0,2,-3.0,0.166219
3589,1_1_0_1,0,1.5,0.166136
3590,1_6_1_0,1,6.0,0.166053
3591,3_7_1_1,4,7.0,0.16597
3592,2_6_1_0,1,6.0,0.165887
3593,3_0_0_1,3,1.0,0.165804
3594,2_6_0_1,4,1.5,0.165721
3595,3_2_1_1,1,9.0,0.165638
3596,2_1_0_0,0,-4.5,0.165555
3597,2_5_0_1,4,1.5,0.165473
3598,2_5_1_1,0,9.0,0.16539
3599,1_0_0_0,3,2.0,0.165307
3600,2_0_1_1,4,7.0,0.165224
3601,1_3_1_0,1,6.0,0.165142
3602,2_2_1_1,4,7.0,0.165059
3603,1_1_0_0,3,2.0,0.164977
3604,3_5_1_0,3,-14.0,0.164894
3605,2_1_0_1,0,1.5,0.164812
3606,2_3_1_1,0,9.0,0.164729
3607,1_0_0_1,3,1.0,0.164647
3608,2_0_0_0,5,2.0,0.164565
3609,1_5_1_0,1,2.0,0.164482
3610,2_3_1_0,1,6.0,0.1644
3611,2_4_0_1,4,1.5,0.164318
3612,2_3_0_0,3,2.0,0.164236
3613,1_1_0_1,0,1.5,0.164154
3614,1_5_0_0,3,2.0,0.164072
3615,2_2_1_1,0,5.0,0.16399
3616,3_4_1_0,5,3.0,0.163908
3617,3_3_0_0,5,2.0,0.163826
3618,2_4_1_1,0,5.0,0.163744
3619,3_6_0_1,3,1.0,0.163662
3620,1_0_0_0,3,2.0,0.16358
3621,3_3_1_1,1,9.0,0.163498
3622,2_1_1_0,5,3.0,0.163417
3623,3_2_1_0,0,-1.0,0.163335
3624,3_3_0_0,5,2.0,0.163253
3625,1_4_0_0,3,2.0,0.163172
3626,2_3_0_0,3,2.0,0.16309
3627,1_0_1_0,5,3.0,0.163008
3628,3_3_1_1,1,9.0,0.162927
3629,3_5_0_1,0,1.5,0.162845
3630,3_0_0_1,3,1.0,0.162764
3631,2_1_1_1,4,7.0,0.162683
3632,3_6_0_1,3,1.0,0.162601
3633,1_5_0_1,0,1.5,0.16252
3634,1_7_1_1,0,9.0,0.162439
3635,2_6_0_1,4,1.5,0.162358
3636,1_7_0_1,1,3.0,0.162276
3637,2_7_1_1,0,9.0,0.162195
3638,3_0_1_1,0,5.0,0.162114
3639,2_0_1_1,1,5.0,0.162033
3640,3_6_0_0,0,-8.5,0.161952
3641,1_5_1_0,1,2.0,0.161871
3642,2_4_0_0,3,2.0,0.16179
3643,3_7_0_0,2,2.0,0.161709
3644,2_7_1_1,0,9.0,0.161628
3645,3_2_0_0,3,2.0,0.161548
3646,1_1_0_0,3,2.0,0.161467
3647,2_4_1_0,1,2.0,0.161386
3648,1_6_1_0,1,6.0,0.161305
3649,2_5_0_1,4,1.5,0.161225
3650,2_3_1_1,0,9.0,0.161144
3651,3_4_0_1,4,1.5,0.161064
3652,2_5_1_1,0,9.0,0.160983
3653,2_0_0_0,5,2.0,0.160902
3654,1_2_0_0,3,2.0,0.160822
3655,1_1_0_0,5,2.0,0.160742
3656,1_1_1_1,0,9.0,0.160661
3657,2_1_0_0,5,2.0,0.160581
3658,1_1_0_0,4,-4.5,0.160501
3659,1_1_0_1,0,1.5,0.16042
3660,2_2_1_0,1,6.0,0.16034
3661,3_1_1_0,0,3.0,0.16026
3662,2_0_1_0,4,1.0,0.16018
3663,3_2_0_1,1,3.0,0.1601
3664,2_5_0_1,4,1.5,0.16002
3665,1_7_0_1,1,3.0,0.15994
3666,1_7_1_1,4,7.0,0.15986
3667,2_7_0_1,1,3.0,0.15978
3668,1_0_0_1,0,-2.5,0.1597
3669,2_7_1_1,0,9.0,0.15962
3670,3_3_1_0,0,3.0,0.15954
3671,2_1_0_0,5,2.0,0.159461
3672,3_3_0_0,5,2.0,0.159381
3673,2_5_1_0,1,2.0,0.159301
3674,3_5_1_0,0,3.0,0.159221
3675,2_4_0_0,3,2.0,0.159142
3676,2_3_0_0,3,2.0,0.159062
3677,2_0_1_0,5,3.0,0.158983
3678,1_7_0_1,1,3.0,0.158903
3679,1_3_0_1,4,1.5,0.158824
3680,1_6_0_0,2,2.0,0.158744
3681,2_1_1_1,4,7.0,0.158665
3682,1_4_1_0,5,3.0,0.158586
3683,3_0_0_0,5,2.0,0.158506
3684,3_0_0_1,3,1.0,0.158427
3685,1_0_0_1,3,1.0,0.158348
3686,3_7_1_1,4,7.0,0.158269
3687,2_1_1_1,4,7.0,0.15819
3688,3_6_0_0,5,2.0,0.15811
3689,1_2_1_1,4,7.0,0.158031
3690,3_5_1_1,3,-15.0,0.157952
3691,1_2_1_0,1,6.0,0.157873
3692,1_3_0_0,5,2.0,0.157795
3693,3_7_1_1,3,-15.0,0.157716
3694,2_3_0_0,3,2.0,0.157637
3695,1_4_0_1,3,1.0,0.157558
3696,3_3_0_0,5,2.0,0.157479
3697,1_4_1_0,5,3.0,0.1574
3698,3_0_0_0,5,2.0,0.157322
3699,3_0_1_0,4,1.0,0.157243
3700,3_6_1_1,4,7.0,0.157164
3701,3_2_1_0,4,1.0,0.157086
3702,2_5_0_1,4,1.5,0.157007
3703,3_1_1_0,0,3.0,0.156929
3704,3_6_0_1,1,3.0,0.15685
3705,1_0_0_0,3,2.0,0.156772
3706,2_7_1_1,0,9.0,0.156694
3707,2_3_0_0,3,2.0,0.156615
3708,3_4_0_0,5,2.0,0.156537
3709,2_6_0_1,4,1.5,0.156459
3710,2_5_1_0,1,2.0,0.15638
3711,1_4_1_1,4,7.0,0.156302
3712,1_6_0_0,2,2.0,0.156224
3713,1_1_1_0,5,3.0,0.156146
3714,2_3_1_1,4,7.0,0.156068
3715,3_3_0_1,1,3.0,0.15599
3716,3_2_1_0,4,1.0,0.155912
3717,2_0_1_0,5,3.0,0.155834
3718,3_5_1_1,0,9.0,0.155756
3719,2_7_0_0,3,2.0,0.155678
3720,3_5_0_0,3,2.0,0.1556
3721,2_7_0_1,1,3.0,0.155522
3722,3_6_1_1,4,7.0,0.155445
3723,3_3_0_1,1,3.0,0.155367
3724,2_2_0_1,2,-4.0,0.155289
3725,2_5_0_0,5,2.0,0.155212
3726,3_3_1_1,1,9.0,0.155134
3727,3_4_0_1,4,1.5,0.155056
3728,3_2_0_1,0,-2.5,0.154979
3729,1_4_0_1,3,1.0,0.154901
3730,1_2_1_0,1,6.0,0.154824
3731,2_1_1_0,5,3.0,0.154747
3732,2_3_0_1,3,1.0,0.154669
3733,2_6_0_1,0,-2.5,0.154592
3734,3_1_1_0,0,3.0,0.154515
3735,3_7_0_0,2,2.0,0.154437
3736,1_1_1_0,5,3.0,0.15436
3737,3_4_0_0,2,2.0,0.154283
3738,1_7_1_1,5,1.0,0.154206
3739,2_7_0_0,3,2.0,0.154129
3740,3_5_0_0,3,2.0,0.154052
3741,1_6_1_0,1,6.0,0.153975
3742,2_3_1_1,0,9.0,0.153898
3743,2_4_1_0,1,2.0,0.153821
3744,3_0_1_1,0,5.0,0.153744
3745,1_2_1_1,4,7.0,0.153667
3746,1_2_1_0,1,6.0,0.15359
3747,2_0_0_0,5,2.0,0.153513
3748,2_1_0_0,5,2.0,0.153436
3749,3_7_0_1,4,1.5,0.15336
3750,2_7_1_0,1,6.0,0.153283
3751,1_5_1_0,1,2.0,0.153206
3752,1_2_1_0,1,6.0,0.15313
3753,2_7_1_0,1,6.0,0.153053
3754,3_6_1_0,1,6.0,0.152977
3755,2_0_1_0,5,3.0,0.1529
3756,2_0_0_1,4,1.5,0.152824
3757,1_4_1_0,5,3.0,0.152747
3758,1_5_0_1,0,1.5,0.152671
3759,3_0_1_0,4,1.0,0.152595
3760,3_3_0_1,1,3.0,0.152518
3761,2_2_0_1,4,1.5,0.152442
3762,2_3_1_1,0,9.0,0.152366
3763,3_5_1_1,0,9.0,0.15229
3764,3_5_0_0,3,2.0,0.152214
3765,1_6_1_1,4,7.0,0.152137
3766,1_6_0_0,2,2.0,0.152061
3767,1_3_1_0,1,6.0,0.151985
3768,1_1_0_1,4,1.5,0.151909
3769,3_5_0_0,3,2.0,0.151833
3770,2_2_0_1,4,1.5,0.151758
3771,1_2_0_0,3,2.0,0.151682
3772,1_1_1_1,0,9.0,0.151606
3773,2_7_1_0,1,6.0,0.15153
3774,2_7_1_1,0,9.0,0.151454
3775,2_7_1_0,1,6.0,0.151378
3776,2_0_1_1,1,5.0,0.151303
3777,1_2_0_1,3,1.0,0.151227
3778,3_6_0_1,1,3.0,0.151152
3779,3_7_0_1,3,1.0,0.151076
3780,2_0_1_1,1,5.0,0.151
3781,1_4_1_0,5,3.0,0.150925
3782,1_3_1_1,4,7.0,0.150849
3783,1_5_0_1,0,1.5,0.150774
3784,2_3_0_0,3,2.0,0.150699
3785,2_5_0_1,4,1.5,0.150623
3786,3_6_1_0,1,6.0,0.150548
3787,1_3_0_0,5,2.0,0.150473
3788,3_3_0_0,5,2.0,0.150397
3789,3_2_1_0,1,6.0,0.150322
3790,3_0_0_1,3,1.0,0.150247
3791,2_7_0_0,3,2.0,0.150172
3792,2_1_1_0,5,3.0,0.150097
3793,2_1_1_1,4,7.0,0.150022
3794,2_3_1_0,1,6.0,0.149947
3795,2_4_0_0,3,2.0,0.149872
3796,1_6_1_0,1,6.0,0.149797
3797,1_1_1_0,5,3.0,0.149722
3798,3_7_0_0,2,2.0,0.149647
3799,3_4_1_0,5,3.0,0.149572
3800,2_5_1_1,0,9.0,0.149498
3801,3_6_0_1,1,3.0,0.149423
3802,2_2_1_0,1,6.0,0.149348
3803,3_0_1_1,0,5.0,0.149273
3804,2_1_1_1,4,7.0,0.149199
3805,1_5_1_0,1,2.0,0.149124
3806,2_0_1_1,1,5.0,0.14905
3807,3_5_1_0,0,3.0,0.148975
3808,1_6_1_1,3,-15.0,0.148901
3809,2_7_0_0,3,2.0,0.148826
3810,1_3_0_0,5,2.0,0.148752
3811,1_7_0_0,2,2.0,0.148677
3812,1_1_1_0,5,3.0,0.148603
3813,2_5_1_1,0,9.0,0.148529
3814,3_4_1_0,3,-14.0,0.148454
3815,2_1_1_0,5,3.0,0.14838
3816,1_5_1_0,1,2.0,0.148306
3817,2_4_1_0,1,2.0,0.148232
3818,3_1_1_0,0,3.0,0.148158
3819,2_2_1_1,4,7.0,0.148084
3820,1_3_1_0,1,6.0,0.14801
3821,2_1_0_0,1,-4.0,0.147936
3822,3_5_1_0,0,3.0,0.147862
3823,2_5_1_1,5,1.0,0.147788
3824,3_7_1_0,1,6.0,0.147714
3825,1_2_0_0,3,2.0,0.14764
3826,3_6_0_0,5,2.0,0.147566
3827,2_4_0_0,3,2.0,0.147492
3828,1_1_1_0,3,-14.0,0.147419
3829,2_6_0_0,1,0.0,0.147345
3830,1_3_1_0,1,6.0,0.147271
3831,2_0_0_0,5,2.0,0.147198
3832,3_6_0_0,5,2.0,0.147124
3833,2_0_1_1,1,5.0,0.14705
3834,3_0_0_1,5,0.0,0.146977
3835,3_1_0_1,0,1.5,0.146903
3836,3_0_0_1,0,-2.5,0.14683
3837,2_5_1_0,1,2.0,0.146757
3838,3_3_0_1,1,3.0,0.146683
3839,3_0_0_1,5,0.0,0.14661
3840,2_0_0_0,5,2.0,0.146537
3841,3_2_1_1,1,9.0,0.146463
3842,2_3_0_1,3,1.0,0.14639
3843,1_5_0_0,3,2.0,0.146317
3844,1_5_1_0,1,2.0,0.146244
3845,3_2_1_1,5,1.0,0.146171
3846,3_1_0_1,3,1.0,0.146098
3847,3_6_1_0,1,6.0,0.146024
3848,2_1_1_1,4,7.0,0.145951
3849,1_3_0_1,4,1.5,0.145878
3850,1_2_1_0,2,-7.0,0.145806
3851,2_2_0_1,1,3.0,0.145733
3852,3_3_0_0,5,2.0,0.14566
3853,1_2_0_1,5,0.0,0.145587
3854,1_4_1_1,4,7.0,0.145514
3855,2_1_1_0,1,2.0,0.145441
3856,1_0_1_0,5,3.0,0.145369
3857,2_4_1_0,1,2.0,0.145296
3858,3_1_1_0,0,3.0,0.145223
3859,1_7_1_0,1,6.0,0.145151
3860,2_7_0_1,1,3.0,0.145078
3861,3_1_1_0,0,3.0,0.145006
3862,3_2_0_0,3,2.0,0.144933
3863,2_7_0_1,1,3.0,0.144861
3864,3_1_0_0,3,2.0,0.144788
3865,2_7_1_1,0,9.0,0.144716
3866,2_5_0_1,4,1.5,0.144643
3867,1_0_0_1,3,1.0,0.144571
3868,2_0_1_1,1,5.0,0.144499
3869,3_3_1_1,1,9.0,0.144427
3870,2_5_1_1,0,9.0,0.144354
3871,2_4_1_0,1,2.0,0.144282
3872,1_7_0_0,2,2.0,0.14421
3873,1_0_1_1,1,5.0,0.144138
3874,2_6_0_0,5,2.0,0.144066
3875,1_5_1_0,4,1.0,0.143994
3876,2_1_0_1,0,1.5,0.143922
3877,2_5_1_0,1,2.0,0.14385
3878,3_5_0_1,0,1.5,0.143778
3879,1_6_0_1,1,3.0,0.143706
3880,3_5_0_1,0,1.5,0.143634
3881,3_0_0_0,5,2.0,0.143562
3882,1_1_0_0,3,2.0,0.143491
3883,3_1_1_1,0,9.0,0.143419
3884,3_2_1_1,5,1.0,0.143347
3885,2_5_1_1,0,9.0,0.143276
3886,3_7_1_0,1,6.0,0.143204
3887,2_0_1_0,5,3.0,0.143132
3888,2_4_0_0,3,2.0,0.143061
3889,2_6_1_0,1,6.0,0.142989
3890,1_6_1_0,1,6.0,0.142918
3891,3_7_0_1,3,1.0,0.142846
3892,1_0_1_1,4,7.0,0.142775
3893,1_1_1_0,5,3.0,0.142703
3894,3_4_1_0,2,-3.0,0.142632
3895,1_3_1_0,1,6.0,0.142561
3896,2_4_0_0,3,2.0,0.142489
3897,3_4_1_1,0,5.0,0.142418
3898,3_0_1_1,1,5.0,0.142347
3899,3_0_1_1,0,5.0,0.142276
3900,2_1_0_1,0,1.5,0.142205
3901,1_6_0_0,2,2.0,0.142134
3902,1_6_0_1,1,3.0,0.142063
3903,3_1_0_1,0,1.5,0.141992
3904,1_4_1_0,5,3.0,0.141921
3905,2_2_0_1,4,1.5,0.14185
3906,1_0_1_0,5,3.0,0.141779
3907,1_4_1_1,2,-5.0,0.141708
3908,3_6_1_0,1,6.0,0.141637
3909,1_1_1_0,1,2.0,0.141566
3910,2_2_0_1,4,1.5,0.141495
3911,1_3_1_0,1,6.0,0.141425
3912,2_4_1_0,1,2.0,0.141354
3913,1_0_1_0,5,3.0,0.141283
3914,2_2_0_0,3,2.0,0.141213
3915,2_6_1_0,2,-3.0,0.141142
3916,2_4_0_1,4,1.5,0.141071
3917,3_6_0_1,1,3.0,0.141001
3918,3_5_1_1,0,9.0,0.14093
3919,1_6_0_0,2,2.0,0.14086
3920,3_3_0_0,5,2.0,0.140789
3921,3_2_1_0,1,6.0,0.140719
3922,3_4_1_0,5,3.0,0.140649
3923,2_1_0_1,1,-1.0,0.140578
3924,2_6_1_1,1,9.0,0.140508
3925,2_1_0_1,0,1.5,0.140438
3926,2_2_1_1,4,7.0,0.140368
3927,1_3_0_1,1,3.0,0.140297
3928,1_0_1_0,5,3.0,0.140227
3929,1_7_1_1,4,7.0,0.140157
3930,3_3_1_0,0,3.0,0.140087
3931,2_5_0_1,4,1.5,0.140017
3932,3_6_1_1,4,7.0,0.139947
3933,2_3_1_1,0,9.0,0.139877
3934,2_3_0_0,3,2.0,0.139807
3935,3_7_0_0,2,2.0,0.139737
3936,2_5_1_1,0,9.0,0.139667
3937,3_4_0_1,4,1.5,0.139597
3938,1_4_0_0,3,2.0,0.139528
3939,1_0_0_0,3,2.0,0.139458
3940,3_7_1_0,0,3.0,0.139388
3941,3_0_0_1,3,1.0,0.139318
3942,2_4_1_0,1,2.0,0.139249
3943,2_3_0_1,3,1.0,0.139179
3944,2_4_0_1,4,1.5,0.13911
3945,2_5_0_1,4,1.5,0.13904
3946,3_1_0_0,3,2.0,0.138971
3947,2_5_1_1,0,9.0,0.138901
3948,2_5_0_0,5,2.0,0.138832
3949,3_0_0_1,3,1.0,0.138762
3950,3_7_1_1,4,7.0,0.138693
3951,3_3_0_1,1,3.0,0.138623
3952,3_4_1_1,0,5.0,0.138554
3953,2_1_1_0,5,3.0,0.138485
3954,1_4_0_0,3,2.0,0.138416
3955,2_5_0_0,5,2.0,0.138346
3956,3_4_0_1,4,1.5,0.138277
3957,3_5_0_1,0,1.5,0.138208
3958,2_0_0_1,4,1.5,0.138139
3959,2_7_0_0,3,2.0,0.13807
3960,3_7_0_0,2,2.0,0.138001
3961,3_3_1_1,1,9.0,0.137932
3962,3_0_0_0,5,2.0,0.137863
3963,2_7_0_0,3,2.0,0.137794
3964,3_4_1_1,5,1.0,0.137725
3965,3_6_0_1,1,3.0,0.137656
3966,2_1_0_0,5,2.0,0.137587
3967,1_5_0_0,3,2.0,0.137519
3968,3_3_0_1,1,3.0,0.13745
3969,1_2_0_0,2,-2.0,0.137381
3970,3_1_0_1,0,1.5,0.137312
3971,1_0_1_0,4,1.0,0.137244
3972,3_3_0_0,5,2.0,0.137175
3973,3_5_0_0,3,2.0,0.137107
3974,1_7_1_0,1,6.0,0.137038
3975,3_4_0_1,0,-2.5,0.136969
3976,3_0_1_1,0,5.0,0.136901
3977,1_5_1_1,0,9.0,0.136833
3978,2_0_1_0,5,3.0,0.136764
3979,3_1_1_1,0,9.0,0.136696
3980,3_5_1_0,2,-3.0,0.136627
3981,1_5_1_0,1,2.0,0.136559
3982,1_3_0_0,4,-4.5,0.136491
3983,2_1_1_0,5,3.0,0.136423
3984,1_5_0_0,4,-4.5,0.136354
3985,1_1_1_1,0,9.0,0.136286
3986,2_1_1_1,4,7.0,0.136218
3987,2_4_0_1,2,0.0,0.13615
3988,2_1_1_0,5,3.0,0.136082
3989,1_1_0_0,3,2.0,0.136014
3990,1_1_1_1,0,9.0,0.135946
3991,2_5_0_0,5,2.0,0.135878
3992,2_0_1_1,1,5.0,0.13581
3993,1_2_0_1,0,-2.5,0.135742
3994,1_3_1_1,4,7.0,0.135674
3995,2_3_1_0,1,6.0,0.135606
3996,3_6_1_0,1,6.0,0.135538
3997,3_1_1_0,0,3.0,0.135471
3998,3_7_0_1,5,0.0,0.135403
3999,1_4_1_0,5,3.0,0.135335
4000,2_0_1_1,1,5.0,0.135268
4001,2_7_1_1,0,9.0,0.1352
4002,2_3_0_1,3,1.0,0.135132
4003,2_5_1_1,0,9.0,0.135065
4004,1_4_0_0,5,2.0,0.134997
4005,1_1_1_1,0,9.0,0.13493
4006,3_1_0_1,0,1.5,0.134862
4007,3_5_0_1,0,1.5,0.134795
4008,1_4_0_0,3,2.0,0.134727
4009,2_2_1_1,4,7.0,0.13466
4010,1_7_0_0,3,2.0,0.134593
4011,3_0_0_0,5,2.0,0.134525
4012,2_2_1_0,4,1.0,0.134458
4013,3_5_1_1,0,9.0,0.134391
4014,1_0_1_1,4,7.0,0.134324
4015,3_2_0_1,4,1.5,0.134257
4016,3_1_0_1,0,1.5,0.13419
4017,2_3_0_1,3,1.0,0.134122
4018,2_7_1_0,2,-3.0,0.134055
4019,1_1_0_1,0,1.5,0.133988
4020,1_0_0_1,3,1.0,0.133921
4021,1_7_1_0,1,6.0,0.133854
4022,2_5_0_0,5,2.0,0.133787
4023,2_7_1_0,1,6.0,0.133721
4024,2_4_1_1,0,5.0,0.133654
4025,2_5_1_0,1,2.0,0.133587
4026,2_5_0_1,4,1.5,0.13352
4027,3_7_1_0,1,6.0,0.133453
4028,3_7_0_0,3,2.0,0.133387
4029,3_3_1_1,1,9.0,0.13332
4030,1_3_1_0,1,6.0,0.133253
4031,2_7_0_0,3,2.0,0.133187
4032,1_6_1_0,1,6.0,0.13312
4033,2_1_1_1,4,7.0,0.133053
4034,2_1_0_0,2,-2.0,0.132987
4035,3_5_1_0,0,3.0,0.13292
4036,1_5_1_0,1,2.0,0.132854
4037,2_1_1_0,5,3.0,0.132788
4038,3_0_1_0,4,1.0,0.132721
4039,3_0_0_0,5,2.0,0.132655
4040,1_6_1_0,1,6.0,0.132588
4041,2_6_1_1,1,9.0,0.132522
4042,1_1_0_1,0,1.5,0.132456
4043,3_3_0_1,1,3.0,0.13239
4044,3_6_0_0,5,2.0,0.132323
4045,3_4_1_0,5,3.0,0.132257
4046,1_2_0_0,3,2.0,0.132191
4047,2_2_0_1,2,-4.0,0.132125
4048,1_3_0_0,5,2.0,0.132059
4049,2_2_0_1,4,1.5,0.131993
4050,2_3_0_1,3,1.0,0.131927
4051,1_3_1_0,1,6.0,0.131861
4052,3_6_1_1,4,7.0,0.131795
4053,1_4_1_1,2,-5.0,0.131729
4054,2_4_1_1,0,5.0,0.131663
4055,3_4_0_1,4,1.5,0.131598
4056,1_4_0_0,3,2.0,0.131532
4057,1_1_1_1,5,1.0,0.131466
4058,3_7_0_0,2,2.0,0.1314
4059,1_1_0_0,3,2.0,0.131335
4060,3_3_1_1,1,9.0,0.131269
4061,2_2_0_1,4,1.5,0.131203
4062,1_6_1_1,4,7.0,0.131138
4063,2_4_0_0,5,2.0,0.131072
4064,3_4_1_1,0,5.0,0.131007
4065,2_4_0_0,3,2.0,0.130941
4066,2_0_1_0,5,3.0,0.130876
4067,1_6_1_0,1,6.0,0.13081
4068,1_3_1_0,1,6.0,0.130745
4069,2_4_0_0,3,2.0,0.130679
4070,1_6_1_1,4,7.0,0.130614
4071,3_3_0_0,5,2.0,0.130549
4072,3_0_0_0,5,2.0,0.130483
4073,1_5_0_1,0,1.5,0.130418
4074,2_4_0_0,3,2.0,0.130353
4075,3_4_0_0,5,2.0,0.130288
4076,1_5_1_1,0,9.0,0.130223
4077,3_1_1_0,0,3.0,0.130158
4078,1_3_0_1,5,0.0,0.130092
4079,3_5_1_1,0,9.0,0.130027
4080,3_2_1_0,1,6.0,0.129962
4081,3_0_1_1,0,5.0,0.129897
4082,2_2_0_0,3,2.0,0.129832
4083,2_7_0_0,3,2.0,0.129768
4084,1_0_0_0,3,2.0,0.129703
4085,1_3_0_0,5,2.0,0.129638
4086,2_7_0_0,0,-4.5,0.129573
4087,2_4_0_1,4,1.5,0.129508
4088,2_2_0_0,3,2.0,0.129443
4089,1_4_0_0,3,2.0,0.129379
4090,3_3_1_0,0,3.0,0.129314
4091,2_5_1_1,0,9.0,0.129249
4092,1_7_1_0,3,-14.0,0.129185
4093,3_7_0_1,3,1.0,0.12912
4094,2_0_0_0,5,2.0,0.129056
4095,1_5_1_0,1,2.0,0.128991
4096,2_1_1_1,4,7.0,0.128927
4097,3_5_0_1,0,1.5,0.128862
4098,2_0_1_0,5,3.0,0.128798
4099,1_5_0_0,4,-4.5,0.128733
4100,3_0_0_1,3,1.0,0.128669
4101,2_4_1_0,1,2.0,0.128605
4102,2_2_1_0,1,6.0,0.12854
4103,3_4_0_0,5,2.0,0.128476
4104,1_1_0_0,3,2.0,0.128412
4105,1_0_0_1,3,1.0,0.128348
4106,3_0_1_0,4,1.0,0.128283
4107,3_2_1_0,1,6.0,0.128219
4108,3_6_1_1,4,7.0,0.128155
4109,2_0_0_0,5,2.0,0.128091
4110,3_5_1_1,0,9.0,0.128027
4111,1_6_1_1,4,7.0,0.127963
4112,1_6_0_0,2,2.0,0.127899
4113,1_5_1_0,1,2.0,0.127835
4114,3_6_0_1,1,3.0,0.127771
4115,3_3_0_1,1,3.0,0.127707
4116,3_7_1_0,1,6.0,0.127643
4117,2_1_1_1,4,7.0,0.12758
4118,1_4_1_1,4,7.0,0.127516
4119,2_5_1_1,0,9.0,0.127452
4120,3_7_1_1,4,7.0,0.127388
4121,2_1_1_1,4,7.0,0.127325
4122,3_0_1_0,0,-1.0,0.127261
4123,1_1_1_1,0,9.0,0.127197
4124,1_2_0_0,3,2.0,0.127134
4125,3_7_1_1,4,7.0,0.12707
4126,2_4_1_1,0,5.0,0.127007
4127,1_6_1_1,2,-5.0,0.126943
4128,3_4_0_0,5,2.0,0.12688
4129,3_7_1_0,4,1.0,0.126816
4130,2_3_0_0,3,2.0,0.126753
4131,1_4_1_1,4,7.0,0.126689
4132,1_5_1_0,1,2.0,0.126626
4133,2_7_1_0,1,6.0,0.126563
4134,3_5_1_1,4,7.0,0.1265
4135,1_5_0_1,0,1.5,0.126436
4136,2_6_1_0,1,6.0,0.126373
4137,3_2_1_1,1,9.0,0.12631
4138,2_6_0_1,4,1.5,0.126247
4139,3_0_1_0,4,1.0,0.126184
4140,3_2_0_1,4,1.5,0.12612
4141,2_1_0_0,5,2.0,0.126057
4142,1_7_0_0,2,2.0,0.125994
4143,3_3_0_1,1,3.0,0.125931
4144,3_6_1_0,1,6.0,0.125868
4145,2_7_1_1,4,7.0,0.125805
4146,2_6_1_1,1,9.0,0.125743
4147,1_6_1_1,4,7.0,0.12568
4148,2_2_0_1,4,1.5,0.125617
4149,1_7_1_1,0,9.0,0.125554
4150,3_0_0_0,5,2.0,0.125491
4151,1_7_0_0,2,2.0,0.125429
4152,2_1_0_0,5,2.0,0.125366
4153,2_1_0_1,0,1.5,0.125303
4154,2_7_0_1,1,3.0,0.12524
4155,2_0_0_0,5,2.0,0.125178
4156,1_1_1_0,5,3.0,0.125115
4157,1_3_1_1,4,7.0,0.125053
4158,2_2_0_1,4,1.5,0.12499
4159,3_0_1_1,0,5.0,0.124928
4160,2_1_0_1,0,1.5,0.124865
4161,3_4_0_0,5,2.0,0.124803
4162,3_5_0_1,0,1.5,0.12474
4163,1_4_1_0,5,3.0,0.124678
4164,1_2_1_0,1,6.0,0.124616
4165,1_0_0_1,3,1.0,0.124553
4166,3_5_0_1,0,1.5,0.124491
4167,2_7_0_0,3,2.0,0.124429
4168,2_3_0_0,3,2.0,0.124367
4169,2_2_1_0,1,6.0,0.124304
4170,1_3_1_0,1,6.0,0.124242
4171,3_4_0_1,4,1.5,0.12418
4172,2_7_1_1,0,9.0,0.124118
4173,3_6_0_1,1,3.0,0.124056
4174,1_4_1_0,5,3.0,0.123994
4175,3_0_0_0,5,2.0,0.123932
4176,1_7_0_1,1,3.0,0.12387
4177,2_6_1_1,1,9.0,0.123808
4178,3_0_0_0,5,2.0,0.123746
4179,3_2_0_0,3,2.0,0.123684
4180,1_6_0_0,5,2.0,0.123623
4181,3_5_0_0,3,2.0,0.123561
4182,1_4_1_1,4,7.0,0.123499
4183,1_2_1_0,1,6.0,0.123437
4184,3_5_1_1,0,9.0,0.123375
4185,2_7_1_1,0,9.0,0.123314
4186,3_3_0_0,5,2.0,0.123252
4187,1_2_0_0,3,2.0,0.12319
4188,1_2_1_0,1,6.0,0.123129
4189,2_1_1_0,5,3.0,0.123067
4190,1_4_0_1,3,1.0,0.123006
4191,2_1_0_1,3,1.0,0.122944
4192,3_2_0_0,3,2.0,0.122883
4193,3_1_0_0,3,2.0,0.122821
4194,3_0_1_1,0,5.0,0.12276
4195,3_0_0_1,3,1.0,0.122699
4196,3_1_0_1,0,1.5,0.122637
4197,3_4_1_1,0,5.0,0.122576
4198,1_3_1_0,1,6.0,0.122515
4199,1_1_0_0,3,2.0,0.122453
4200,1_2_1_1,4,7.0,0.122392
4201,2_7_1_1,0,9.0,0.122331
4202,1_7_0_0,2,2.0,0.12227
4203,3_5_1_0,0,3.0,0.122209
4204,3_4_1_1,0,5.0,0.122148
4205,2_1_0_1,0,1.5,0.122086
4206,3_6_0_1,1,3.0,0.122025
4207,3_3_0_0,5,2.0,0.121964
4208,1_0_0_0,3,2.0,0.121903
4209,3_6_1_0,3,-14.0,0.121842
4210,1_5_0_0,1,-4.0,0.121782
4211,1_2_0_0,4,-4.5,0.121721
4212,3_6_0_0,2,2.0,0.12166
4213,3_3_0_0,5,2.0,0.121599
4214,3_7_0_1,3,1.0,0.121538
4215,1_4_0_1,3,1.0,0.121477
4216,3_4_1_1,0,5.0,0.121417
4217,3_5_1_1,0,9.0,0.121356
4218,1_0_0_0,3,2.0,0.121295
4219,1_5_1_0,1,2.0,0.121235
4220,3_4_1_1,0,5.0,0.121174
4221,2_4_1_0,1,2.0,0.121113
4222,1_2_0_0,3,2.0,0.121053
4223,1_3_0_0,5,2.0,0.120992
4224,3_2_1_1,1,9.0,0.120932
4225,3_1_1_1,0,9.0,0.120871
4226,1_2_0_0,3,2.0,0.120811
4227,3_1_0_0,3,2.0,0.120751
4228,1_7_0_0,2,2.0,0.12069
4229,2_1_1_1,4,7.0,0.12063
4230,1_1_0_0,3,2.0,0.12057
4231,1_7_0_1,1,3.0,0.120509
4232,1_5_0_0,3,2.0,0.120449
4233,3_5_1_0,0,3.0,0.120389
4234,3_5_1_1,0,9.0,0.120329
4235,1_0_0_1,2,-4.0,0.120268
4236,2_1_0_0,5,2.0,0.120208
4237,3_1_0_1,0,1.5,0.120148
4238,1_1_1_0,5,3.0,0.120088
4239,2_3_1_0,4,1.0,0.120028
4240,1_0_1_0,5,3.0,0.119968
4241,1_7_1_0,1,6.0,0.119908
4242,1_3_0_1,1,3.0,0.119848
4243,2_2_1_1,4,7.0,0.119788
4244,1_6_1_1,0,5.0,0.119728
4245,2_1_0_0,0,-4.5,0.119668
4246,2_1_0_0,5,2.0,0.119609
4247,1_2_0_0,3,2.0,0.119549
4248,1_6_0_0,2,2.0,0.119489
4249,1_6_1_1,4,7.0,0.119429
4250,1_4_1_1,4,7.0,0.11937
4251,1_2_0_0,3,2.0,0.11931
4252,2_1_0_0,5,2.0,0.11925
4253,3_3_0_0,5,2.0,0.119191
4254,1_7_0_1,1,3.0,0.119131
4255,1_5_1_1,0,9.0,0.119071
4256,3_5_1_0,0,3.0,0.119012
4257,2_0_1_1,1,5.0,0.118952
4258,1_3_1_0,5,3.0,0.118893
4259,1_3_1_1,4,7.0,0.118833
4260,1_1_1_0,5,3.0,0.118774
4261,3_4_1_0,5,3.0,0.118715
4262,3_6_0_0,5,2.0,0.118655
4263,3_1_1_1,0,9.0,0.118596
4264,3_4_0_1,4,1.5,0.118537
4265,2_0_0_0,5,2.0,0.118477
4266,3_1_0_0,3,2.0,0.118418
4267,3_5_0_0,3,2.0,0.118359
4268,1_4_1_0,5,3.0,0.1183
4269,1_7_0_1,5,0.0,0.118241
4270,3_0_0_0,5,2.0,0.118181
4271,3_4_0_0,3,2.0,0.118122
4272,3_5_1_1,0,9.0,0.118063
4273,3_7_1_1,4,7.0,0.118004
4274,3_5_0_1,0,1.5,0.117945
4275,3_5_1_0,0,3.0,0.117886
4276,1_4_1_1,4,7.0,0.117827
4277,3_4_0_0,5,2.0,0.117768
4278,2_4_1_1,0,5.0,0.11771
4279,3_2_1_0,1,6.0,0.117651
4280,1_2_0_0,3,2.0,0.117592
4281,3_5_1_1,0,9.0,0.117533
4282,3_0_0_1,3,1.0,0.117474
4283,1_3_0_0,5,2.0,0.117416
4284,1_4_1_0,5,3.0,0.117357
4285,3_0_0_0,5,2.0,0.117298
4286,3_3_1_1,1,9.0,0.11724
4287,2_3_1_0,1,6.0,0.117181
4288,2_5_1_1,0,9.0,0.117122
4289,2_5_1_0,1,2.0,0.117064
4290,2_5_0_1,4,1.5,0.117005
4291,3_1_1_1,0,9.0,0.116947
4292,1_7_1_1,0,9.0,0.116888
4293,3_0_0_1,3,1.0,0.11683
4294,1_3_1_0,1,6.0,0.116771
4295,2_2_0_1,4,1.5,0.116713
4296,3_2_1_0,1,6.0,0.116655
4297,3_6_1_0,1,6.0,0.116596
4298,3_4_1_0,3,-14.0,0.116538
4299,1_7_0_0,2,2.0,0.11648
4300,2_7_0_0,3,2.0,0.116422
4301,1_5_1_1,0,9.0,0.116363
4302,3_4_0_1,5,0.0,0.116305
4303,1_4_0_1,3,1.0,0.116247
4304,1_4_0_1,3,1.0,0.116189
4305,1_3_0_1,3,1.0,0.116131
4306,2_2_0_0,3,2.0,0.116073
4307,3_1_1_0,0,3.0,0.116015
4308,2_7_0_0,4,-4.5,0.115957
4309,3_0_1_1,0,5.0,0.115899
4310,3_2_0_1,4,1.5,0.115841
4311,3_6_0_0,5,2.0,0.115783
4312,3_3_1_1,2,-9.0,0.115725
4313,1_1_0_0,3,2.0,0.115667
4314,1_6_0_1,1,3.0,0.115609
4315,1_5_1_1,0,9.0,0.115551
4316,2_5_0_1,4,1.5,0.115494
4317,2_1_0_1,0,1.5,0.115436
4318,2_6_0_1,4,1.5,0.115378
4319,3_0_0_0,5,2.0,0.115321
4320,1_6_0_0,2,2.0,0.115263
4321,2_1_0_0,5,2.0,0.115205
4322,2_0_1_1,1,5.0,0.115148
4323,3_7_1_0,1,6.0,0.11509
4324,2_1_1_1,4,7.0,0.115032
4325,3_0_0_1,3,1.0,0.114975
4326,3_1_1_1,0,9.0,0.114917
4327,2_1_0_1,0,1.5,0.11486
4328,1_5_0_0,3,2.0,0.114803
4329,3_1_0_0,3,2.0,0.114745
4330,3_4_1_1,0,5.0,0.114688
4331,2_5_0_1,4,1.5,0.11463
4332,3_0_1_1,0,5.0,0.114573
4333,1_5_1_1,0,9.0,0.114516
4334,3_6_0_0,5,2.0,0.114459
4335,2_3_0_1,3,1.0,0.114401
4336,1_6_1_0,1,6.0,0.114344
4337,3_4_1_0,5,3.0,0.114287
4338,2_6_1_0,1,6.0,0.11423
4339,2_2_1_0,1,6.0,0.114173
4340,3_7_0_1,2,0.0,0.114116
4341,3_2_0_1,4,1.5,0.114059
4342,2_1_1_0,5,3.0,0.114002
4343,1_2_0_0,3,2.0,0.113945
4344,2_2_1_1,4,7.0,0.113888
4345,1_5_0_1,0,1.5,0.113831
4346,3_6_0_1,0,-2.5,0.113774
4347,2_1_0_0,3,2.0,0.113717
4348,3_2_1_1,1,9.0,0.11366
4349,1_3_0_1,1,3.0,0.113603
4350,1_6_1_0,1,6.0,0.113546
4351,2_5_1_1,0,9.0,0.11349
4352,3_1_1_1,0,9.0,0.113433
4353,2_6_1_0,1,6.0,0.113376
4354,2_2_1_0,1,6.0,0.113319
4355,3_2_0_0,3,2.0,0.113263
4356,2_0_0_0,5,2.0,0.113206
4357,2_6_0_0,1,0.0,0.11315
4358,1_2_1_1,4,7.0,0.113093
4359,2_0_1_0,5,3.0,0.113036
4360,2_1_1_1,3,-15.0,0.11298
4361,2_3_1_1,0,9.0,0.112923
4362,1_7_1_0,1,6.0,0.112867
4363,3_0_0_1,3,1.0,0.112811
4364,1_4_0_1,1,-1.0,0.112754
4365,2_2_1_0,1,6.0,0.112698
4366,3_6_1_0,1,6.0,0.112641
4367,2_4_0_0,3,2.0,0.112585
4368,1_3_0_1,0,1.5,0.112529
4369,1_4_1_0,5,3.0,0.112473
4370,3_0_1_0,4,1.0,0.112416
4371,1_5_1_1,0,9.0,0.11236
4372,3_5_1_1,0,9.0,0.112304
4373,3_2_1_1,1,9.0,0.112248
4374,1_6_0_0,2,2.0,0.112192
4375,1_5_1_0,1,2.0,0.112136
4376,1_4_1_1,4,7.0,0.112079
4377,2_2_0_1,4,1.5,0.112023
4378,3_5_0_1,0,1.5,0.111967
4379,2_2_0_0,3,2.0,0.111911
4380,3_3_1_1,1,9.0,0.111855
4381,3_3_0_0,1,0.0,0.1118
4382,2_1_0_0,5,2.0,0.111744
4383,2_3_1_1,0,9.0,0.111688
4384,2_7_1_1,0,9.0,0.111632
4385,3_4_1_0,0,-1.0,0.111576
4386,2_7_0_1,1,3.0,0.11152
4387,1_4_1_1,0,5.0,0.111465
4388,2_4_1_0,1,2.0,0.111409
4389,2_7_0_1,1,3.0,0.111353
4390,1_6_0_1,1,3.0,0.111297
4391,3_6_0_1,1,3.0,0.111242
4392,3_3_0_1,3,1.0,0.111186
4393,3_4_0_1,4,1.5,0.111131
4394,3_0_1_0,4,1.0,0.111075
4395,2_3_1_0,1,6.0,0.111019
4396,2_5_0_1,4,1.5,0.110964
4397,1_0_0_0,3,2.0,0.110908
4398,3_6_0_1,1,3.0,0.110853
4399,3_5_1_1,0,9.0,0.110798
4400,2_3_0_1,3,1.0,0.110742
4401,2_4_1_0,1,2.0,0.110687
4402,3_6_0_1,1,3.0,0.110631
4403,1_4_1_0,5,3.0,0.110576
4404,3_7_0_0,2,2.0,0.110521
4405,2_4_0_1,4,1.5,0.110466
4406,3_0_1_1,0,5.0,0.11041
4407,3_0_1_1,0,5.0,0.110355
4408,2_1_0_1,0,1.5,0.1103
4409,1_3_1_0,1,6.0,0.110245
4410,3_1_1_1,4,7.0,0.11019
4411,1_1_1_1,0,9.0,0.110135
4412,1_6_1_0,1,6.0,0.11008
4413,3_0_1_0,4,1.0,0.110025
4414,2_1_1_1,4,7.0,0.10997
4415,1_7_0_1,1,3.0,0.109915
4416,2_7_1_1,0,9.0,0.10986
4417,3_7_1_1,5,1.0,0.109805
4418,2_6_1_0,0,-1.0,0.10975
4419,1_7_1_1,0,9.0,0.109695
4420,1_1_1_1,0,9.0,0.10964
4421,3_0_1_0,4,1.0,0.109585
4422,3_3_0_1,1,3.0,0.10953
4423,3_5_1_0,0,3.0,0.109476
4424,2_4_0_0,3,2.0,0.109421
4425,3_4_0_0,5,2.0,0.109366
4426,1_2_0_0,3,2.0,0.109312
4427,1_4_0_1,3,1.0,0.109257
4428,3_6_0_0,5,2.0,0.109202
4429,3_2_0_1,4,1.5,0.109148
4430,2_6_0_1,4,1.5,0.109093
4431,1_3_1_0,3,-14.0,0.109039
4432,3_1_0_0,3,2.0,0.108984
4433,3_5_0_1,0,1.5,0.10893
4434,3_7_1_1,4,7.0,0.108875
4435,2_3_0_1,5,0.0,0.108821
4436,1_4_0_0,3,2.0,0.108766
4437,3_5_1_0,0,3.0,0.108712
4438,1_1_0_1,0,1.5,0.108657
4439,3_2_0_1,5,0.0,0.108603
4440,3_6_1_0,1,6.0,0.108549
4441,2_6_1_1,5,1.0,0.108495
4442,2_6_0_1,2,0.0,0.10844
4443,1_0_0_1,3,1.0,0.108386
4444,1_5_1_1,0,9.0,0.108332
4445,1_4_0_0,3,2.0,0.108278
4446,3_5_0_1,0,1.5,0.108224
4447,2_6_0_0,1,0.0,0.108169
4448,1_0_0_0,3,2.0,0.108115
4449,1_1_0_1,0,1.5,0.108061
4450,3_7_0_1,3,1.0,0.108007
4451,2_4_1_1,0,5.0,0.107953
4452,1_4_0_0,3,2.0,0.107899
4453,2_6_0_0,1,0.0,0.107845
4454,1_3_1_0,1,6.0,0.107791
4455,1_3_1_1,4,7.0,0.107738
4456,2_1_0_1,1,-1.0,0.107684
4457,1_1_0_0,3,2.0,0.10763
4458,1_5_0_1,0,1.5,0.107576
4459,3_7_0_0,2,2.0,0.107522
4460,2_0_0_1,4,1.5,0.107468
4461,2_2_0_1,4,1.5,0.107415
4462,3_5_1_0,0,3.0,0.107361
4463,1_6_1_0,1,6.0,0.107307
4464,1_5_1_0,1,2.0,0.107254
4465,2_0_0_1,5,0.0,0.1072
4466,3_6_0_0,5,2.0,0.107146
4467,3_0_1_0,4,1.0,0.107093
4468,2_0_1_0,5,3.0,0.107039
4469,3_3_1_1,1,9.0,0.106986
4470,1_7_1_1,2,-5.0,0.106932
4471,1_6_1_0,1,6.0,0.106879
4472,1_4_1_0,5,3.0,0.106825
4473,3_3_1_1,1,9.0,0.106772
4474,2_3_1_1,0,9.0,0.106719
4475,1_0_0_0,3,2.0,0.106665
4476,2_4_0_0,2,2.0,0.106612
4477,3_7_1_0,1,6.0,0.106559
4478,2_7_0_1,1,3.0,0.106505
4479,1_5_1_1,0,9.0,0.106452
4480,1_4_0_0,3,2.0,0.106399
4481,3_2_0_1,4,1.5,0.106346
4482,3_1_1_0,0,3.0,0.106293
4483,1_1_1_0,5,3.0,0.106239
4484,3_6_0_0,5,2.0,0.106186
4485,2_6_1_0,1,6.0,0.106133
4486,2_7_0_1,1,3.0,0.10608
4487,3_4_1_1,0,5.0,0.106027
4488,1_7_1_1,0,9.0,0.105974
4489,1_1_1_1,0,9.0,0.105921
4490,3_1_1_1,0,9.0,0.105868
4491,1_5_1_0,1,2.0,0.105815
4492,1_5_0_0,3,2.0,0.105762
4493,3_6_0_0,5,2.0,0.105709
4494,1_7_0_0,2,2.0,0.105657
4495,3_2_0_1,4,1.5,0.105604
4496,3_7_1_1,4,7.0,0.105551
4497,1_2_1_0,1,6.0,0.105498
4498,2_2_1_1,4,7.0,0.105445
4499,3_3_1_1,1,9.0,0.105393
4500,3_6_0_0,5,2.0,0.10534
4501,1_5_0_1,0,1.5,0.105287
4502,2_1_0_1,0,1.5,0.105235
4503,1_2_0_1,3,1.0,0.105182
4504,3_1_1_1,0,9.0,0.105129
4505,3_6_0_0,5,2.0,0.105077
4506,3_0_1_1,0,5.0,0.105024
4507,1_3_1_0,1,6.0,0.104972
4508,3_0_1_1,5,1.0,0.104919
4509,3_6_1_0,1,6.0,0.104867
4510,1_0_1_1,4,7.0,0.104814
4511,1_3_1_0,1,6.0,0.104762
4512,2_3_0_1,3,1.0,0.10471
4513,1_4_1_1,4,7.0,0.104657
4514,1_2_0_0,3,2.0,0.104605
4515,3_1_0_1,0,1.5,0.104553
4516,3_6_1_1,4,7.0,0.1045
4517,1_5_1_1,0,9.0,0.104448
4518,1_3_1_1,4,7.0,0.104396
4519,3_0_1_1,0,5.0,0.104344
4520,1_3_0_1,1,3.0,0.104292
4521,2_2_0_1,4,1.5,0.104239
4522,1_7_0_1,1,3.0,0.104187
4523,3_7_1_0,1,6.0,0.104135
4524,2_6_0_0,1,0.0,0.104083
4525,2_5_1_0,1,2.0,0.104031
4526,1_6_0_0,2,2.0,0.103979
4527,1_1_1_0,5,3.0,0.103927
4528,3_7_0_0,2,2.0,0.103875
4529,1_0_0_1,3,1.0,0.103823
4530,2_2_0_0,3,2.0,0.103771
4531,2_7_0_1,1,3.0,0.103719
4532,2_0_1_0,5,3.0,0.103667
4533,1_5_1_1,0,9.0,0.103616
4534,1_7_0_0,2,2.0,0.103564
4535,3_3_0_0,5,2.0,0.103512
4536,3_2_1_0,1,6.0,0.10346
4537,3_2_1_0,0,-1.0,0.103409
4538,2_6_1_0,1,6.0,0.103357
4539,1_6_0_1,1,3.0,0.103305
4540,3_0_1_0,3,-14.0,0.103254
4541,1_5_1_1,5,1.0,0.103202
4542,3_4_0_1,4,1.5,0.10315
4543,2_0_0_0,0,-8.5,0.103099
4544,1_5_1_1,0,9.0,0.103047
4545,3_5_0_1,0,1.5,0.102996
4546,2_4_0_0,3,2.0,0.102944
4547,1_3_1_0,1,6.0,0.102893
4548,3_6_0_0,5,2.0,0.102841
4549,3_7_0_1,3,1.0,0.10279
4550,2_6_0_1,3,1.0,0.102738
4551,3_1_1_0,0,3.0,0.102687
4552,3_5_0_1,0,1.5,0.102636
4553,1_2_0_1,3,1.0,0.102584
4554,3_6_1_1,0,5.0,0.102533
4555,2_2_0_1,4,1.5,0.102482
4556,2_1_0_1,0,1.5,0.102431
4557,1_5_0_0,3,2.0,0.102379
4558,2_7_1_0,1,6.0,0.102328
4559,1_7_0_1,1,3.0,0.102277
4560,3_7_0_0,2,2.0,0.102226
4561,3_4_0_0,5,2.0,0.102175
4562,1_5_1_1,0,9.0,0.102124
4563,2_1_0_1,0,1.5,0.102073
4564,1_1_0_0,3,2.0,0.102022
4565,3_4_0_1,4,1.5,0.101971
4566,1_7_0_0,2,2.0,0.10192
4567,3_5_0_0,3,2.0,0.101869
4568,1_3_1_1,4,7.0,0.101818
4569,1_7_0_0,2,2.0,0.101767
4570,3_1_1_1,0,9.0,0.101716
4571,2_7_0_1,3,1.0,0.101665
4572,3_4_1_0,5,3.0,0.101614
4573,3_7_1_1,4,7.0,0.101563
4574,2_6_0_0,1,0.0,0.101513
4575,3_3_0_1,1,3.0,0.101462
4576,2_5_0_0,5,2.0,0.101411
4577,3_3_0_1,1,3.0,0.10136
4578,3_7_0_0,2,2.0,0.10131
4579,3_3_1_1,1,9.0,0.101259
4580,2_3_1_0,1,6.0,0.101208
4581,2_2_1_1,5,1.0,0.101158
4582,2_0_1_1,3,-15.0,0.101107
4583,2_2_1_0,1,6.0,0.101057
4584,3_0_0_0,5,2.0,0.101006
4585,1_5_0_1,0,1.5,0.100956
4586,1_7_1_0,1,6.0,0.100905
4587,3_0_1_1,0,5.0,0.100855
4588,1_1_1_0,5,3.0,0.100804
4589,2_6_1_1,1,9.0,0.100754
4590,2_3_0_1,3,1.0,0.100704
4591,2_0_1_1,1,5.0,0.100653
4592,1_4_1_1,4,7.0,0.100603
4593,1_6_1_0,1,6.0,0.100553
4594,1_6_0_1,1,3.0,0.100502
4595,1_7_0_0,2,2.0,0.100452
4596,3_7_0_0,0,-4.5,0.100402
4597,1_0_1_0,5,3.0,0.100352
4598,3_5_1_1,0,9.0,0.100301
4599,1_6_1_0,1,6.0,0.100251
4600,2_6_0_0,1,0.0,0.100201
4601,3_4_0_1,4,1.5,0.100151
4602,3_4_0_1,4,1.5,0.100101
4603,3_1_0_0,5,2.0,0.100051
4604,1_0_0_0,3,2.0,0.100001
4605,2_7_1_0,1,6.0,0.099951
4606,3_5_1_0,0,3.0,0.099901
4607,2_4_1_1,0,5.0,0.099851
4608,2_1_0_1,0,1.5,0.099801
4609,3_6_0_1,1,3.0,0.099751
4610,3_1_1_1,0,9.0,0.099701
4611,1_3_0_1,1,3.0,0.099651
4612,2_5_0_0,5,2.0,0.099602
4613,3_6_1_0,1,6.0,0.099552
4614,2_2_0_0,3,2.0,0.099502
4615,3_0_0_1,2,-4.0,0.099452
4616,3_3_1_0,0,3.0,0.099403
4617,3_4_0_1,4,1.5,0.099353
4618,3_5_0_0,3,2.0,0.099303
4619,1_4_1_1,4,7.0,0.099254
4620,3_7_0_1,3,1.0,0.099204
4621,3_3_1_1,1,9.0,0.099154
4622,1_2_0_0,2,-2.0,0.099105
4623,3_0_0_1,3,1.0,0.099055
4624,1_4_0_1,3,1.0,0.099006
4625,3_6_1_0,1,6.0,0.098956
4626,2_6_0_0,1,0.0,0.098907
4627,1_7_0_0,2,2.0,0.098857
4628,3_2_1_0,1,6.0,0.098808
4629,1_6_0_1,1,3.0,0.098758
4630,3_6_0_0,5,2.0,0.098709
4631,2_3_0_0,3,2.0,0.09866
4632,2_4_0_1,4,1.5,0.09861
4633,3_6_0_0,1,0.0,0.098561
4634,3_1_1_0,0,3.0,0.098512
4635,2_6_1_1,4,7.0,0.098462
4636,1_0_1_0,5,3.0,0.098413
4637,3_2_1_0,1,6.0,0.098364
4638,1_0_0_1,3,1.0,0.098315
4639,3_2_0_0,0,-8.5,0.098266
4640,1_0_0_0,3,2.0,0.098217
4641,1_1_0_0,3,2.0,0.098167
4642,2_6_0_0,1,0.0,0.098118
4643,2_0_0_0,5,2.0,0.098069
4644,2_4_0_1,4,1.5,0.09802
4645,1_0_1_0,5,3.0,0.097971
4646,3_5_0_0,3,2.0,0.097922
4647,2_7_1_0,1,6.0,0.097873
4648,1_2_1_0,1,6.0,0.097824
4649,3_1_1_0,0,3.0,0.097775
4650,3_2_1_0,1,6.0,0.097727
4651,3_0_0_1,3,1.0,0.097678
4652,1_7_1_0,1,6.0,0.097629
4653,1_2_0_1,3,1.0,0.09758
4654,1_6_1_1,4,7.0,0.097531
4655,1_6_1_1,4,7.0,0.097483
4656,1_5_1_1,0,9.0,0.097434
4657,1_2_1_0,1,6.0,0.097385
4658,3_2_1_1,1,9.0,0.097336
4659,1_7_0_1,5,0.0,0.097288
4660,3_6_1_0,1,6.0,0.097239
4661,1_1_1_0,5,3.0,0.09719
4662,2_6_1_0,1,6.0,0.097142
4663,1_7_0_0,2,2.0,0.097093
4664,1_1_0_0,3,2.0,0.097045
4665,3_0_0_1,3,1.0,0.096996
4666,2_2_1_1,4,7.0,0.096948
4667,1_7_0_0,2,2.0,0.096899
4668,1_0_1_0,5,3.0,0.096851
4669,3_6_1_0,1,6.0,0.096802
4670,2_1_0_0,5,2.0,0.096754
4671,3_3_0_1,1,3.0,0.096706
4672,2_2_0_0,3,2.0,0.096657
4673,1_5_0_0,3,2.0,0.096609
4674,3_2_0_0,3,2.0,0.096561
4675,3_1_1_1,0,9.0,0.096512
4676,3_2_0_1,4,1.5,0.096464
4677,3_0_0_0,2,-2.0,0.096416
4678,3_0_1_1,0,5.0,0.096368
4679,3_4_1_1,0,5.0,0.096319
4680,1_1_1_1,0,9.0,0.096271
4681,3_1_1_1,0,9.0,0.096223
4682,1_3_1_1,4,7.0,0.096175
4683,3_4_0_1,4,1.5,0.096127
4684,3_0_1_0,4,1.0,0.096079
4685,3_2_1_1,1,9.0,0.096031
4686,3_5_1_1,0,9.0,0.095983
4687,2_0_0_1,4,1.5,0.095935
4688,3_5_1_1,0,9.0,0.095887
4689,1_0_0_1,3,1.0,0.095839
4690,3_7_0_0,2,2.0,0.095791
4691,1_5_0_0,3,2.0,0.095743
4692,2_4_1_0,1,2.0,0.095695
4693,3_5_0_1,0,1.5,0.095647
4694,1_3_0_0,5,2.0,0.0956
4695,1_7_1_0,1,6.0,0.095552
4696,3_6_1_0,1,6.0,0.095504
4697,1_3_0_0,5,2.0,0.095456
4698,2_5_1_0,1,2.0,0.095409
4699,3_3_1_0,0,3.0,0.095361
4700,1_6_0_1,1,3.0,0.095313
4701,3_5_0_1,0,1.5,0.095265
4702,1_7_1_1,0,9.0,0.095218
4703,2_1_1_1,4,7.0,0.09517
4704,2_3_1_1,0,9.0,0.095123
4705,3_0_0_0,5,2.0,0.095075
4706,1_3_1_1,4,7.0,0.095028
4707,2_2_1_0,1,6.0,0.09498
4708,1_5_1_0,1,2.0,0.094933
4709,2_0_0_1,4,1.5,0.094885
4710,2_5_0_1,4,1.5,0.094838
4711,2_0_0_1,4,1.5,0.09479
4712,1_4_0_0,3,2.0,0.094743
4713,3_0_1_0,4,1.0,0.094695
4714,3_3_1_0,0,3.0,0.094648
4715,1_7_1_1,0,9.0,0.094601
4716,2_5_1_1,0,9.0,0.094553
4717,1_4_0_1,3,1.0,0.094506
4718,1_2_1_0,1,6.0,0.094459
4719,3_7_1_1,4,7.0,0.094412
4720,3_7_0_1,3,1.0,0.094365
4721,2_6_0_0,1,0.0,0.094317
4722,3_0_0_1,3,1.0,0.09427
4723,1_0_0_0,3,2.0,0.094223
4724,3_1_1_1,0,9.0,0.094176
4725,1_7_1_0,2,-3.0,0.094129
4726,3_6_1_0,1,6.0,0.094082
4727,3_1_0_1,0,1.5,0.094035
4728,3_5_1_1,0,9.0,0.093988
4729,2_0_0_1,4,1.5,0.093941
4730,3_1_0_1,0,1.5,0.093894
4731,1_2_1_0,1,6.0,0.093847
4732,1_6_1_1,4,7.0,0.0938
4733,1_5_0_0,3,2.0,0.093753
4734,2_4_1_0,1,2.0,0.093706
4735,2_2_0_0,3,2.0,0.093659
4736,3_0_1_1,0,5.0,0.093612
4737,2_2_0_1,4,1.5,0.093566
4738,1_3_1_1,4,7.0,0.093519
4739,2_0_0_0,5,2.0,0.093472
4740,3_3_1_0,0,3.0,0.093425
4741,1_1_0_1,0,1.5,0.093379
4742,1_3_1_1,4,7.0,0.093332
4743,3_6_1_1,4,7.0,0.093285
4744,2_3_1_0,1,6.0,0.093239
4745,2_6_1_0,1,6.0,0.093192
4746,2_3_0_0,3,2.0,0.093145
4747,2_0_1_1,1,5.0,0.093099
4748,2_4_0_0,3,2.0,0.093052
4749,3_2_0_1,1,3.0,0.093006
4750,2_2_1_0,1,6.0,0.092959
4751,2_3_0_0,3,2.0,0.092913
4752,3_6_0_0,5,2.0,0.092866
4753,3_0_1_0,4,1.0,0.09282
4754,1_5_0_0,3,2.0,0.092773
4755,3_3_0_0,5,2.0,0.092727
4756,1_0_0_1,3,1.0,0.092681
4757,1_7_1_0,1,6.0,0.092634
4758,2_2_1_1,4,7.0,0.092588
4759,3_1_0_0,3,2.0,0.092542
4760,3_3_1_0,0,3.0,0.092496
4761,1_1_0_1,3,1.0,0.092449
4762,2_6_0_0,1,0.0,0.092403
4763,3_1_1_1,0,9.0,0.092357
4764,2_0_0_0,5,2.0,0.092311
4765,2_0_1_1,2,-9.0,0.092265
4766,1_7_1_1,0,9.0,0.092218
4767,3_4_1_0,5,3.0,0.092172
4768,1_6_1_0,1,6.0,0.092126
4769,3_0_0_1,3,1.0,0.09208
4770,3_1_1_0,0,3.0,0.092034
4771,3_5_1_1,0,9.0,0.091988
4772,2_5_1_0,1,2.0,0.091942
4773,3_1_0_0,3,2.0,0.091896
4774,1_3_1_1,4,7.0,0.09185
4775,3_4_1_0,5,3.0,0.091804
4776,1_5_0_0,3,2.0,0.091758
4777,1_5_1_1,0,9.0,0.091712
4778,2_6_1_1,1,9.0,0.091667
4779,2_4_1_1,0,5.0,0.091621
4780,3_3_0_0,5,2.0,0.091575
4781,2_1_1_1,4,7.0,0.091529
4782,2_3_1_0,0,3.0,0.091483
4783,2_2_1_0,1,6.0,0.091438
4784,3_4_0_0,5,2.0,0.091392
4785,2_2_0_1,4,1.5,0.091346
4786,1_5_0_0,3,2.0,0.091301
4787,1_1_1_1,0,9.0,0.091255
4788,1_2_1_1,4,7.0,0.091209
4789,3_6_0_0,5,2.0,0.091164
4790,1_3_0_0,5,2.0,0.091118
4791,1_6_1_1,4,7.0,0.091073
4792,1_7_1_0,1,6.0,0.091027
4793,3_5_0_0,3,2.0,0.090981
4794,2_5_0_0,5,2.0,0.090936
4795,3_2_0_0,3,2.0,0.090891
4796,3_0_1_0,4,1.0,0.090845
4797,1_3_1_1,4,7.0,0.0908
4798,1_7_1_0,1,6.0,0.090754
4799,1_6_0_0,2,2.0,0.090709
4800,2_1_1_0,5,3.0,0.090664
4801,2_7_0_0,1,0.0,0.090618
4802,3_0_0_0,5,2.0,0.090573
4803,3_4_1_0,5,3.0,0.090528
4804,1_2_0_0,3,2.0,0.090482
4805,2_7_1_0,1,6.0,0.090437
4806,1_1_0_1,0,1.5,0.090392
4807,3_7_0_0,2,2.0,0.090347
4808,3_3_1_0,0,3.0,0.090302
4809,1_0_1_1,4,7.0,0.090256
4810,1_4_1_0,1,2.0,0.090211
4811,1_6_0_0,2,2.0,0.090166
4812,1_5_0_1,0,1.5,0.090121
4813,1_6_1_0,1,6.0,0.090076
4814,3_3_0_0,0,-4.5,0.090031
4815,3_2_1_1,1,9.0,0.089986
4816,3_3_1_1,1,9.0,0.089941
4817,2_3_0_1,3,1.0,0.089896
4818,2_1_1_0,5,3.0,0.089851
4819,1_2_0_1,3,1.0,0.089806
4820,2_5_1_1,0,9.0,0.089761
4821,2_1_1_0,5,3.0,0.089716
4822,3_4_0_1,4,1.5,0.089671
4823,1_1_1_0,5,3.0,0.089627
4824,1_3_1_1,4,7.0,0.089582
4825,1_5_1_1,0,9.0,0.089537
4826,2_4_0_1,2,0.0,0.089492
4827,2_5_1_1,0,9.0,0.089447
4828,2_4_0_0,3,2.0,0.089403
4829,3_6_0_0,5,2.0,0.089358
4830,2_3_1_0,1,6.0,0.089313
4831,3_2_1_1,1,9.0,0.089269
4832,3_0_0_1,3,1.0,0.089224
4833,1_0_1_1,4,7.0,0.089179
4834,3_5_1_1,0,9.0,0.089135
4835,1_3_0_0,5,2.0,0.08909
4836,1_5_0_0,3,2.0,0.089046
4837,3_1_1_0,0,3.0,0.089001
4838,3_2_1_0,1,6.0,0.088957
4839,2_6_1_0,3,-14.0,0.088912
4840,2_6_0_1,4,1.5,0.088868
4841,2_5_0_1,4,1.5,0.088823
4842,1_4_1_1,4,7.0,0.088779
4843,1_4_0_1,3,1.0,0.088735
4844,3_0_0_1,3,1.0,0.08869
4845,2_2_1_1,0,5.0,0.088646
4846,3_0_1_0,4,1.0,0.088602
4847,2_6_0_1,4,1.5,0.088557
4848,3_3_1_0,0,3.0,0.088513
4849,2_6_1_1,1,9.0,0.088469
4850,2_3_0_1,3,1.0,0.088424
4851,1_1_0_1,0,1.5,0.08838
4852,2_7_0_1,1,3.0,0.088336
4853,3_1_0_0,3,2.0,0.088292
4854,3_4_0_1,4,1.5,0.088248
4855,2_7_0_1,1,3.0,0.088204
4856,2_1_1_0,5,3.0,0.08816
4857,2_5_1_0,1,2.0,0.088115
4858,3_0_0_1,0,-2.5,0.088071
4859,2_5_1_1,5,1.0,0.088027
4860,3_6_0_0,4,-4.5,0.087983
4861,1_3_1_1,4,7.0,0.087939
4862,3_2_1_0,1,6.0,0.087895
4863,1_0_1_1,4,7.0,0.087851
4864,1_6_1_1,4,7.0,0.087808
4865,2_7_0_0,3,2.0,0.087764
4866,1_3_0_0,5,2.0,0.08772
4867,1_1_0_0,3,2.0,0.087676
4868,3_5_0_0,3,2.0,0.087632
4869,1_2_1_0,1,6.0,0.087588
4870,3_1_1_0,0,3.0,0.087544
4871,3_2_0_0,3,2.0,0.087501
4872,3_6_1_1,4,7.0,0.087457
4873,3_4_0_1,4,1.5,0.087413
4874,3_4_1_1,0,5.0,0.087369
4875,2_6_0_0,5,2.0,0.087326
4876,1_2_1_1,4,7.0,0.087282
4877,2_2_0_0,3,2.0,0.087238
4878,3_5_0_1,0,1.5,0.087195
4879,2_3_1_0,1,6.0,0.087151
4880,3_7_0_0,2,2.0,0.087108
4881,2_4_1_0,1,2.0,0.087064
4882,2_5_0_0,3,2.0,0.087021
4883,3_3_0_1,1,3.0,0.086977
4884,2_1_1_1,4,7.0,0.086934
4885,3_2_0_0,3,2.0,0.08689
4886,1_0_0_1,3,1.0,0.086847
4887,2_2_0_1,4,1.5,0.086803
4888,1_1_0_0,3,2.0,0.08676
4889,2_6_0_1,4,1.5,0.086716
4890,3_0_0_0,5,2.0,0.086673
4891,1_3_1_1,4,7.0,0.08663
4892,2_4_0_0,3,2.0,0.086586
4893,3_3_1_0,0,3.0,0.086543
4894,3_2_1_0,1,6.0,0.0865
4895,1_4_1_1,4,7.0,0.086457
4896,2_5_1_0,1,2.0,0.086413
4897,2_5_0_0,5,2.0,0.08637
4898,3_0_0_1,3,1.0,0.086327
4899,1_5_1_0,1,2.0,0.086284
4900,3_5_1_1,0,9.0,0.086241
4901,3_1_0_0,3,2.0,0.086198
4902,1_7_1_0,1,6.0,0.086155
4903,1_3_1_0,1,6.0,0.086111
4904,3_1_1_0,0,3.0,0.086068
4905,2_1_0_0,5,2.0,0.086025
4906,1_7_0_0,2,2.0,0.085982
4907,3_5_1_1,0,9.0,0.085939
4908,3_4_1_1,0,5.0,0.085896
4909,1_7_1_1,0,9.0,0.085853
4910,2_2_0_1,4,1.5,0.08581
4911,3_6_0_1,0,-2.5,0.085768
4912,2_5_1_0,1,2.0,0.085725
4913,1_5_0_1,0,1.5,0.085682
4914,2_1_0_0,3,2.0,0.085639
4915,1_4_1_0,5,3.0,0.085596
4916,3_1_0_1,0,1.5,0.085553
4917,2_0_0_0,1,-4.0,0.085511
4918,1_6_0_1,1,3.0,0.085468
4919,2_3_0_1,3,1.0,0.085425
4920,1_6_0_0,2,2.0,0.085382
4921,1_3_1_0,1,6.0,0.08534
4922,1_6_1_0,1,6.0,0.085297
4923,2_1_1_0,5,3.0,0.085254
4924,3_7_0_1,3,1.0,0.085212
4925,2_6_1_0,1,6.0,0.085169
4926,2_6_1_0,1,6.0,0.085127
4927,1_6_0_0,2,2.0,0.085084
4928,3_4_0_0,5,2.0,0.085041
4929,2_0_0_0,5,2.0,0.084999
4930,2_0_1_1,1,5.0,0.084956
4931,1_6_1_1,4,7.0,0.084914
4932,1_3_1_1,4,7.0,0.084872
4933,1_7_0_0,2,2.0,0.084829
4934,1_4_1_1,4,7.0,0.084787
4935,1_0_0_0,3,2.0,0.084744
4936,2_4_1_0,1,2.0,0.084702
4937,2_2_0_1,4,1.5,0.08466
4938,1_0_1_1,4,7.0,0.084617
4939,1_7_0_1,1,3.0,0.084575
4940,3_4_0_0,5,2.0,0.084533
4941,3_0_1_1,0,5.0,0.08449
4942,3_6_1_1,4,7.0,0.084448
4943,1_5_0_1,0,1.5,0.084406
4944,2_5_1_0,1,2.0,0.084364
4945,2_6_1_1,1,9.0,0.084322
4946,3_0_1_1,0,5.0,0.084279
4947,3_2_1_1,1,9.0,0.084237
4948,1_4_1_0,5,3.0,0.084195
4949,1_6_1_0,1,6.0,0.084153
4950,1_5_0_1,0,1.5,0.084111
4951,1_0_0_0,3,2.0,0.084069
4952,1_4_1_0,5,3.0,0.084027
4953,3_2_1_1,1,9.0,0.083985
4954,1_5_0_0,3,2.0,0.083943
4955,1_5_0_0,3,2.0,0.083901
4956,3_5_1_0,0,3.0,0.083859
4957,3_5_0_1,0,1.5,0.083817
4958,1_2_1_1,4,7.0,0.083775
4959,3_1_0_1,0,1.5,0.083733
4960,1_2_1_1,2,-9.0,0.083691
4961,1_2_1_0,1,6.0,0.083649
4962,3_5_0_0,3,2.0,0.083608
4963,2_3_1_1,0,9.0,0.083566
4964,2_0_0_0,5,2.0,0.083524
4965,1_5_0_0,3,2.0,0.083482
4966,1_7_0_1,1,3.0,0.083441
4967,1_3_1_1,4,7.0,0.083399
4968,2_6_1_0,1,6.0,0.083357
4969,3_7_1_0,1,6.0,0.083315
4970,1_4_0_0,0,-8.5,0.083274
4971,2_2_0_1,4,1.5,0.083232
4972,3_2_1_1,1,9.0,0.083191
4973,3_0_0_0,5,2.0,0.083149
4974,1_6_0_1,1,3.0,0.083107
4975,1_5_1_0,2,-3.0,0.083066
4976,2_6_0_1,4,1.5,0.083024
4977,1_1_0_0,5,2.0,0.082983
4978,3_1_0_0,3,2.0,0.082941
4979,3_7_1_1,4,7.0,0.0829
4980,2_3_0_1,5,0.0,0.082858
4981,1_4_0_0,3,2.0,0.082817
4982,1_3_1_0,1,6.0,0.082776
4983,3_5_1_1,0,9.0,0.082734
4984,1_3_1_0,1,6.0,0.082693
4985,1_3_1_1,4,7.0,0.082651
4986,3_7_1_0,1,6.0,0.08261
4987,2_4_1_1,0,5.0,0.082569
4988,1_0_0_1,3,1.0,0.082527
4989,3_5_1_1,0,9.0,0.082486
4990,2_4_1_1,0,5.0,0.082445
4991,1_1_1_1,0,9.0,0.082404
4992,1_2_0_0,5,2.0,0.082363
4993,2_2_0_0,3,2.0,0.082321
4994,3_3_0_1,1,3.0,0.08228
4995,2_5_1_0,1,2.0,0.082239
4996,1_7_0_1,1,3.0,0.082198
4997,2_2_0_0,3,2.0,0.082157
4998,2_4_1_0,1,2.0,0.082116
4999,2_6_0_0,1,0.0,0.082075
5000,2_7_1_0,1,6.0,0.082034
5001,3_3_0_1,1,3.0,0.081993
5002,2_5_1_1,0,9.0,0.081952
5003,2_2_0_1,4,1.5,0.081911
5004,3_2_0_0,3,2.0,0.08187
5005,2_2_0_0,3,2.0,0.081829
5006,3_0_1_1,0,5.0,0.081788
5007,3_4_0_0,5,2.0,0.081747
5008,3_2_0_1,4,1.5,0.081706
5009,3_3_0_1,1,3.0,0.081665
5010,1_6_0_0,2,2.0,0.081624
5011,3_2_1_0,1,6.0,0.081584
5012,1_0_1_1,4,7.0,0.081543
5013,3_6_1_0,1,6.0,0.081502
5014,1_4_0_1,3,1.0,0.081461
5015,1_6_1_1,4,7.0,0.081421
5016,3_7_1_1,4,7.0,0.08138
5017,2_7_1_1,0,9.0,0.081339
5018,1_3_0_1,0,1.5,0.081299
5019,3_5_0_1,2,0.0,0.081258
5020,1_2_1_1,4,7.0,0.081217
5021,2_1_1_0,5,3.0,0.081177
5022,2_5_1_1,0,9.0,0.081136
5023,3_1_0_0,3,2.0,0.081095
5024,2_3_0_0,3,2.0,0.081055
5025,2_3_1_1,0,9.0,0.081014
5026,1_7_0_1,1,3.0,0.080974
5027,2_5_0_0,5,2.0,0.080933
5028,2_3_0_0,3,2.0,0.080893
5029,1_4_0_0,3,2.0,0.080852
5030,1_1_1_0,5,3.0,0.080812
5031,3_6_1_1,4,7.0,0.080772
5032,3_6_1_1,1,9.0,0.080731
5033,3_5_1_0,0,3.0,0.080691
5034,1_6_0_0,2,2.0,0.080651
5035,3_2_0_1,4,1.5,0.08061
5036,1_5_0_0,3,2.0,0.08057
5037,3_2_1_1,1,9.0,0.08053
5038,3_1_0_1,0,1.5,0.080489
5039,1_0_0_1,3,1.0,0.080449
5040,1_3_1_1,4,7.0,0.080409
5041,1_6_1_0,1,6.0,0.080369
5042,2_1_1_0,5,3.0,0.080329
5043,2_5_1_1,0,9.0,0.080288
5044,3_5_0_1,0,1.5,0.080248
5045,3_5_1_0,0,3.0,0.080208
5046,3_5_0_0,3,2.0,0.080168
5047,3_2_1_0,1,6.0,0.080128
5048,1_0_0_0,3,2.0,0.080088
5049,2_7_0_0,3,2.0,0.080048
5050,1_2_1_1,4,7.0,0.080008
5051,3_0_1_0,4,1.0,0.079968
5052,2_6_0_1,4,1.5,0.079928
5053,2_1_0_1,0,1.5,0.079888
5054,1_5_0_1,0,1.5,0.079848
5055,3_4_1_0,5,3.0,0.079808
5056,1_4_1_1,4,7.0,0.079768
5057,3_0_0_1,3,1.0,0.079728
5058,1_5_1_0,1,2.0,0.079688
5059,3_2_0_0,3,2.0,0.079648
5060,3_5_0_0,3,2.0,0.079609
5061,1_4_0_1,3,1.0,0.079569
5062,2_4_1_1,0,5.0,0.079529
5063,2_3_1_0,1,6.0,0.079489
5064,2_1_0_0,5,2.0,0.07945
5065,3_2_0_1,4,1.5,0.07941
5066,2_7_0_1,1,3.0,0.07937
5067,1_3_0_0,5,2.0,0.07933
5068,2_5_1_1,0,9.0,0.079291
5069,1_5_1_0,1,2.0,0.079251
5070,3_7_1_0,1,6.0,0.079211
5071,2_2_1_0,1,6.0,0.079172
5072,2_4_0_0,3,2.0,0.079132
5073,3_4_0_0,5,2.0,0.079093
5074,1_5_1_0,1,2.0,0.079053
5075,1_4_0_1,3,1.0,0.079014
5076,3_5_1_0,0,3.0,0.078974
5077,2_0_0_1,4,1.5,0.078935
5078,3_6_1_1,4,7.0,0.078895
5079,2_4_0_0,3,2.0,0.078856
5080,2_7_1_1,0,9.0,0.078816
5081,2_0_1_1,1,5.0,0.078777
5082,3_5_1_1,3,-15.0,0.078738
5083,3_6_0_0,5,2.0,0.078698
5084,1_0_1_1,4,7.0,0.078659
5085,1_7_0_1,1,3.0,0.078619
5086,3_1_1_0,0,3.0,0.07858
5087,1_7_1_1,0,9.0,0.078541
5088,3_2_0_1,4,1.5,0.078502
5089,1_6_1_1,4,7.0,0.078462
5090,2_1_1_0,5,3.0,0.078423
5091,1_7_1_1,0,9.0,0.078384
5092,1_0_0_0,3,2.0,0.078345
5093,3_1_1_0,0,3.0,0.078306
5094,1_4_1_1,4,7.0,0.078266
5095,2_7_0_0,3,2.0,0.078227
5096,3_0_1_0,4,1.0,0.078188
5097,3_3_1_0,0,3.0,0.078149
5098,1_6_1_1,1,9.0,0.07811
5099,1_4_0_1,3,1.0,0.078071
5100,2_5_0_1,1,-1.0,0.078032
5101,2_7_1_1,0,9.0,0.077993
5102,2_1_0_1,0,1.5,0.077954
5103,3_1_1_1,0,9.0,0.077915
5104,1_6_1_0,1,6.0,0.077876
5105,2_5_0_1,4,1.5,0.077837
5106,3_0_1_1,0,5.0,0.077798
5107,2_3_1_1,0,9.0,0.077759
5108,2_6_1_1,1,9.0,0.07772
5109,2_5_1_1,0,9.0,0.077681
5110,2_0_0_1,4,1.5,0.077643
5111,2_6_0_1,4,1.5,0.077604
5112,3_3_1_0,0,3.0,0.077565
5113,1_5_1_1,0,9.0,0.077526
5114,1_7_1_1,0,9.0,0.077487
5115,3_0_0_1,3,1.0,0.077449
5116,3_5_1_1,0,9.0,0.07741
5117,1_2_1_1,4,7.0,0.077371
5118,2_6_1_0,1,6.0,0.077333
5119,2_3_1_1,0,9.0,0.077294
5120,3_3_1_0,0,3.0,0.077255
5121,1_2_1_1,4,7.0,0.077217
5122,3_1_0_1,0,1.5,0.077178
5123,3_5_0_0,3,2.0,0.077139
5124,2_5_1_0,1,2.0,0.077101
5125,1_4_0_1,0,-2.5,0.077062
5126,3_0_1_1,0,5.0,0.077024
5127,1_5_0_1,0,1.5,0.076985
5128,3_4_0_1,4,1.5,0.076947
5129,2_1_1_1,4,7.0,0.076908
5130,1_3_1_1,4,7.0,0.07687
5131,1_3_0_0,5,2.0,0.076831
5132,3_5_1_1,0,9.0,0.076793
5133,2_6_1_0,1,6.0,0.076755
5134,2_4_1_0,1,2.0,0.076716
5135,3_4_0_1,4,1.5,0.076678
5136,2_2_0_1,1,3.0,0.07664
5137,3_5_0_0,4,-4.5,0.076601
5138,1_0_0_0,3,2.0,0.076563
5139,2_7_0_1,1,3.0,0.076525
5140,1_4_0_0,3,2.0,0.076486
5141,3_3_0_1,1,3.0,0.076448
5142,2_6_1_0,1,6.0,0.07641
5143,3_2_1_1,1,9.0,0.076372
5144,2_6_0_1,4,1.5,0.076334
5145,1_3_1_0,1,6.0,0.076295
5146,2_3_1_0,1,6.0,0.076257
5147,2_7_0_1,1,3.0,0.076219
5148,3_4_1_1,0,5.0,0.076181
5149,2_4_1_0,1,2.0,0.076143
5150,1_1_1_1,0,9.0,0.076105
5151,1_6_0_0,2,2.0,0.076067
5152,1_2_1_0,1,6.0,0.076029
5153,1_6_0_1,1,3.0,0.075991
5154,2_1_0_1,0,1.5,0.075953
5155,1_1_0_0,2,-2.0,0.075915
5156,3_3_0_0,5,2.0,0.075877
5157,3_0_0_1,3,1.0,0.075839
5158,2_2_1_0,1,6.0,0.075801
5159,3_6_0_0,5,2.0,0.075763
5160,3_0_0_1,3,1.0,0.075725
5161,1_7_1_1,0,9.0,0.075687
5162,2_1_0_1,1,-1.0,0.075649
5163,2_4_0_1,4,1.5,0.075612
5164,2_0_0_1,0,-2.5,0.075574
5165,1_2_1_1,4,7.0,0.075536
5166,2_1_1_1,4,7.0,0.075498
5167,2_0_1_0,5,3.0,0.07546
5168,3_0_1_1,0,5.0,0.075423
5169,1_3_1_0,1,6.0,0.075385
5170,2_1_0_1,0,1.5,0.075347
5171,2_3_0_0,3,2.0,0.07531
5172,1_5_0_1,0,1.5,0.075272
5173,1_1_0_0,3,2.0,0.075234
5174,1_5_0_1,0,1.5,0.075197
5175,3_0_0_0,5,2.0,0.075159
5176,1_5_1_1,0,9.0,0.075122
5177,1_4_1_0,4,1.0,0.075084
5178,3_5_1_0,0,3.0,0.075046
5179,1_1_0_0,3,2.0,0.075009
5180,2_5_0_1,2,0.0,0.074971
5181,3_6_0_0,5,2.0,0.074934
5182,2_2_1_1,4,7.0,0.074897
5183,2_0_1_0,5,3.0,0.074859
5184,1_5_0_1,0,1.5,0.074822
5185,2_7_0_0,3,2.0,0.074784
5186,2_4_0_1,4,1.5,0.074747
5187,1_6_1_1,4,7.0,0.074709
5188,2_1_1_1,4,7.0,0.074672
5189,3_4_0_1,4,1.5,0.074635
5190,1_3_0_0,5,2.0,0.074597
5191,3_1_1_0,0,3.0,0.07456
5192,1_0_0_0,3,2.0,0.074523
5193,2_7_0_0,3,2.0,0.074486
5194,1_1_0_0,3,2.0,0.074448
5195,3_1_0_1,0,1.5,0.074411
5196,1_6_0_1,1,3.0,0.074374
5197,3_1_0_1,0,1.5,0.074337
5198,3_5_0_1,0,1.5,0.0743
5199,1_4_1_0,5,3.0,0.074262
5200,1_2_0_0,3,2.0,0.074225
5201,2_3_1_1,0,9.0,0.074188
5202,1_7_0_0,2,2.0,0.074151
5203,3_4_1_0,5,3.0,0.074114
5204,3_3_0_0,5,2.0,0.074077
5205,2_0_1_1,1,5.0,0.07404
5206,1_7_0_1,1,3.0,0.074003
5207,2_1_0_1,0,1.5,0.073966
5208,1_3_1_0,1,6.0,0.073929
5209,1_0_1_0,5,3.0,0.073892
5210,3_6_0_0,5,2.0,0.073855
5211,2_1_1_1,4,7.0,0.073818
5212,1_2_1_1,4,7.0,0.073781
5213,2_1_1_1,4,7.0,0.073744
5214,3_1_1_1,0,9.0,0.073707
5215,1_0_0_1,3,1.0,0.073671
5216,3_3_0_0,5,2.0,0.073634
5217,1_6_0_0,2,2.0,0.073597
5218,3_0_0_1,3,1.0,0.07356
5219,3_0_1_0,4,1.0,0.073523
5220,2_5_0_0,5,2.0,0.073487
5221,3_4_1_0,5,3.0,0.07345
5222,3_6_1_1,4,7.0,0.073413
5223,2_0_0_0,5,2.0,0.073376
5224,2_7_1_0,1,6.0,0.07334
5225,3_0_0_1,3,1.0,0.073303
5226,3_2_1_1,1,9.0,0.073266
5227,2_4_1_1,0,5.0,0.07323
5228,2_5_1_0,1,2.0,0.073193
5229,1_6_1_0,1,6.0,0.073157
5230,2_6_0_1,4,1.5,0.07312
5231,1_3_0_1,1,3.0,0.073083
5232,2_7_0_1,1,3.0,0.073047
5233,1_5_1_0,1,2.0,0.07301
5234,3_3_0_1,1,3.0,0.072974
5235,3_4_1_0,5,3.0,0.072937
5236,2_0_0_1,4,1.5,0.072901
5237,3_1_0_0,3,2.0,0.072864
5238,2_4_1_0,1,2.0,0.072828
5239,1_1_0_1,0,1.5,0.072792
5240,2_6_1_0,1,6.0,0.072755
5241,1_3_0_1,1,3.0,0.072719
5242,1_2_0_0,3,2.0,0.072682
5243,3_6_0_0,5,2.0,0.072646
5244,1_6_0_1,1,3.0,0.07261
5245,2_0_1_0,5,3.0,0.072573
5246,1_2_1_0,1,6.0,0.072537
5247,3_4_1_1,0,5.0,0.072501
5248,2_5_0_0,5,2.0,0.072465
5249,2_6_0_0,1,0.0,0.072428
5250,2_6_0_1,4,1.5,0.072392
5251,2_1_1_1,4,7.0,0.072356
5252,3_4_0_1,4,1.5,0.07232
5253,1_4_0_1,3,1.0,0.072284
5254,2_7_1_0,1,6.0,0.072248
5255,3_7_1_0,1,6.0,0.072211
5256,2_7_1_1,0,9.0,0.072175
5257,2_4_0_0,3,2.0,0.072139
5258,2_2_0_0,3,2.0,0.072103
5259,2_6_0_0,1,0.0,0.072067
5260,3_4_0_1,4,1.5,0.072031
5261,3_3_1_1,4,7.0,0.071995
5262,3_6_0_0,2,2.0,0.071959
5263,1_5_0_1,0,1.5,0.071923
5264,2_7_0_0,3,2.0,0.071887
5265,3_4_0_0,5,2.0,0.071851
5266,2_3_1_0,1,6.0,0.071815
5267,3_3_1_0,0,3.0,0.071779
5268,3_6_0_0,5,2.0,0.071743
5269,1_3_1_1,4,7.0,0.071708
5270,1_7_1_0,1,6.0,0.071672
5271,3_6_1_0,1,6.0,0.071636
5272,1_2_0_0,3,2.0,0.0716
5273,3_2_1_0,1,6.0,0.071564
5274,3_7_0_1,3,1.0,0.071528
5275,1_6_0_1,1,3.0,0.071493
5276,1_3_0_0,5,2.0,0.071457
5277,1_7_0_1,1,3.0,0.071421
5278,1_6_1_0,1,6.0,0.071386
5279,3_2_1_0,1,6.0,0.07135
5280,2_1_1_0,5,3.0,0.071314
5281,3_2_0_1,4,1.5,0.071279
5282,1_6_0_0,2,2.0,0.071243
5283,1_3_1_0,1,6.0,0.071207
5284,3_3_1_0,0,3.0,0.071172
5285,3_3_1_0,0,3.0,0.071136
5286,3_0_1_1,0,5.0,0.0711
5287,1_5_0_1,0,1.5,0.071065
5288,1_0_1_0,5,3.0,0.071029
5289,2_3_1_1,0,9.0,0.070994
5290,1_1_1_0,5,3.0,0.070958
5291,1_5_1_1,0,9.0,0.070923
5292,1_4_0_1,3,1.0,0.070887
5293,2_7_0_1,1,3.0,0.070852
5294,1_7_1_0,1,6.0,0.070817
5295,2_0_0_1,4,1.5,0.070781
5296,3_7_0_1,3,1.0,0.070746
5297,3_0_0_0,5,2.0,0.07071
5298,1_7_0_1,1,3.0,0.070675
5299,2_5_1_1,0,9.0,0.07064
5300,2_1_1_0,5,3.0,0.070604
5301,3_4_0_1,4,1.5,0.070569
5302,3_6_0_1,1,3.0,0.070534
5303,1_7_1_1,0,9.0,0.070499
5304,3_0_1_1,0,5.0,0.070463
5305,3_6_1_1,4,7.0,0.070428
5306,3_5_1_0,0,3.0,0.070393
5307,1_1_0_0,3,2.0,0.070358
5308,3_6_0_0,5,2.0,0.070322
5309,2_4_0_1,4,1.5,0.070287
5310,2_2_0_0,3,2.0,0.070252
5311,2_6_0_0,1,0.0,0.070217
5312,3_2_0_0,3,2.0,0.070182
5313,1_7_1_0,1,6.0,0.070147
5314,3_7_0_1,3,1.0,0.070112
5315,3_2_0_0,3,2.0,0.070077
5316,2_6_0_1,4,1.5,0.070042
5317,2_6_1_0,1,6.0,0.070007
5318,2_4_1_1,0,5.0,0.069972
5319,1_3_1_1,4,7.0,0.069937
5320,1_3_1_1,4,7.0,0.069902
5321,2_6_1_0,1,6.0,0.069867
5322,2_7_1_1,0,9.0,0.069832
5323,3_6_0_0,5,2.0,0.069797
5324,3_7_0_1,3,1.0,0.069762
5325,2_4_0_1,0,-2.5,0.069727
5326,1_4_0_0,3,2.0,0.069692
5327,1_2_0_0,3,2.0,0.069657
5328,3_1_0_0,3,2.0,0.069623
5329,3_4_0_1,4,1.5,0.069588
5330,2_2_0_1,4,1.5,0.069553
5331,1_3_1_1,3,-15.0,0.069518
5332,2_6_1_1,1,9.0,0.069483
5333,3_1_0_1,0,1.5,0.069449
5334,3_2_0_0,3,2.0,0.069414
5335,2_1_1_1,4,7.0,0.069379
5336,2_7_1_1,0,9.0,0.069345
5337,1_5_1_0,0,3.0,0.06931
5338,2_0_1_1,1,5.0,0.069275
5339,3_3_0_0,5,2.0,0.069241
5340,1_1_1_1,0,9.0,0.069206
5341,3_2_1_0,1,6.0,0.069171
5342,3_2_0_0,3,2.0,0.069137
5343,2_1_1_0,5,3.0,0.069102
5344,2_0_1_1,1,5.0,0.069068
5345,3_1_0_0,3,2.0,0.069033
5346,1_4_1_1,4,7.0,0.068999
5347,2_1_1_0,5,3.0,0.068964
5348,1_0_0_1,3,1.0,0.06893
5349,3_6_1_0,4,1.0,0.068895
5350,2_6_1_0,1,6.0,0.068861
5351,3_3_1_0,0,3.0,0.068826
5352,2_6_1_0,4,1.0,0.068792
5353,1_2_0_1,3,1.0,0.068758
5354,2_5_0_1,4,1.5,0.068723
5355,1_0_0_1,3,1.0,0.068689
5356,3_7_1_0,1,6.0,0.068654
5357,2_2_1_1,4,7.0,0.06862
5358,3_1_0_1,0,1.5,0.068586
5359,2_3_0_0,3,2.0,0.068551
5360,2_0_0_1,4,1.5,0.068517
5361,1_4_0_1,3,1.0,0.068483
5362,3_4_1_1,0,5.0,0.068449
5363,3_7_1_1,1,9.0,0.068414
5364,3_7_0_1,3,1.0,0.06838
5365,1_1_1_1,0,9.0,0.068346
5366,1_6_0_1,1,3.0,0.068312
5367,1_1_0_0,3,2.0,0.068278
5368,2_3_1_1,0,9.0,0.068244
5369,2_2_0_1,5,0.0,0.06821
5370,2_6_1_1,1,9.0,0.068175
5371,3_3_1_1,1,9.0,0.068141
5372,1_4_0_1,3,1.0,0.068107
5373,1_2_1_0,1,6.0,0.068073
5374,2_5_1_0,3,-14.0,0.068039
5375,3_3_0_1,4,1.5,0.068005
5376,2_3_0_0,3,2.0,0.067971
5377,1_2_0_1,3,1.0,0.067937
5378,3_1_1_0,0,3.0,0.067903
5379,1_6_0_0,2,2.0,0.067869
5380,2_1_1_1,4,7.0,0.067835
5381,3_6_0_0,5,2.0,0.067801
5382,2_1_0_0,5,2.0,0.067767
5383,3_5_0_0,3,2.0,0.067734
5384,1_3_0_0,5,2.0,0.0677
5385,1_6_0_0,2,2.0,0.067666
5386,2_4_0_1,4,1.5,0.067632
5387,1_7_1_1,0,9.0,0.067598
5388,1_0_0_0,3,2.0,0.067564
5389,2_6_1_0,1,6.0,0.067531
5390,2_1_1_1,4,7.0,0.067497
5391,1_6_0_0,2,2.0,0.067463
5392,2_5_1_1,0,9.0,0.067429
5393,1_7_0_1,1,3.0,0.067396
5394,3_7_0_0,2,2.0,0.067362
5395,1_2_1_1,4,7.0,0.067328
5396,2_0_1_0,5,3.0,0.067295
5397,2_3_1_1,0,9.0,0.067261
5398,3_4_0_1,4,1.5,0.067227
5399,2_5_0_1,4,1.5,0.067194
5400,1_2_1_1,4,7.0,0.06716
5401,3_2_1_1,1,9.0,0.067127
5402,1_5_0_1,0,1.5,0.067093
5403,1_4_0_1,3,1.0,0.067059
5404,3_4_1_1,0,5.0,0.067026
5405,2_1_0_1,0,1.5,0.066992
5406,3_3_1_0,0,3.0,0.066959
5407,1_7_0_1,1,3.0,0.066925
5408,2_3_0_0,3,2.0,0.066892
5409,3_7_1_0,1,6.0,0.066859
5410,2_6_1_0,1,6.0,0.066825
5411,2_1_1_0,5,3.0,0.066792
5412,1_0_0_0,3,2.0,0.066758
5413,1_6_0_1,1,3.0,0.066725
5414,1_3_1_0,1,6.0,0.066692
5415,1_7_1_0,1,6.0,0.066658
5416,1_0_0_0,3,2.0,0.066625
5417,3_0_1_1,0,5.0,0.066592
5418,3_3_1_0,0,3.0,0.066558
5419,3_7_0_0,2,2.0,0.066525
5420,1_1_1_0,5,3.0,0.066492
5421,2_7_0_1,5,0.0,0.066458
5422,2_3_0_1,3,1.0,0.066425
5423,2_0_0_0,5,2.0,0.066392
5424,1_3_1_0,1,6.0,0.066359
5425,2_6_0_0,1,0.0,0.066326
5426,2_4_0_0,3,2.0,0.066293
5427,1_5_1_0,1,2.0,0.066259
5428,1_3_1_1,4,7.0,0.066226
5429,1_6_0_0,2,2.0,0.066193
5430,1_3_0_1,1,3.0,0.06616
5431,1_3_0_0,5,2.0,0.066127
5432,1_4_0_0,3,2.0,0.066094
5433,3_5_1_1,0,9.0,0.066061
5434,2_6_0_0,1,0.0,0.066028
5435,1_0_1_1,2,-9.0,0.065995
5436,1_6_1_0,1,6.0,0.065962
5437,3_0_0_0,5,2.0,0.065929
5438,1_5_1_0,1,2.0,0.065896
5439,3_0_1_0,4,1.0,0.065863
5440,2_3_1_1,0,9.0,0.06583
5441,1_6_1_1,4,7.0,0.065797
5442,1_1_0_1,0,1.5,0.065764
5443,2_6_0_1,4,1.5,0.065731
5444,1_0_0_0,3,2.0,0.065698
5445,1_5_1_0,1,2.0,0.065666
5446,1_4_1_0,5,3.0,0.065633
5447,3_4_1_0,5,3.0,0.0656
5448,2_0_1_0,5,3.0,0.065567
5449,3_5_1_0,0,3.0,0.065534
5450,3_1_1_1,0,9.0,0.065502
5451,3_0_1_0,4,1.0,0.065469
5452,3_5_1_1,5,1.0,0.065436
5453,2_6_1_0,1,6.0,0.065403
5454,3_6_1_1,4,7.0,0.065371
5455,3_3_0_1,1,3.0,0.065338
5456,1_6_0_1,1,3.0,0.065305
5457,2_6_0_0,1,0.0,0.065273
5458,2_0_0_0,5,2.0,0.06524
5459,2_4_1_0,1,2.0,0.065207
5460,2_6_0_1,4,1.5,0.065175
5461,3_5_1_0,0,3.0,0.065142
5462,1_6_0_0,2,2.0,0.06511
5463,2_7_0_1,1,3.0,0.065077
5464,2_2_0_1,4,1.5,0.065045
5465,1_1_0_1,0,1.5,0.065012
5466,1_2_1_1,4,7.0,0.064979
5467,2_2_0_0,3,2.0,0.064947
5468,1_4_0_0,3,2.0,0.064915
5469,2_5_0_0,5,2.0,0.064882
5470,2_2_0_0,3,2.0,0.06485
5471,2_0_0_1,4,1.5,0.064817
5472,3_1_0_0,3,2.0,0.064785
5473,3_5_1_1,0,9.0,0.064752
5474,2_4_0_1,4,1.5,0.06472
5475,2_5_0_1,4,1.5,0.064688
5476,2_2_1_1,4,7.0,0.064655
5477,2_2_0_1,4,1.5,0.064623
5478,1_4_0_0,3,2.0,0.064591
5479,2_6_0_1,4,1.5,0.064558
5480,3_4_1_0,5,3.0,0.064526
5481,1_4_0_0,3,2.0,0.064494
5482,3_7_1_1,4,7.0,0.064462
5483,2_7_1_1,0,9.0,0.064429
5484,3_0_1_1,0,5.0,0.064397
5485,1_7_1_1,0,9.0,0.064365
5486,3_2_1_0,1,6.0,0.064333
5487,3_6_1_0,1,6.0,0.064301
5488,2_3_1_0,1,6.0,0.064268
5489,1_5_1_0,1,2.0,0.064236
5490,2_2_1_1,4,7.0,0.064204
5491,2_7_1_1,0,9.0,0.064172
5492,1_3_0_1,1,3.0,0.06414
5493,3_0_0_1,3,1.0,0.064108
5494,2_0_0_1,4,1.5,0.064076
5495,1_1_0_0,3,2.0,0.064044
5496,1_5_1_1,0,9.0,0.064012
5497,1_0_1_0,5,3.0,0.06398
5498,3_5_1_0,0,3.0,0.063948
5499,2_3_0_1,3,1.0,0.063916
5500,2_5_0_1,4,1.5,0.063884
5501,1_0_1_0,5,3.0,0.063852
5502,3_1_0_1,1,-1.0,0.06382
5503,1_2_1_0,1,6.0,0.063788
5504,2_2_0_0,3,2.0,0.063756
5505,2_1_0_0,5,2.0,0.063724
5506,1_0_0_1,3,1.0,0.063692
5507,3_4_0_0,5,2.0,0.063661
5508,3_7_1_1,4,7.0,0.063629
5509,2_1_1_1,4,7.0,0.063597
5510,3_1_1_1,0,9.0,0.063565
5511,1_0_0_1,3,1.0,0.063533
5512,3_2_1_1,1,9.0,0.063502
5513,2_2_1_1,4,7.0,0.06347
5514,2_2_1_1,4,7.0,0.063438
5515,1_7_1_1,0,9.0,0.063406
5516,2_0_1_0,5,3.0,0.063375
5517,1_7_1_1,0,9.0,0.063343
5518,2_7_0_0,3,2.0,0.063311
5519,3_0_1_0,4,1.0,0.06328
5520,2_1_0_0,5,2.0,0.063248
5521,1_2_0_0,3,2.0,0.063216
5522,3_2_0_1,4,1.5,0.063185
5523,2_1_1_0,5,3.0,0.063153
5524,3_7_0_1,3,1.0,0.063122
5525,1_3_1_1,4,7.0,0.06309
5526,1_5_0_0,3,2.0,0.063059
5527,3_1_0_0,3,2.0,0.063027
5528,3_1_1_0,0,3.0,0.062996
5529,2_1_0_0,5,2.0,0.062964
5530,2_7_0_0,3,2.0,0.062933
5531,2_5_0_1,4,1.5,0.062901
5532,1_2_0_0,3,2.0,0.06287
5533,1_7_1_1,0,9.0,0.062838
5534,2_7_1_0,1,6.0,0.062807
5535,3_3_0_1,1,3.0,0.062775
5536,3_1_1_0,4,1.0,0.062744
5537,2_3_0_0,3,2.0,0.062713
5538,1_4_1_1,4,7.0,0.062681
5539,2_7_0_1,1,3.0,0.06265
5540,1_0_0_1,3,1.0,0.062619
5541,2_4_1_1,0,5.0,0.062587
5542,1_2_0_1,3,1.0,0.062556
5543,1_5_0_0,3,2.0,0.062525
5544,1_3_1_1,4,7.0,0.062493
5545,3_0_0_0,5,2.0,0.062462
5546,3_5_0_1,0,1.5,0.062431
5547,3_1_0_0,3,2.0,0.0624
5548,2_1_1_1,4,7.0,0.062369
5549,2_7_1_0,1,6.0,0.062337
5550,3_4_1_1,0,5.0,0.062306
5551,3_7_1_1,4,7.0,0.062275
5552,1_3_0_1,1,3.0,0.062244
5553,1_7_1_0,1,6.0,0.062213
5554,2_4_0_1,4,1.5,0.062182
5555,3_1_0_0,3,2.0,0.062151
5556,1_5_0_0,3,2.0,0.06212
5557,3_4_0_1,4,1.5,0.062088
5558,2_3_0_1,3,1.0,0.062057
5559,2_1_0_0,5,2.0,0.062026
5560,2_7_1_1,0,9.0,0.061995
5561,2_5_0_0,5,2.0,0.061964
5562,2_6_0_0,1,0.0,0.061933
5563,1_5_0_0,3,2.0,0.061902
5564,2_0_1_0,5,3.0,0.061871
5565,1_6_1_0,0,-1.0,0.061841
5566,3_4_0_1,4,1.5,0.06181
5567,2_7_1_1,0,9.0,0.061779
5568,2_1_0_1,0,1.5,0.061748
5569,3_1_1_1,0,9.0,0.061717
5570,1_2_0_0,0,-8.5,0.061686
5571,1_0_1_0,5,3.0,0.061655
5572,3_0_1_0,4,1.0,0.061624
5573,2_7_0_1,1,3.0,0.061594
5574,2_1_0_1,4,1.5,0.061563
5575,2_6_0_1,4,1.5,0.061532
5576,3_2_1_1,1,9.0,0.061501
5577,3_1_0_0,3,2.0,0.061471
5578,3_4_1_0,5,3.0,0.06144
5579,3_0_0_1,3,1.0,0.061409
5580,2_7_0_0,3,2.0,0.061378
5581,1_0_0_0,3,2.0,0.061348
5582,2_3_0_0,0,-4.5,0.061317
5583,3_4_0_1,4,1.5,0.061286
5584,3_7_1_0,1,6.0,0.061256
5585,3_0_0_1,3,1.0,0.061225
5586,2_0_1_0,5,3.0,0.061194
5587,2_7_1_0,1,6.0,0.061164
5588,3_0_1_1,0,5.0,0.061133
5589,2_4_0_0,3,2.0,0.061103
5590,2_5_1_1,0,9.0,0.061072
5591,1_7_0_0,2,2.0,0.061042
5592,2_5_1_1,5,1.0,0.061011
5593,3_2_0_1,4,1.5,0.060981
5594,1_4_0_1,3,1.0,0.06095
5595,2_6_0_1,4,1.5,0.06092
5596,3_4_0_1,4,1.5,0.060889
5597,3_0_0_1,3,1.0,0.060859
5598,3_2_1_0,1,6.0,0.060828
5599,2_4_0_0,3,2.0,0.060798
5600,3_0_0_0,5,2.0,0.060767
5601,2_7_0_1,1,3.0,0.060737
5602,1_4_1_0,5,3.0,0.060707
5603,2_6_0_1,4,1.5,0.060676
5604,3_4_0_1,4,1.5,0.060646
5605,2_5_1_0,1,2.0,0.060616
5606,1_1_0_1,0,1.5,0.060585
5607,3_1_1_0,0,3.0,0.060555
5608,3_1_1_0,0,3.0,0.060525
5609,1_7_0_1,1,3.0,0.060495
5610,3_5_0_0,3,2.0,0.060464
5611,1_4_1_0,5,3.0,0.060434
5612,3_1_1_1,0,9.0,0.060404
5613,1_0_1_0,5,3.0,0.060374
5614,1_0_0_1,1,-1.0,0.060344
5615,2_0_1_1,4,7.0,0.060313
5616,2_5_1_1,0,9.0,0.060283
5617,3_3_0_1,1,3.0,0.060253
5618,1_1_1_1,0,9.0,0.060223
5619,2_7_1_1,0,9.0,0.060193
5620,3_0_0_1,3,1.0,0.060163
5621,3_4_1_0,5,3.0,0.060133
5622,3_6_0_0,5,2.0,0.060103
5623,1_3_1_0,1,6.0,0.060073
5624,3_5_1_0,0,3.0,0.060042
5625,2_0_1_0,5,3.0,0.060012
5626,3_3_1_1,1,9.0,0.059982
5627,3_5_0_0,3,2.0,0.059952
5628,3_1_0_0,3,2.0,0.059922
5629,2_2_0_0,3,2.0,0.059893
5630,2_7_1_0,1,6.0,0.059863
5631,3_3_0_0,5,2.0,0.059833
5632,2_0_1_0,5,3.0,0.059803
5633,2_0_0_0,5,2.0,0.059773
5634,3_1_0_0,3,2.0,0.059743
5635,1_6_0_0,2,2.0,0.059713
5636,2_5_0_1,4,1.5,0.059683
5637,3_3_1_1,1,9.0,0.059653
5638,2_0_0_1,5,0.0,0.059624
5639,2_3_0_1,3,1.0,0.059594
5640,1_5_0_0,3,2.0,0.059564
5641,2_0_1_0,5,3.0,0.059534
5642,3_2_1_1,1,9.0,0.059504
5643,3_4_0_1,4,1.5,0.059475
5644,1_6_0_1,1,3.0,0.059445
5645,1_1_0_0,3,2.0,0.059415
5646,1_6_0_1,1,3.0,0.059385
5647,1_5_1_0,1,2.0,0.059356
5648,3_2_1_0,1,6.0,0.059326
5649,1_4_1_0,5,3.0,0.059296
5650,3_6_1_1,4,7.0,0.059267
5651,2_5_0_1,4,1.5,0.059237
5652,2_0_1_0,5,3.0,0.059208
5653,1_0_1_0,5,3.0,0.059178
5654,1_1_0_1,0,1.5,0.059148
5655,3_6_0_1,1,3.0,0.059119
5656,2_3_1_1,0,9.0,0.059089
5657,2_1_1_1,4,7.0,0.05906
5658,2_7_1_0,1,6.0,0.05903
5659,3_1_0_0,3,2.0,0.059001
5660,3_6_1_1,4,7.0,0.058971
5661,2_1_1_1,0,9.0,0.058942
5662,3_3_1_0,0,3.0,0.058912
5663,1_6_1_1,4,7.0,0.058883
5664,1_5_0_1,0,1.5,0.058853
5665,3_1_1_1,0,9.0,0.058824
5666,1_1_0_1,0,1.5,0.058794
5667,2_4_0_1,4,1.5,0.058765
5668,2_6_1_0,1,6.0,0.058736
5669,3_5_1_0,0,3.0,0.058706
5670,2_7_1_0,1,6.0,0.058677
5671,1_2_0_1,3,1.0,0.058648
5672,3_2_1_0,1,6.0,0.058618
5673,3_5_0_1,0,1.5,0.058589
5674,2_4_0_1,4,1.5,0.05856
5675,1_1_0_0,3,2.0,0.05853
5676,3_4_0_1,4,1.5,0.058501
5677,3_1_0_1,0,1.5,0.058472
5678,2_4_1_1,0,5.0,0.058443
5679,3_2_0_0,3,2.0,0.058413
5680,1_4_0_1,3,1.0,0.058384
5681,1_2_0_1,3,1.0,0.058355
5682,2_4_0_1,4,1.5,0.058326
5683,3_5_1_1,0,9.0,0.058297
5684,1_7_1_0,1,6.0,0.058268
5685,3_3_0_0,5,2.0,0.058238
5686,1_3_1_0,1,6.0,0.058209
5687,3_2_0_0,3,2.0,0.05818
5688,2_2_1_0,1,6.0,0.058151
5689,1_3_1_1,4,7.0,0.058122
5690,2_1_1_1,4,7.0,0.058093
5691,3_5_1_1,0,9.0,0.058064
5692,3_4_0_0,5,2.0,0.058035
5693,3_2_0_1,4,1.5,0.058006
5694,2_4_1_1,0,5.0,0.057977
5695,2_7_0_1,1,3.0,0.057948
5696,1_6_1_1,5,1.0,0.057919
5697,3_4_0_1,4,1.5,0.05789
5698,1_3_1_1,4,7.0,0.057861
5699,3_6_1_1,4,7.0,0.057832
5700,1_2_1_0,1,6.0,0.057803
5701,2_5_1_0,1,2.0,0.057774
5702,2_1_1_1,4,7.0,0.057745
5703,2_4_0_1,4,1.5,0.057716
5704,3_2_1_0,1,6.0,0.057688
5705,1_6_0_1,1,3.0,0.057659
5706,3_2_1_0,4,1.0,0.05763
5707,3_6_1_0,1,6.0,0.057601
5708,1_6_1_0,1,6.0,0.057572
5709,1_0_1_0,5,3.0,0.057544
5710,2_5_1_1,0,9.0,0.057515
5711,1_3_1_1,4,7.0,0.057486
5712,3_4_1_0,5,3.0,0.057457
5713,2_7_0_1,1,3.0,0.057429
5714,1_4_1_1,4,7.0,0.0574
5715,2_3_1_0,1,6.0,0.057371
5716,3_7_0_0,2,2.0,0.057342
5717,2_0_0_0,5,2.0,0.057314
5718,1_0_0_1,3,1.0,0.057285
5719,3_5_1_1,0,9.0,0.057256
5720,1_2_0_1,3,1.0,0.057228
5721,3_0_1_0,4,1.0,0.057199
5722,2_4_1_0,1,2.0,0.057171
5723,1_3_0_1,1,3.0,0.057142
5724,1_1_0_1,0,1.5,0.057113
5725,2_1_0_0,5,2.0,0.057085
5726,1_5_1_0,1,2.0,0.057056
5727,2_5_1_0,1,2.0,0.057028
5728,1_4_0_1,3,1.0,0.056999
5729,2_1_1_0,5,3.0,0.056971
5730,2_6_0_0,1,0.0,0.056942
5731,3_0_0_0,5,2.0,0.056914
5732,3_4_0_0,5,2.0,0.056885
5733,3_1_1_0,0,3.0,0.056857
5734,2_2_0_0,3,2.0,0.056829
5735,3_0_0_0,5,2.0,0.0568
5736,2_4_0_1,3,1.0,0.056772
5737,2_1_0_0,5,2.0,0.056743
5738,3_1_1_1,0,9.0,0.056715
5739,2_2_0_0,3,2.0,0.056687
5740,3_3_1_0,1,6.0,0.056658
5741,1_0_0_0,3,2.0,0.05663
5742,2_0_0_0,5,2.0,0.056602
5743,3_1_1_0,0,3.0,0.056573
5744,1_1_1_1,0,9.0,0.056545
5745,1_6_0_1,1,3.0,0.056517
5746,1_5_0_0,3,2.0,0.056488
5747,3_1_1_1,0,9.0,0.05646
5748,1_3_0_0,5,2.0,0.056432
5749,3_6_1_1,4,7.0,0.056404
5750,1_1_0_1,4,1.5,0.056376
5751,2_6_0_1,4,1.5,0.056347
5752,3_6_0_1,1,3.0,0.056319
5753,1_1_1_0,5,3.0,0.056291
5754,1_4_1_1,4,7.0,0.056263
5755,3_7_1_1,4,7.0,0.056235
5756,3_2_1_0,1,6.0,0.056207
5757,3_3_1_0,0,3.0,0.056179
5758,1_7_0_0,2,2.0,0.05615
5759,2_0_1_0,5,3.0,0.056122
5760,2_4_0_0,4,-4.5,0.056094
5761,1_4_0_1,3,1.0,0.056066
5762,1_6_0_1,1,3.0,0.056038
5763,2_1_0_1,0,1.5,0.05601
5764,2_4_0_0,3,2.0,0.055982
5765,3_6_0_0,5,2.0,0.055954
5766,1_1_1_1,0,9.0,0.055926
5767,1_1_0_1,0,1.5,0.055898
5768,2_7_0_1,1,3.0,0.05587
5769,3_5_0_1,0,1.5,0.055842
5770,1_1_1_1,0,9.0,0.055815
5771,2_0_0_1,4,1.5,0.055787
5772,2_1_1_0,5,3.0,0.055759
5773,1_0_0_1,3,1.0,0.055731
5774,2_3_0_1,3,1.0,0.055703
5775,3_3_1_0,0,3.0,0.055675
5776,3_2_1_0,1,6.0,0.055647
5777,2_0_1_0,5,3.0,0.055619
5778,2_0_1_1,1,5.0,0.055592
5779,3_5_0_0,3,2.0,0.055564
5780,3_1_0_0,3,2.0,0.055536
5781,3_5_0_0,3,2.0,0.055508
5782,1_3_1_1,4,7.0,0.055481
5783,2_4_1_1,0,5.0,0.055453
5784,2_6_1_0,1,6.0,0.055425
5785,1_5_1_1,0,9.0,0.055397
5786,1_5_0_1,0,1.5,0.05537
5787,1_6_0_1,1,3.0,0.055342
5788,2_3_1_1,0,9.0,0.055314
5789,3_2_0_1,4,1.5,0.055287
5790,2_0_0_0,5,2.0,0.055259
5791,3_7_0_0,2,2.0,0.055231
5792,2_7_0_0,3,2.0,0.055204
5793,2_4_1_0,1,2.0,0.055176
5794,3_2_0_0,3,2.0,0.055149
5795,2_1_0_1,0,1.5,0.055121
5796,1_4_0_1,3,1.0,0.055093
5797,3_5_0_0,3,2.0,0.055066
5798,1_0_1_0,5,3.0,0.055038
5799,3_1_0_1,0,1.5,0.055011
5800,2_6_1_0,1,6.0,0.054983
5801,1_1_0_0,3,2.0,0.054956
5802,1_1_1_0,5,3.0,0.054928
5803,3_2_0_1,4,1.5,0.054901
5804,2_6_0_0,0,-8.5,0.054873
5805,2_7_1_1,0,9.0,0.054846
5806,1_7_1_0,1,6.0,0.054819
5807,2_1_0_1,0,1.5,0.054791
5808,2_3_0_0,3,2.0,0.054764
5809,2_0_1_1,1,5.0,0.054736
5810,1_6_0_0,2,2.0,0.054709
5811,2_1_0_0,5,2.0,0.054682
5812,3_5_1_0,0,3.0,0.054654
5813,2_6_1_1,1,9.0,0.054627
5814,3_6_0_1,1,3.0,0.0546
5815,2_1_1_0,5,3.0,0.054572
5816,2_7_0_0,3,2.0,0.054545
5817,3_5_0_0,3,2.0,0.054518
5818,1_2_0_1,3,1.0,0.054491
5819,1_4_0_0,3,2.0,0.054463
5820,2_7_1_1,0,9.0,0.054436
5821,2_4_0_1,4,1.5,0.054409
5822,3_1_0_0,3,2.0,0.054382
5823,3_3_0_0,5,2.0,0.054354
5824,1_4_1_1,4,7.0,0.054327
5825,1_7_0_0,2,2.0,0.0543
5826,2_1_0_1,0,1.5,0.054273
5827,3_3_1_1,1,9.0,0.054246
5828,3_2_1_1,1,9.0,0.054219
5829,2_0_1_0,5,3.0,0.054192
5830,3_3_1_1,1,9.0,0.054165
5831,2_4_1_1,3,-15.0,0.054137
5832,2_7_1_1,0,9.0,0.05411
5833,2_1_1_0,5,3.0,0.054083
5834,2_3_1_1,0,9.0,0.054056
5835,2_2_0_0,3,2.0,0.054029
5836,3_1_1_0,0,3.0,0.054002
5837,2_4_0_0,3,2.0,0.053975
5838,3_1_1_0,0,3.0,0.053948
5839,3_1_0_0,3,2.0,0.053921
5840,3_6_1_1,4,7.0,0.053894
5841,1_3_0_1,1,3.0,0.053867
5842,3_5_0_0,3,2.0,0.05384
5843,2_2_1_1,4,7.0,0.053814
5844,1_6_0_1,1,3.0,0.053787
5845,1_6_0_1,1,3.0,0.05376
5846,3_6_1_0,1,6.0,0.053733
5847,2_1_0_0,5,2.0,0.053706
5848,3_1_1_0,0,3.0,0.053679
5849,3_2_0_1,4,1.5,0.053652
5850,2_6_1_0,1,6.0,0.053625
5851,3_0_1_1,0,5.0,0.053599
5852,1_7_1_1,0,9.0,0.053572
5853,2_7_0_0,3,2.0,0.053545
5854,3_0_0_0,5,2.0,0.053518
5855,2_7_0_1,1,3.0,0.053492
5856,3_6_1_1,2,-5.0,0.053465
5857,1_4_0_0,3,2.0,0.053438
5858,1_3_0_0,5,2.0,0.053411
5859,3_3_0_0,5,2.0,0.053385
5860,3_3_0_0,5,2.0,0.053358
5861,2_5_0_1,4,1.5,0.053331
5862,2_4_0_1,4,1.5,0.053305
5863,3_4_0_1,4,1.5,0.053278
5864,1_5_0_0,3,2.0,0.053251
5865,1_2_0_0,3,2.0,0.053225
5866,3_1_1_1,0,9.0,0.053198
5867,3_6_1_0,1,6.0,0.053171
5868,3_2_0_0,3,2.0,0.053145
5869,3_4_1_1,1,5.0,0.053118
5870,3_2_0_0,3,2.0,0.053092
5871,3_4_1_1,0,5.0,0.053065
5872,2_5_0_1,4,1.5,0.053039
5873,3_6_0_0,5,2.0,0.053012
5874,2_6_1_0,1,6.0,0.052986
5875,3_2_1_1,1,9.0,0.052959
5876,3_6_1_1,4,7.0,0.052933
5877,1_7_0_0,2,2.0,0.052906
5878,3_3_1_1,1,9.0,0.05288
5879,2_0_1_0,5,3.0,0.052853
5880,3_5_0_1,0,1.5,0.052827
5881,1_6_1_1,4,7.0,0.0528
5882,1_2_0_0,3,2.0,0.052774
5883,3_2_0_0,3,2.0,0.052748
5884,2_7_0_1,1,3.0,0.052721
5885,1_1_1_0,5,3.0,0.052695
5886,3_2_1_1,1,9.0,0.052669
5887,2_1_0_1,0,1.5,0.052642
5888,1_3_0_0,5,2.0,0.052616
5889,1_6_0_0,2,2.0,0.05259
5890,1_7_1_0,1,6.0,0.052563
5891,3_0_1_0,4,1.0,0.052537
5892,1_7_0_1,1,3.0,0.052511
5893,2_3_1_1,0,9.0,0.052485
5894,2_6_1_1,1,9.0,0.052458
5895,1_1_0_0,3,2.0,0.052432
5896,1_0_1_0,5,3.0,0.052406
5897,2_4_0_0,3,2.0,0.05238
5898,3_1_1_1,0,9.0,0.052353
5899,1_0_0_0,3,2.0,0.052327
5900,1_3_1_0,1,6.0,0.052301
5901,2_4_1_0,1,2.0,0.052275
5902,3_4_0_0,5,2.0,0.052249
5903,1_3_1_0,1,6.0,0.052223
5904,2_0_1_0,5,3.0,0.052197
5905,3_0_0_0,5,2.0,0.05217
5906,1_5_1_0,1,2.0,0.052144
5907,2_7_1_1,4,7.0,0.052118
5908,1_0_0_1,3,1.0,0.052092
5909,3_0_0_1,3,1.0,0.052066
5910,1_5_1_1,0,9.0,0.05204
5911,3_0_0_1,3,1.0,0.052014
5912,1_2_0_1,3,1.0,0.051988
5913,2_4_1_1,0,5.0,0.051962
5914,1_6_1_1,4,7.0,0.051936
5915,3_2_0_1,4,1.5,0.05191
5916,1_5_0_1,0,1.5,0.051884
5917,2_1_1_0,5,3.0,0.051858
5918,3_6_1_0,1,6.0,0.051832
5919,3_3_0_0,5,2.0,0.051806
5920,3_0_1_0,4,1.0,0.051781
5921,3_7_1_1,4,7.0,0.051755
5922,1_2_0_1,3,1.0,0.051729
5923,2_6_0_0,1,0.0,0.051703
5924,2_7_0_1,1,3.0,0.051677
5925,1_4_0_1,3,1.0,0.051651
5926,1_1_1_1,0,9.0,0.051625
5927,2_6_1_0,1,6.0,0.0516
5928,1_5_0_0,3,2.0,0.051574
5929,1_3_1_0,1,6.0,0.051548
5930,2_7_0_0,3,2.0,0.051522
5931,2_7_0_0,3,2.0,0.051496
5932,3_0_0_1,3,1.0,0.051471
5933,2_5_0_0,5,2.0,0.051445
5934,3_4_1_0,5,3.0,0.051419
5935,2_1_1_1,5,1.0,0.051394
5936,1_4_0_0,3,2.0,0.051368
5937,3_0_0_0,5,2.0,0.051342
5938,2_2_1_1,4,7.0,0.051317
5939,3_3_1_0,0,3.0,0.051291
5940,1_3_0_1,1,3.0,0.051265
5941,2_2_1_0,1,6.0,0.05124
5942,1_3_1_0,1,6.0,0.051214
5943,1_6_0_0,2,2.0,0.051188
5944,3_0_0_1,3,1.0,0.051163
5945,1_5_1_0,1,2.0,0.051137
5946,1_0_0_0,3,2.0,0.051112
5947,3_7_1_1,0,9.0,0.051086
5948,3_3_0_0,5,2.0,0.051061
5949,3_0_0_1,3,1.0,0.051035
5950,3_4_1_1,0,5.0,0.051009
5951,2_3_1_1,0,9.0,0.050984
5952,3_3_0_1,1,3.0,0.050958
5953,1_6_0_1,1,3.0,0.050933
5954,1_5_1_1,0,9.0,0.050908
5955,1_6_0_0,2,2.0,0.050882
5956,2_1_0_0,5,2.0,0.050857
5957,2_4_0_0,3,2.0,0.050831
5958,1_1_0_1,0,1.5,0.050806
5959,1_5_1_0,1,2.0,0.05078
5960,2_7_0_1,1,3.0,0.050755
5961,3_6_0_1,1,3.0,0.05073
5962,3_1_0_1,0,1.5,0.050704
5963,1_5_1_0,1,2.0,0.050679
5964,1_5_0_0,3,2.0,0.050654
5965,3_2_0_0,3,2.0,0.050628
5966,1_4_0_1,3,1.0,0.050603
5967,1_1_0_1,0,1.5,0.050578
5968,2_5_0_0,5,2.0,0.050552
5969,2_2_1_0,1,6.0,0.050527
5970,2_2_1_0,1,6.0,0.050502
5971,1_5_0_0,3,2.0,0.050477
5972,3_7_1_1,4,7.0,0.050451
5973,3_6_0_0,5,2.0,0.050426
5974,3_6_1_1,2,-5.0,0.050401
5975,3_0_1_1,0,5.0,0.050376
5976,1_5_0_1,0,1.5,0.05035
5977,1_5_0_0,3,2.0,0.050325
5978,2_3_0_0,3,2.0,0.0503
5979,3_5_1_1,0,9.0,0.050275
5980,2_7_0_1,1,3.0,0.05025
5981,3_0_1_0,4,1.0,0.050225
5982,3_6_1_1,4,7.0,0.0502
5983,1_1_0_0,3,2.0,0.050175
5984,3_6_1_1,4,7.0,0.050149
5985,3_7_1_1,4,7.0,0.050124
5986,1_2_0_1,3,1.0,0.050099
5987,1_2_1_0,1,6.0,0.050074
5988,3_5_1_1,4,7.0,0.050049
5989,2_4_1_0,1,2.0,0.050024
5990,1_0_1_0,5,3.0,0.05
5991,2_1_1_0,5,3.0,0.05
5992,1_6_1_1,4,7.0,0.05
5993,1_2_0_1,3,1.0,0.05
5994,2_1_1_1,4,7.0,0.05
5995,3_6_1_0,1,6.0,0.05
5996,2_2_1_1,4,7.0,0.05
5997,2_6_0_1,4,1.5,0.05
5998,2_2_0_0,3,2.0,0.05
5999,3_3_1_0,0,3.0,0.05
6000,1_7_0_0,2,2.0,0.05
6001,1_1_1_1,0,9.0,0.05
6002,1_5_0_1,0,1.5,0.05
6003,1_2_0_0,3,2.0,0.05
6004,2_4_0_1,4,1.5,0.05
6005,3_3_0_0,5,2.0,0.05
6006,3_7_1_0,1,6.0,0.05
6007,1_3_0_0,0,-4.5,0.05
6008,3_5_1_1,0,9.0,0.05
6009,3_2_1_0,1,6.0,0.05
6010,3_7_0_0,2,2.0,0.05
6011,2_2_0_1,4,1.5,0.05
6012,2_1_1_1,4,7.0,0.05
6013,1_3_1_0,1,6.0,0.05
6014,1_7_1_0,1,6.0,0.05
6015,2_0_1_0,5,3.0,0.05
6016,3_4_1_1,0,5.0,0.05
6017,3_2_0_1,4,1.5,0.05
6018,1_4_1_1,4,7.0,0.05
6019,3_6_1_1,4,7.0,0.05
6020,3_6_0_1,1,3.0,0.05
6021,3_1_0_1,0,1.5,0.05
6022,3_6_1_1,4,7.0,0.05
6023,2_5_0_1,4,1.5,0.05
6024,2_5_0_0,5,2.0,0.05
6025,3_1_1_1,0,9.0,0.05
6026,2_1_0_0,5,2.0,0.05
6027,2_4_1_0,1,2.0,0.05
6028,1_1_1_0,5,3.0,0.05
6029,2_6_0_1,4,1.5,0.05
6030,3_1_1_0,0,3.0,0.05
6031,1_1_0_0,3,2.0,0.05
6032,3_0_0_1,3,1.0,0.05
6033,1_3_0_1,1,3.0,0.05
6034,1_7_0_1,1,3.0,0.05
6035,2_0_1_1,1,5.0,0.05
6036,2_4_1_1,0,5.0,0.05
6037,1_0_1_0,5,3.0,0.05
6038,3_3_1_1,1,9.0,0.05
6039,3_2_1_0,1,6.0,0.05
6040,3_0_1_0,4,1.0,0.05
6041,1_3_0_0,5,2.0,0.05
6042,3_0_0_0,5,2.0,0.05
6043,1_2_0_0,3,2.0,0.05
6044,1_7_0_1,1,3.0,0.05
6045,3_4_0_1,4,1.5,0.05
6046,1_7_0_0,1,0.0,0.05
6047,1_4_0_1,3,1.0,0.05
6048,1_6_0_1,1,3.0,0.05
6049,2_4_1_0,1,2.0,0.05
6050,3_7_0_0,2,2.0,0.05
6051,3_1_0_0,3,2.0,0.05
6052,2_5_1_0,1,2.0,0.05
6053,3_7_0_0,2,2.0,0.05
6054,3_6_0_1,1,3.0,0.05
6055,3_0_1_0,3,-14.0,0.05
6056,2_5_0_1,4,1.5,0.05
6057,2_5_0_0,5,2.0,0.05
6058,3_0_0_1,3,1.0,0.05
6059,2_2_0_1,4,1.5,0.05
6060,1_2_0_1,3,1.0,0.05
6061,2_5_0_0,5,2.0,0.05
6062,3_2_0_0,3,2.0,0.05
6063,1_1_0_1,0,1.5,0.05
6064,3_5_1_0,0,3.0,0.05
6065,2_4_1_0,1,2.0,0.05
6066,1_1_1_0,5,3.0,0.05
6067,2_3_0_0,3,2.0,0.05
6068,2_4_0_0,3,2.0,0.05
6069,3_3_1_0,0,3.0,0.05
6070,3_0_1_1,0,5.0,0.05
6071,3_4_0_1,4,1.5,0.05
6072,1_7_0_0,2,2.0,0.05
6073,3_5_1_1,0,9.0,0.05
6074,1_0_0_1,3,1.0,0.05
6075,1_1_1_0,5,3.0,0.05
6076,3_5_0_1,0,1.5,0.05
6077,2_6_1_0,1,6.0,0.05
6078,1_6_1_1,4,7.0,0.05
6079,1_3_0_1,1,3.0,0.05
6080,3_2_0_1,4,1.5,0.05
6081,3_6_1_1,4,7.0,0.05
6082,3_0_1_0,4,1.0,0.05
6083,3_3_0_1,1,3.0,0.05
6084,1_7_0_1,1,3.0,0.05
6085,3_2_1_1,1,9.0,0.05
6086,3_1_0_0,3,2.0,0.05
6087,1_7_0_0,2,2.0,0.05
6088,2_7_0_1,1,3.0,0.05
6089,1_3_1_0,1,6.0,0.05
6090,1_1_0_0,3,2.0,0.05
6091,2_0_0_0,5,2.0,0.05
6092,1_3_1_1,4,7.0,0.05
6093,1_5_0_1,0,1.5,0.05
6094,3_1_1_0,0,3.0,0.05
6095,2_0_0_0,5,2.0,0.05
6096,2_2_1_1,4,7.0,0.05
6097,1_0_1_1,5,1.0,0.05
6098,3_6_1_0,1,6.0,0.05
6099,3_4_0_0,5,2.0,0.05
6100,1_4_1_0,5,3.0,0.05
6101,3_2_0_0,3,2.0,0.05
6102,2_6_1_1,1,9.0,0.05
6103,3_3_0_1,1,3.0,0.05
6104,1_3_1_0,1,6.0,0.05
6105,1_1_1_0,5,3.0,0.05
6106,2_0_0_0,5,2.0,0.05
6107,2_7_0_1,1,3.0,0.05
6108,1_2_1_0,1,6.0,0.05
6109,2_1_1_1,4,7.0,0.05
6110,3_3_1_1,1,9.0,0.05
6111,3_3_1_1,1,9.0,0.05
6112,1_3_1_1,4,7.0,0.05
6113,1_5_0_0,3,2.0,0.05
6114,2_2_0_0,3,2.0,0.05
6115,1_4_0_1,3,1.0,0.05
6116,1_7_1_1,0,9.0,0.05
6117,1_1_0_0,3,2.0,0.05
6118,2_4_0_0,3,2.0,0.05
6119,3_7_1_0,1,6.0,0.05
6120,3_2_0_0,3,2.0,0.05
6121,3_1_0_1,0,1.5,0.05
6122,2_7_1_0,1,6.0,0.05
6123,1_6_1_1,4,7.0,0.05
6124,1_1_1_0,5,3.0,0.05
6125,3_1_1_0,0,3.0,0.05
6126,1_6_0_0,2,2.0,0.05
6127,1_1_0_1,0,1.5,0.05
6128,2_2_1_0,1,6.0,0.05
6129,3_2_0_1,4,1.5,0.05
6130,3_5_1_1,0,9.0,0.05
6131,2_0_1_1,1,5.0,0.05
6132,1_1_0_1,0,1.5,0.05
6133,3_2_1_0,1,6.0,0.05
6134,1_0_0_0,3,2.0,0.05
6135,2_0_0_1,4,1.5,0.05
6136,2_1_0_1,0,1.5,0.05
6137,1_2_1_1,4,7.0,0.05
6138,1_1_1_1,0,9.0,0.05
6139,1_3_1_0,1,6.0,0.05
6140,3_1_1_1,0,9.0,0.05
6141,1_5_0_0,3,2.0,0.05
6142,2_4_1_1,0,5.0,0.05
6143,1_3_1_0,1,6.0,0.05
6144,1_3_1_0,1,6.0,0.05
6145,2_3_1_1,0,9.0,0.05
6146,2_4_1_1,0,5.0,0.05
6147,2_2_0_0,3,2.0,0.05
6148,1_3_0_1,1,3.0,0.05
6149,3_0_1_1,0,5.0,0.05
6150,2_5_0_1,4,1.5,0.05
6151,2_6_0_1,4,1.5,0.05
6152,3_6_0_1,5,0.0,0.05
6153,3_6_0_1,1,3.0,0.05
6154,3_6_1_1,4,7.0,0.05
6155,2_0_1_1,1,5.0,0.05
6156,1_3_1_1,4,7.0,0.05
6157,2_3_0_0,3,2.0,0.05
6158,2_3_0_0,3,2.0,0.05
6159,3_3_0_1,1,3.0,0.05
6160,3_7_1_1,4,7.0,0.05
6161,3_3_0_1,1,3.0,0.05
6162,3_1_0_0,3,2.0,0.05
6163,3_2_0_0,3,2.0,0.05
6164,2_2_1_0,1,6.0,0.05
6165,3_6_1_0,1,6.0,0.05
6166,1_6_1_0,1,6.0,0.05
6167,1_7_1_1,3,-15.0,0.05
6168,1_7_0_1,1,3.0,0.05
6169,1_7_0_1,1,3.0,0.05
6170,2_0_0_0,5,2.0,0.05
6171,1_6_0_1,1,3.0,0.05
6172,3_3_0_0,5,2.0,0.05
6173,3_3_1_1,1,9.0,0.05
6174,1_0_1_0,5,3.0,0.05
6175,1_6_0_0,2,2.0,0.05
6176,3_4_1_1,0,5.0,0.05
6177,3_7_1_1,4,7.0,0.05
6178,2_2_0_1,4,1.5,0.05
6179,3_6_0_1,1,3.0,0.05
6180,1_1_1_1,0,9.0,0.05
6181,1_0_1_1,4,7.0,0.05
6182,3_7_0_0,2,2.0,0.05
6183,3_5_0_1,0,1.5,0.05
6184,3_3_1_1,1,9.0,0.05
6185,2_6_1_0,1,6.0,0.05
6186,3_4_0_0,5,2.0,0.05
6187,2_3_0_0,3,2.0,0.05
6188,1_7_0_0,2,2.0,0.05
6189,1_2_0_1,3,1.0,0.05
6190,3_7_1_0,1,6.0,0.05
6191,3_6_0_0,5,2.0,0.05
6192,1_1_0_1,0,1.5,0.05
6193,2_3_1_0,1,6.0,0.05
6194,3_4_1_0,5,3.0,0.05
6195,1_7_0_0,2,2.0,0.05
6196,2_3_0_1,4,1.5,0.05
6197,3_6_1_1,4,7.0,0.05
6198,3_0_0_0,5,2.0,0.05
6199,2_6_1_1,1,9.0,0.05
6200,3_2_1_0,1,6.0,0.05
6201,1_6_1_1,4,7.0,0.05
6202,2_0_1_1,1,5.0,0.05
6203,2_0_0_1,4,1.5,0.05
6204,1_1_1_1,0,9.0,0.05
6205,3_1_1_0,0,3.0,0.05
6206,3_7_1_1,4,7.0,0.05
6207,2_3_0_0,3,2.0,0.05
6208,3_4_1_1,0,5.0,0.05
6209,3_1_0_1,4,1.5,0.05
6210,3_5_1_0,0,3.0,0.05
6211,3_6_1_0,1,6.0,0.05
6212,1_5_1_0,1,2.0,0.05
6213,2_2_1_1,4,7.0,0.05
6214,2_7_1_0,1,6.0,0.05
6215,3_7_1_1,4,7.0,0.05
6216,1_2_0_1,3,1.0,0.05
6217,2_2_0_1,4,1.5,0.05
6218,1_3_0_0,5,2.0,0.05
6219,2_4_0_0,3,2.0,0.05
6220,2_4_0_1,4,1.5,0.05
6221,1_4_0_0,3,2.0,0.05
6222,1_3_1_1,4,7.0,0.05
6223,3_1_0_0,3,2.0,0.05
6224,2_7_1_1,0,9.0,0.05
6225,1_7_0_1,1,3.0,0.05
6226,1_1_0_1,0,1.5,0.05
6227,1_6_1_1,4,7.0,0.05
6228,2_4_0_1,5,0.0,0.05
6229,1_5_0_0,3,2.0,0.05
6230,3_1_1_0,0,3.0,0.05
6231,2_6_0_1,4,1.5,0.05
6232,3_6_0_1,1,3.0,0.05
6233,3_2_1_0,1,6.0,0.05
6234,3_6_0_1,1,3.0,0.05
6235,3_5_1_0,0,3.0,0.05
6236,1_4_1_1,4,7.0,0.05
6237,1_6_1_0,1,6.0,0.05
6238,1_1_1_0,5,3.0,0.05
6239,2_0_0_1,4,1.5,0.05
6240,3_1_0_1,0,1.5,0.05
6241,3_7_1_1,4,7.0,0.05
6242,1_5_0_1,0,1.5,0.05
6243,2_7_1_1,3,-15.0,0.05
6244,1_1_1_1,0,9.0,0.05
6245,3_2_0_0,3,2.0,0.05
6246,2_3_1_1,0,9.0,0.05
6247,2_2_1_1,4,7.0,0.05
6248,1_6_1_0,1,6.0,0.05
6249,2_0_1_0,5,3.0,0.05
6250,1_6_1_0,1,6.0,0.05
6251,2_3_1_0,1,6.0,0.05
6252,1_6_0_1,1,3.0,0.05
6253,2_3_1_1,0,9.0,0.05
6254,3_2_0_0,3,2.0,0.05
6255,1_4_1_1,4,7.0,0.05
6256,3_2_1_1,1,9.0,0.05
6257,3_3_1_0,0,3.0,0.05
6258,3_6_1_0,1,6.0,0.05
6259,3_5_0_0,3,2.0,0.05
6260,2_2_1_1,5,1.0,0.05
6261,2_6_0_0,1,0.0,0.05
6262,3_2_0_1,4,1.5,0.05
6263,1_2_1_0,1,6.0,0.05
6264,3_6_0_0,4,-4.5,0.05
6265,1_3_0_0,5,2.0,0.05
6266,1_0_0_1,3,1.0,0.05
6267,1_7_1_0,1,6.0,0.05
6268,1_5_0_1,0,1.5,0.05
6269,2_6_1_1,1,9.0,0.05
6270,1_3_0_1,1,3.0,0.05
6271,2_5_1_0,1,2.0,0.05
6272,2_7_1_1,0,9.0,0.05
6273,2_4_1_1,0,5.0,0.05
6274,3_1_1_0,0,3.0,0.05
6275,3_1_1_0,0,3.0,0.05
6276,3_4_0_1,4,1.5,0.05
6277,2_2_1_0,1,6.0,0.05
6278,2_5_0_1,4,1.5,0.05
6279,2_5_1_0,1,2.0,0.05
6280,3_5_1_0,0,3.0,0.05
6281,1_0_1_0,5,3.0,0.05
6282,3_1_0_0,3,2.0,0.05
6283,1_1_1_1,0,9.0,0.05
6284,2_6_0_1,4,1.5,0.05
6285,1_4_1_1,4,7.0,0.05
6286,3_5_1_0,0,3.0,0.05
6287,1_3_1_1,5,1.0,0.05
6288,1_5_1_1,0,9.0,0.05
6289,3_5_1_0,0,3.0,0.05
6290,3_2_0_0,3,2.0,0.05
6291,3_7_0_0,2,2.0,0.05
6292,1_2_0_1,3,1.0,0.05
6293,3_5_1_0,0,3.0,0.05
6294,1_0_0_0,3,2.0,0.05
6295,1_0_0_0,3,2.0,0.05
6296,1_5_1_0,1,2.0,0.05
6297,3_0_1_0,4,1.0,0.05
6298,1_3_0_0,5,2.0,0.05
6299,1_1_0_1,0,1.5,0.05
6300,3_7_1_1,4,7.0,0.05
6301,2_1_1_1,4,7.0,0.05
6302,1_6_1_1,4,7.0,0.05
6303,1_4_0_1,3,1.0,0.05
6304,3_0_1_1,0,5.0,0.05
6305,2_4_1_1,0,5.0,0.05
6306,3_0_1_0,3,-14.0,0.05
6307,3_0_0_0,5,2.0,0.05
6308,3_2_0_0,3,2.0,0.05
6309,3_3_0_0,5,2.0,0.05
6310,3_2_1_1,5,1.0,0.05
6311,1_6_0_0,2,2.0,0.05
6312,3_5_0_0,3,2.0,0.05
6313,2_2_1_1,4,7.0,0.05
6314,3_2_0_0,3,2.0,0.05
6315,1_3_1_1,4,7.0,0.05
6316,3_5_1_1,0,9.0,0.05
6317,3_1_0_1,0,1.5,0.05
6318,1_6_0_0,2,2.0,0.05
6319,3_6_0_0,5,2.0,0.05
6320,1_0_0_1,3,1.0,0.05
6321,3_3_0_1,1,3.0,0.05
6322,3_2_1_0,1,6.0,0.05
6323,2_1_0_1,0,1.5,0.05
6324,2_5_1_1,0,9.0,0.05
6325,3_6_0_1,0,-2.5,0.05
6326,3_7_0_0,2,2.0,0.05
6327,1_0_0_0,3,2.0,0.05
6328,1_2_1_0,1,6.0,0.05
6329,3_6_0_0,5,2.0,0.05
6330,3_0_0_0,5,2.0,0.05
6331,2_3_1_1,0,9.0,0.05
6332,1_0_0_0,3,2.0,0.05
6333,3_7_0_0,2,2.0,0.05
6334,1_2_0_0,3,2.0,0.05
6335,3_1_1_1,0,9.0,0.05
6336,1_4_1_1,4,7.0,0.05
6337,2_2_1_0,1,6.0,0.05
6338,1_2_1_0,1,6.0,0.05
6339,3_4_1_0,5,3.0,0.05
6340,1_3_0_1,1,3.0,0.05
6341,3_2_1_1,1,9.0,0.05
6342,3_2_0_0,3,2.0,0.05
6343,3_1_1_0,0,3.0,0.05
6344,1_2_1_1,4,7.0,0.05
6345,3_0_0_1,0,-2.5,0.05
6346,2_0_0_1,4,1.5,0.05
6347,2_6_1_1,5,1.0,0.05
6348,3_5_1_1,0,9.0,0.05
6349,2_0_1_1,1,5.0,0.05
6350,3_1_1_0,0,3.0,0.05
6351,3_6_0_0,5,2.0,0.05
6352,2_2_1_0,1,6.0,0.05
6353,1_4_0_1,3,1.0,0.05
6354,1_1_1_0,5,3.0,0.05
6355,2_4_1_0,1,2.0,0.05
6356,2_1_0_0,5,2.0,0.05
6357,3_1_0_1,0,1.5,0.05
6358,2_7_0_0,3,2.0,0.05
6359,2_6_0_1,4,1.5,0.05
6360,2_1_0_1,0,1.5,0.05
6361,2_1_0_1,4,1.5,0.05
6362,1_0_1_0,3,-14.0,0.05
6363,1_7_1_1,0,9.0,0.05
6364,3_5_1_0,0,3.0,0.05
6365,3_0_0_1,3,1.0,0.05
6366,1_7_0_1,1,3.0,0.05
6367,2_5_0_0,5,2.0,0.05
6368,1_0_1_0,5,3.0,0.05
6369,3_3_1_0,0,3.0,0.05
6370,1_4_0_0,3,2.0,0.05
6371,1_7_1_0,1,6.0,0.05
6372,3_6_0_0,5,2.0,0.05
6373,1_3_1_0,1,6.0,0.05
6374,2_2_0_0,3,2.0,0.05
6375,3_6_1_1,4,7.0,0.05
6376,3_0_0_1,3,1.0,0.05
6377,2_0_0_1,4,1.5,0.05
6378,3_5_0_0,3,2.0,0.05
6379,1_5_0_1,0,1.5,0.05
6380,3_7_0_1,3,1.0,0.05
6381,1_7_0_0,2,2.0,0.05
6382,2_7_0_0,3,2.0,0.05
6383,1_7_1_1,0,9.0,0.05
6384,1_4_0_1,3,1.0,0.05
6385,2_6_1_0,1,6.0,0.05
6386,2_5_0_1,4,1.5,0.05
6387,3_4_1_0,5,3.0,0.05
6388,3_0_0_0,5,2.0,0.05
6389,1_3_1_1,4,7.0,0.05
6390,1_3_0_0,5,2.0,0.05
6391,1_6_0_1,1,3.0,0.05
6392,3_6_0_1,1,3.0,0.05
6393,2_4_1_0,1,2.0,0.05
6394,2_0_1_0,0,-1.0,0.05
6395,2_5_0_0,5,2.0,0.05
6396,3_4_0_0,5,2.0,0.05
6397,2_6_1_1,1,9.0,0.05
6398,2_4_0_1,4,1.5,0.05
6399,3_5_1_0,0,3.0,0.05
6400,2_6_1_0,1,6.0,0.05
6401,1_7_0_0,2,2.0,0.05
6402,1_3_0_1,1,3.0,0.05
6403,3_7_1_1,4,7.0,0.05
6404,3_3_1_1,1,9.0,0.05
6405,2_7_1_0,1,6.0,0.05
6406,2_4_0_1,4,1.5,0.05
6407,3_4_1_0,5,3.0,0.05
6408,2_4_1_0,1,2.0,0.05
6409,3_2_0_0,3,2.0,0.05
6410,1_0_1_0,5,3.0,0.05
6411,2_2_1_0,1,6.0,0.05
6412,1_3_1_0,1,6.0,0.05
6413,3_3_1_1,1,9.0,0.05
6414,3_1_1_0,0,3.0,0.05
6415,2_7_1_1,0,9.0,0.05
6416,1_0_1_0,5,3.0,0.05
6417,2_0_1_0,1,2.0,0.05
6418,3_4_1_0,5,3.0,0.05
6419,1_3_0_1,1,3.0,0.05
6420,3_1_0_0,3,2.0,0.05
6421,1_5_1_0,1,2.0,0.05
6422,2_7_0_1,1,3.0,0.05
6423,2_4_1_0,1,2.0,0.05
6424,1_5_0_0,3,2.0,0.05
6425,3_2_0_1,4,1.5,0.05
6426,3_5_0_0,3,2.0,0.05
6427,2_7_1_0,1,6.0,0.05
6428,2_7_0_1,1,3.0,0.05
6429,1_7_0_0,2,2.0,0.05
6430,1_1_1_0,5,3.0,0.05
6431,3_7_1_1,4,7.0,0.05
6432,2_5_1_0,1,2.0,0.05
6433,2_6_1_0,1,6.0,0.05
6434,2_4_1_0,1,2.0,0.05
6435,2_2_0_0,3,2.0,0.05
6436,3_1_1_0,0,3.0,0.05
6437,1_2_0_0,3,2.0,0.05
6438,2_6_1_0,1,6.0,0.05
6439,2_4_1_1,0,5.0,0.05
6440,2_4_0_1,4,1.5,0.05
6441,1_6_0_0,2,2.0,0.05
6442,2_3_1_0,1,6.0,0.05
6443,1_2_0_1,3,1.0,0.05
6444,2_4_1_0,1,2.0,0.05
6445,1_3_0_1,1,3.0,0.05
6446,1_6_1_0,1,6.0,0.05
6447,1_1_0_0,3,2.0,0.05
6448,2_2_0_0,3,2.0,0.05
6449,2_6_1_1,1,9.0,0.05
6450,2_1_0_0,5,2.0,0.05
6451,2_7_0_1,1,3.0,0.05
6452,3_2_0_1,4,1.5,0.05
6453,3_0_0_0,5,2.0,0.05
6454,3_0_1_0,4,1.0,0.05
6455,2_3_1_0,1,6.0,0.05
6456,3_2_0_0,3,2.0,0.05
6457,1_7_0_0,2,2.0,0.05
6458,2_2_1_1,4,7.0,0.05
6459,2_5_0_1,4,1.5,0.05
6460,1_5_1_1,0,9.0,0.05
6461,2_3_0_0,3,2.0,0.05
6462,1_5_1_1,0,9.0,0.05
6463,2_4_1_1,0,5.0,0.05
6464,2_4_1_0,1,2.0,0.05
6465,2_7_0_1,1,3.0,0.05
6466,1_0_1_1,4,7.0,0.05
6467,1_4_0_0,3,2.0,0.05
6468,3_2_0_0,3,2.0,0.05
6469,3_2_1_1,1,9.0,0.05
6470,2_0_0_0,5,2.0,0.05
6471,3_7_1_1,4,7.0,0.05
6472,1_5_1_0,1,2.0,0.05
6473,2_2_1_1,4,7.0,0.05
6474,2_1_1_1,4,7.0,0.05
6475,1_0_1_1,4,7.0,0.05
6476,3_7_1_0,1,6.0,0.05
6477,3_1_0_1,0,1.5,0.05
6478,3_4_1_1,0,5.0,0.05
6479,3_5_1_1,0,9.0,0.05
6480,1_2_0_1,3,1.0,0.05
6481,3_0_1_1,0,5.0,0.05
6482,3_6_0_1,1,3.0,0.05
6483,3_0_1_1,0,5.0,0.05
6484,3_6_0_1,1,3.0,0.05
6485,3_6_0_0,5,2.0,0.05
6486,1_4_1_0,5,3.0,0.05
6487,3_1_0_1,0,1.5,0.05
6488,3_2_1_1,1,9.0,0.05
6489,3_7_1_1,4,7.0,0.05
6490,1_6_0_0,2,2.0,0.05
6491,3_6_1_1,4,7.0,0.05
6492,1_6_0_1,3,1.0,0.05
6493,1_1_1_0,5,3.0,0.05
6494,2_4_1_0,1,2.0,0.05
6495,3_3_1_1,1,9.0,0.05
6496,2_6_1_0,1,6.0,0.05
6497,2_3_1_0,1,6.0,0.05
6498,2_7_0_1,1,3.0,0.05
6499,2_1_0_1,0,1.5,0.05
6500,1_5_0_1,0,1.5,0.05
6501,2_3_1_0,1,6.0,0.05
6502,1_6_1_0,1,6.0,0.05
6503,2_4_0_0,3,2.0,0.05
6504,3_7_0_0,2,2.0,0.05
6505,3_5_1_1,0,9.0,0.05
6506,3_5_0_0,3,2.0,0.05
6507,1_5_0_0,3,2.0,0.05
6508,1_4_0_0,3,2.0,0.05
6509,1_2_0_1,3,1.0,0.05
6510,3_3_1_1,1,9.0,0.05
6511,2_6_0_0,1,0.0,0.05
6512,2_5_1_0,1,2.0,0.05
6513,1_6_0_0,2,2.0,0.05
6514,1_0_0_1,3,1.0,0.05
6515,1_2_0_1,3,1.0,0.05
6516,2_6_0_0,1,0.0,0.05
6517,3_7_0_1,3,1.0,0.05
6518,2_4_1_0,1,2.0,0.05
6519,1_3_0_1,1,3.0,0.05
6520,2_2_0_1,4,1.5,0.05
6521,3_7_1_0,1,6.0,0.05
6522,3_5_1_1,0,9.0,0.05
6523,3_5_0_0,3,2.0,0.05
6524,3_1_1_1,0,9.0,0.05
6525,2_3_0_1,3,1.0,0.05
6526,2_4_1_0,4,1.0,0.05
6527,3_7_1_0,1,6.0,0.05
6528,2_4_1_0,1,2.0,0.05
6529,3_7_1_1,4,7.0,0.05
6530,2_0_0_0,5,2.0,0.05
6531,2_0_0_1,4,1.5,0.05
6532,1_7_0_1,1,3.0,0.05
6533,3_3_0_0,5,2.0,0.05
6534,1_5_1_0,1,2.0,0.05
6535,2_1_0_0,5,2.0,0.05
6536,1_7_0_1,1,3.0,0.05
6537,3_4_1_0,5,3.0,0.05
6538,1_4_0_1,3,1.0,0.05
6539,3_7_1_0,1,6.0,0.05
6540,3_5_1_0,0,3.0,0.05
6541,1_2_1_0,1,6.0,0.05
6542,2_3_1_1,0,9.0,0.05
6543,1_7_0_0,2,2.0,0.05
6544,2_2_0_0,3,2.0,0.05
6545,2_2_1_1,4,7.0,0.05
6546,1_5_0_1,0,1.5,0.05
6547,1_1_0_0,3,2.0,0.05
6548,2_3_0_0,3,2.0,0.05
6549,2_7_0_1,4,1.5,0.05
6550,2_5_0_0,5,2.0,0.05
6551,1_7_0_0,2,2.0,0.05
6552,3_2_0_0,3,2.0,0.05
6553,2_0_1_1,1,5.0,0.05
6554,2_6_0_0,1,0.0,0.05
6555,2_5_1_0,1,2.0,0.05
6556,1_4_0_0,3,2.0,0.05
6557,1_3_0_1,1,3.0,0.05
6558,3_6_0_0,1,0.0,0.05
6559,1_7_0_0,2,2.0,0.05
6560,3_0_1_0,4,1.0,0.05
6561,2_1_0_0,5,2.0,0.05
6562,3_7_1_0,1,6.0,0.05
6563,3_4_1_0,5,3.0,0.05
6564,1_4_1_1,4,7.0,0.05
6565,2_3_1_1,0,9.0,0.05
6566,1_0_1_0,5,3.0,0.05
6567,3_3_1_0,0,3.0,0.05
6568,2_2_0_1,4,1.5,0.05
6569,1_6_0_0,0,-8.5,0.05
6570,1_4_1_1,4,7.0,0.05
6571,2_5_0_0,5,2.0,0.05
6572,1_3_0_0,5,2.0,0.05
6573,1_3_1_0,1,6.0,0.05
6574,1_6_1_0,1,6.0,0.05
6575,2_1_0_1,0,1.5,0.05
6576,1_7_1_0,1,6.0,0.05
6577,2_5_1_0,1,2.0,0.05
6578,3_5_1_0,0,3.0,0.05
6579,2_2_0_0,3,2.0,0.05
6580,3_4_0_0,5,2.0,0.05
6581,3_1_1_1,0,9.0,0.05
6582,2_0_1_1,1,5.0,0.05
6583,1_4_0_0,3,2.0,0.05
6584,3_2_1_0,1,6.0,0.05
6585,2_4_0_1,4,1.5,0.05
6586,2_4_0_1,4,1.5,0.05
6587,2_6_0_1,0,-2.5,0.05
6588,3_4_1_0,5,3.0,0.05
6589,3_2_1_0,1,6.0,0.05
6590,2_5_0_0,5,2.0,0.05
6591,3_7_1_1,4,7.0,0.05
6592,3_3_0_1,1,3.0,0.05
6593,1_5_1_1,0,9.0,0.05
6594,2_4_0_1,4,1.5,0.05
6595,2_7_1_1,0,9.0,0.05
6596,3_6_1_0,1,6.0,0.05
6597,2_2_1_1,4,7.0,0.05
6598,1_3_0_0,0,-4.5,0.05
6599,2_5_1_0,1,2.0,0.05
6600,1_7_1_0,1,6.0,0.05
6601,1_7_0_1,1,3.0,0.05
6602,3_5_1_1,0,9.0,0.05
6603,3_3_0_1,1,3.0,0.05
6604,1_5_0_1,0,1.5,0.05
6605,1_0_0_0,3,2.0,0.05
6606,1_1_1_1,0,9.0,0.05
6607,3_0_0_1,3,1.0,0.05
6608,2_6_0_1,4,1.5,0.05
6609,2_6_0_1,4,1.5,0.05
6610,1_3_0_1,1,3.0,0.05
6611,3_3_0_1,1,3.0,0.05
6612,2_4_0_0,3,2.0,0.05
6613,2_6_0_0,1,0.0,0.05
6614,1_6_0_1,1,3.0,0.05
6615,3_6_0_0,5,2.0,0.05
6616,1_0_0_0,3,2.0,0.05
6617,1_2_0_0,3,2.0,0.05
6618,1_4_1_1,4,7.0,0.05
6619,3_4_1_1,0,5.0,0.05
6620,1_3_0_0,5,2.0,0.05
6621,3_1_1_1,0,9.0,0.05
6622,1_7_0_1,1,3.0,0.05
6623,3_1_1_1,0,9.0,0.05
6624,1_0_0_1,3,1.0,0.05
6625,3_4_0_0,5,2.0,0.05
6626,2_2_0_0,3,2.0,0.05
6627,2_1_1_0,5,3.0,0.05
6628,1_1_1_0,5,3.0,0.05
6629,1_1_0_0,3,2.0,0.05
6630,3_3_0_1,1,3.0,0.05
6631,1_5_0_0,3,2.0,0.05
6632,3_3_0_1,1,3.0,0.05
6633,3_0_1_0,4,1.0,0.05
6634,3_1_1_1,0,9.0,0.05
6635,2_1_1_0,5,3.0,0.05
6636,3_5_1_0,0,3.0,0.05
6637,1_0_1_1,4,7.0,0.05
6638,2_4_0_1,4,1.5,0.05
6639,2_7_0_1,1,3.0,0.05
6640,2_3_0_1,3,1.0,0.05
6641,3_3_0_1,1,3.0,0.05
6642,2_5_0_0,5,2.0,0.05
6643,1_7_0_0,2,2.0,0.05
6644,2_0_0_0,4,-4.5,0.05
6645,3_5_0_1,0,1.5,0.05
6646,1_1_0_1,0,1.5,0.05
6647,3_4_1_1,0,5.0,0.05
6648,3_1_0_0,3,2.0,0.05
6649,2_3_1_1,0,9.0,0.05
6650,2_3_1_0,1,6.0,0.05
6651,2_7_1_1,0,9.0,0.05
6652,1_2_1_0,1,6.0,0.05
6653,3_1_0_1,3,1.0,0.05
6654,2_6_1_1,1,9.0,0.05
6655,2_0_0_1,4,1.5,0.05
6656,1_7_0_0,2,2.0,0.05
6657,2_4_0_1,4,1.5,0.05
6658,2_7_1_0,1,6.0,0.05
6659,3_7_1_0,1,6.0,0.05
6660,3_5_0_1,0,1.5,0.05
6661,3_5_0_1,0,1.5,0.05
6662,2_6_1_0,1,6.0,0.05
6663,1_1_0_1,0,1.5,0.05
6664,3_7_1_0,1,6.0,0.05
6665,1_3_1_1,4,7.0,0.05
6666,2_4_1_0,1,2.0,0.05
6667,3_0_0_1,3,1.0,0.05
6668,2_7_1_1,0,9.0,0.05
6669,2_5_1_0,1,2.0,0.05
6670,3_5_0_1,0,1.5,0.05
6671,2_2_0_1,4,1.5,0.05
6672,2_1_1_1,4,7.0,0.05
6673,1_5_0_1,1,-1.0,0.05
6674,2_2_0_0,3,2.0,0.05
6675,2_3_1_1,0,9.0,0.05
6676,1_2_0_1,3,1.0,0.05
6677,3_0_1_0,4,1.0,0.05
6678,1_0_1_1,4,7.0,0.05
6679,1_1_0_1,0,1.5,0.05
6680,1_3_0_1,1,3.0,0.05
6681,1_0_0_0,3,2.0,0.05
6682,1_0_0_0,3,2.0,0.05
6683,3_4_1_0,5,3.0,0.05
6684,3_4_0_0,5,2.0,0.05
6685,2_4_1_1,0,5.0,0.05
6686,2_5_1_1,0,9.0,0.05
6687,1_3_0_1,1,3.0,0.05
6688,2_5_1_1,1,5.0,0.05
6689,2_6_0_0,1,0.0,0.05
6690,1_6_1_0,1,6.0,0.05
6691,2_2_1_0,1,6.0,0.05
6692,1_3_0_0,5,2.0,0.05
6693,2_1_0_0,5,2.0,0.05
6694,1_1_1_1,0,9.0,0.05
6695,1_4_1_1,4,7.0,0.05
6696,3_7_1_1,4,7.0,0.05
6697,1_7_0_0,2,2.0,0.05
6698,1_0_1_0,3,-14.0,0.05
6699,3_5_0_0,3,2.0,0.05
6700,2_0_1_1,1,5.0,0.05
6701,3_0_0_0,5,2.0,0.05
6702,3_3_0_1,1,3.0,0.05
6703,1_6_0_1,0,-2.5,0.05
6704,1_2_0_1,3,1.0,0.05
6705,2_0_0_1,4,1.5,0.05
6706,3_7_1_1,4,7.0,0.05
6707,2_6_0_1,4,1.5,0.05
6708,3_7_1_1,4,7.0,0.05
6709,3_5_0_0,1,-4.0,0.05
6710,3_0_0_1,3,1.0,0.05
6711,2_1_1_1,4,7.0,0.05
6712,3_1_1_0,0,3.0,0.05
6713,3_5_1_1,0,9.0,0.05
6714,2_1_0_0,5,2.0,0.05
6715,1_3_1_0,1,6.0,0.05
6716,2_1_1_0,5,3.0,0.05
6717,1_4_0_1,3,1.0,0.05
6718,2_3_1_0,1,6.0,0.05
6719,1_2_0_0,3,2.0,0.05
6720,3_5_1_1,0,9.0,0.05
6721,2_1_0_1,0,1.5,0.05
6722,2_2_0_0,3,2.0,0.05
6723,2_7_0_0,3,2.0,0.05
6724,1_0_1_0,5,3.0,0.05
6725,1_1_1_0,2,-7.0,0.05
6726,2_3_0_1,3,1.0,0.05
6727,1_2_0_0,3,2.0,0.05
6728,3_0_1_1,0,5.0,0.05
6729,1_0_0_0,3,2.0,0.05
6730,3_4_0_0,5,2.0,0.05
6731,1_2_1_0,5,3.0,0.05
6732,3_0_0_0,5,2.0,0.05
6733,3_3_0_1,1,3.0,0.05
6734,3_7_0_1,3,1.0,0.05
6735,2_4_0_0,3,2.0,0.05
6736,2_6_0_0,1,0.0,0.05
6737,3_1_1_1,0,9.0,0.05
6738,1_0_1_1,4,7.0,0.05
6739,2_1_0_0,5,2.0,0.05
6740,1_4_0_0,3,2.0,0.05
6741,2_2_0_1,4,1.5,0.05
6742,3_3_0_1,1,3.0,0.05
6743,1_2_0_1,3,1.0,0.05
6744,1_4_1_1,4,7.0,0.05
6745,3_7_0_1,3,1.0,0.05
6746,2_7_1_0,0,3.0,0.05
6747,2_2_1_0,1,6.0,0.05
6748,1_0_0_1,3,1.0,0.05
6749,2_4_1_1,0,5.0,0.05
6750,3_4_0_1,4,1.5,0.05
6751,1_1_1_0,5,3.0,0.05
6752,1_7_0_0,2,2.0,0.05
6753,1_6_0_0,2,2.0,0.05
6754,1_7_0_0,2,2.0,0.05
6755,1_6_0_0,2,2.0,0.05
6756,3_6_0_1,1,3.0,0.05
6757,1_3_0_1,1,3.0,0.05
6758,1_2_0_1,3,1.0,0.05
6759,3_6_1_0,1,6.0,0.05
6760,1_1_1_1,0,9.0,0.05
6761,1_4_0_1,3,1.0,0.05
6762,1_6_1_0,1,6.0,0.05
6763,2_0_1_1,1,5.0,0.05
6764,2_6_0_0,1,0.0,0.05
6765,3_2_0_1,4,1.5,0.05
6766,1_3_1_0,1,6.0,0.05
6767,1_5_0_1,0,1.5,0.05
6768,1_2_0_0,3,2.0,0.05
6769,1_4_1_1,4,7.0,0.05
6770,1_7_0_0,2,2.0,0.05
6771,3_7_1_1,4,7.0,0.05
6772,2_0_1_0,5,3.0,0.05
6773,1_0_1_1,4,7.0,0.05
6774,3_7_1_1,4,7.0,0.05
6775,1_0_1_1,4,7.0,0.05
6776,2_4_0_0,3,2.0,0.05
6777,3_6_1_1,4,7.0,0.05
6778,3_1_1_1,0,9.0,0.05
6779,1_5_0_0,3,2.0,0.05
6780,1_4_0_0,3,2.0,0.05
6781,1_4_0_0,3,2.0,0.05
6782,2_2_0_1,4,1.5,0.05
6783,3_6_1_1,4,7.0,0.05
6784,3_0_1_1,5,1.0,0.05
6785,3_6_0_1,1,3.0,0.05
6786,1_2_0_0,3,2.0,0.05
6787,3_1_1_1,0,9.0,0.05
6788,2_1_0_0,5,2.0,0.05
6789,1_2_1_1,4,7.0,0.05
6790,3_0_1_0,4,1.0,0.05
6791,1_7_1_1,0,9.0,0.05
6792,1_5_1_1,0,9.0,0.05
6793,1_1_1_0,5,3.0,0.05
6794,3_5_0_1,0,1.5,0.05
6795,1_3_1_1,4,7.0,0.05
6796,2_3_0_0,3,2.0,0.05
6797,2_7_1_1,0,9.0,0.05
6798,2_7_1_0,1,6.0,0.05
6799,3_3_0_1,1,3.0,0.05
6800,3_3_0_1,1,3.0,0.05
6801,1_0_1_0,5,3.0,0.05
6802,2_4_0_0,3,2.0,0.05
6803,2_6_0_1,4,1.5,0.05
6804,2_1_0_0,5,2.0,0.05
6805,2_0_0_1,4,1.5,0.05
6806,2_4_1_0,0,-1.0,0.05
6807,3_5_1_0,0,3.0,0.05
6808,3_5_0_1,0,1.5,0.05
6809,2_4_1_0,1,2.0,0.05
6810,3_0_0_0,5,2.0,0.05
6811,3_2_0_1,4,1.5,0.05
6812,1_0_1_0,5,3.0,0.05
6813,1_4_1_1,4,7.0,0.05
6814,1_1_0_0,3,2.0,0.05
6815,1_5_1_1,0,9.0,0.05
6816,2_1_0_0,5,2.0,0.05
6817,3_1_0_1,0,1.5,0.05
6818,1_6_1_0,1,6.0,0.05
6819,3_0_0_1,3,1.0,0.05
6820,2_6_1_1,4,7.0,0.05
6821,1_3_0_1,1,3.0,0.05
6822,2_3_1_0,1,6.0,0.05
6823,3_3_1_1,3,-15.0,0.05
6824,2_5_0_1,4,1.5,0.05
6825,1_3_1_1,4,7.0,0.05
6826,2_4_0_1,4,1.5,0.05
6827,3_0_0_1,3,1.0,0.05
6828,3_1_1_1,0,9.0,0.05
6829,2_3_0_1,3,1.0,0.05
6830,1_6_1_0,1,6.0,0.05
6831,1_7_1_0,1,6.0,0.05
6832,1_1_1_0,5,3.0,0.05
6833,3_2_1_0,1,6.0,0.05
6834,1_4_0_1,3,1.0,0.05
6835,3_4_1_0,5,3.0,0.05
6836,2_2_1_1,4,7.0,0.05
6837,2_1_1_1,4,7.0,0.05
6838,3_4_1_1,0,5.0,0.05
6839,1_0_0_0,3,2.0,0.05
6840,1_0_0_1,3,1.0,0.05
6841,1_3_0_1,1,3.0,0.05
6842,1_2_0_0,1,0.0,0.05
6843,2_3_1_0,1,6.0,0.05
6844,2_0_0_0,3,2.0,0.05
6845,1_1_1_0,5,3.0,0.05
6846,1_5_0_0,3,2.0,0.05
6847,1_2_0_1,5,0.0,0.05
6848,1_1_0_0,3,2.0,0.05
6849,2_2_1_0,1,6.0,0.05
6850,3_6_1_1,4,7.0,0.05
6851,2_7_1_1,0,9.0,0.05
6852,1_0_1_0,5,3.0,0.05
6853,2_5_1_0,3,-14.0,0.05
6854,2_6_0_0,1,0.0,0.05
6855,3_2_0_0,3,2.0,0.05
6856,1_1_0_1,0,1.5,0.05
6857,3_5_1_0,0,3.0,0.05
6858,2_5_1_0,1,2.0,0.05
6859,1_2_1_1,4,7.0,0.05
6860,2_3_1_0,1,6.0,0.05
6861,1_2_1_1,4,7.0,0.05
6862,2_7_0_1,1,3.0,0.05
6863,1_7_0_0,2,2.0,0.05
6864,3_1_0_1,0,1.5,0.05
6865,3_7_1_1,4,7.0,0.05
6866,3_3_1_1,1,9.0,0.05
6867,2_6_1_0,1,6.0,0.05
6868,2_6_1_1,1,9.0,0.05
6869,3_3_0_1,1,3.0,0.05
6870,2_5_0_0,5,2.0,0.05
6871,2_5_1_0,1,2.0,0.05
6872,1_4_1_1,4,7.0,0.05
6873,1_5_0_0,3,2.0,0.05
6874,1_0_1_1,4,7.0,0.05
6875,3_1_1_0,0,3.0,0.05
6876,3_0_0_0,5,2.0,0.05
6877,1_5_1_0,1,2.0,0.05
6878,2_5_0_1,4,1.5,0.05
6879,3_6_0_1,1,3.0,0.05
6880,2_0_0_0,5,2.0,0.05
6881,2_7_1_0,1,6.0,0.05
6882,2_7_0_1,1,3.0,0.05
6883,3_5_0_1,0,1.5,0.05
6884,1_6_0_0,2,2.0,0.05
6885,1_7_1_1,0,9.0,0.05
6886,2_6_1_0,1,6.0,0.05
6887,2_5_0_1,4,1.5,0.05
6888,1_5_1_0,1,2.0,0.05
6889,1_1_1_1,0,9.0,0.05
6890,1_5_0_0,3,2.0,0.05
6891,2_1_1_1,4,7.0,0.05
6892,3_3_0_0,5,2.0,0.05
6893,3_7_1_0,1,6.0,0.05
6894,3_5_0_0,3,2.0,0.05
6895,2_4_0_0,3,2.0,0.05
6896,2_6_0_1,4,1.5,0.05
6897,3_2_1_1,4,7.0,0.05
6898,2_0_0_1,4,1.5,0.05
6899,3_5_1_1,0,9.0,0.05
6900,3_7_0_1,3,1.0,0.05
6901,2_3_0_1,3,1.0,0.05
6902,1_3_1_0,1,6.0,0.05
6903,2_1_0_0,5,2.0,0.05
6904,2_6_0_0,1,0.0,0.05
6905,1_3_1_0,1,6.0,0.05
6906,1_2_0_1,3,1.0,0.05
6907,3_7_0_1,3,1.0,0.05
6908,3_4_1_0,5,3.0,0.05
6909,2_7_1_0,1,6.0,0.05
6910,2_0_1_0,5,3.0,0.05
6911,1_7_1_0,1,6.0,0.05
6912,2_4_0_0,4,-4.5,0.05
6913,3_5_1_1,0,9.0,0.05
6914,2_6_0_0,1,0.0,0.05
6915,2_1_1_1,4,7.0,0.05
6916,3_2_0_1,4,1.5,0.05
6917,3_4_0_1,4,1.5,0.05
6918,1_4_0_0,0,-8.5,0.05
6919,1_3_1_0,1,6.0,0.05
6920,3_3_1_1,1,9.0,0.05
6921,1_2_0_0,3,2.0,0.05
6922,1_4_1_1,4,7.0,0.05
6923,2_6_0_0,1,0.0,0.05
6924,1_6_1_0,1,6.0,0.05
6925,1_3_0_1,1,3.0,0.05
6926,2_5_0_1,4,1.5,0.05
6927,2_6_0_1,4,1.5,0.05
6928,3_0_0_0,5,2.0,0.05
6929,1_5_0_1,0,1.5,0.05
6930,2_7_1_0,1,6.0,0.05
6931,2_5_0_0,5,2.0,0.05
6932,2_2_1_0,1,6.0,0.05
6933,1_2_1_1,4,7.0,0.05
6934,3_5_1_0,0,3.0,0.05
6935,1_4_0_0,3,2.0,0.05
6936,2_1_1_1,4,7.0,0.05
6937,3_4_0_1,4,1.5,0.05
6938,3_5_1_0,0,3.0,0.05
6939,1_6_1_1,4,7.0,0.05
6940,3_7_1_0,1,6.0,0.05
6941,2_1_1_1,4,7.0,0.05
6942,2_0_1_1,1,5.0,0.05
6943,2_0_0_0,5,2.0,0.05
6944,2_4_0_1,4,1.5,0.05
6945,3_7_1_1,4,7.0,0.05
6946,1_2_0_0,3,2.0,0.05
6947,2_6_0_1,4,1.5,0.05
6948,3_7_1_1,4,7.0,0.05
6949,2_6_0_0,1,0.0,0.05
6950,3_4_0_1,4,1.5,0.05
6951,2_0_0_0,5,2.0,0.05
6952,3_1_1_0,0,3.0,0.05
6953,3_6_1_1,4,7.0,0.05
6954,3_3_0_0,5,2.0,0.05
6955,3_4_1_1,0,5.0,0.05
6956,2_5_0_0,5,2.0,0.05
6957,1_3_1_1,0,9.0,0.05
6958,2_2_1_0,2,-7.0,0.05
6959,2_4_1_0,1,2.0,0.05
6960,1_1_1_0,5,3.0,0.05
6961,1_1_1_1,0,9.0,0.05
6962,3_0_0_1,3,1.0,0.05
6963,2_1_1_0,5,3.0,0.05
6964,3_3_1_0,0,3.0,0.05
6965,2_2_0_1,4,1.5,0.05
6966,2_5_1_1,0,9.0,0.05
6967,3_6_0_0,5,2.0,0.05
6968,2_6_0_0,1,0.0,0.05
6969,2_2_1_1,4,7.0,0.05
6970,1_4_0_1,3,1.0,0.05
6971,1_4_0_1,3,1.0,0.05
6972,3_4_0_1,4,1.5,0.05
6973,3_7_0_1,3,1.0,0.05
6974,3_5_1_0,0,3.0,0.05
6975,1_4_0_0,3,2.0,0.05
6976,2_6_1_0,1,6.0,0.05
6977,3_3_1_0,0,3.0,0.05
6978,2_6_0_1,4,1.5,0.05
6979,1_7_1_0,1,6.0,0.05
6980,2_4_1_1,0,5.0,0.05
6981,2_5_1_0,1,2.0,0.05
6982,2_3_0_0,3,2.0,0.05
6983,3_2_1_1,1,9.0,0.05
6984,2_0_0_1,4,1.5,0.05
6985,1_3_0_0,5,2.0,0.05
6986,2_2_1_1,4,7.0,0.05
6987,2_5_1_1,0,9.0,0.05
6988,1_1_1_1,0,9.0,0.05
6989,3_5_1_0,0,3.0,0.05
6990,2_3_0_1,3,1.0,0.05
6991,2_1_0_1,0,1.5,0.05
6992,3_4_0_0,5,2.0,0.05
6993,1_3_1_1,4,7.0,0.05
6994,2_2_0_1,4,1.5,0.05
6995,1_7_0_1,1,3.0,0.05
6996,2_3_0_0,3,2.0,0.05
6997,3_2_1_0,1,6.0,0.05
6998,2_5_0_0,3,2.0,0.05
6999,3_4_0_0,5,2.0,0.05
7000,3_3_0_1,1,3.0,0.05
7001,1_4_0_1,3,1.0,0.05
7002,3_2_1_1,1,9.0,0.05
7003,3_5_1_0,0,3.0,0.05
7004,3_2_0_0,3,2.0,0.05
7005,1_0_0_0,3,2.0,0.05
7006,3_4_1_1,0,5.0,0.05
7007,2_4_0_0,3,2.0,0.05
7008,2_7_0_0,3,2.0,0.05
7009,3_2_0_0,3,2.0,0.05
7010,1_1_0_1,2,-4.0,0.05
7011,1_6_1_1,4,7.0,0.05
7012,2_2_0_0,3,2.0,0.05
7013,3_7_1_0,1,6.0,0.05
7014,1_3_1_0,1,6.0,0.05
7015,3_3_0_0,5,2.0,0.05
7016,3_4_1_0,5,3.0,0.05
7017,1_3_0_0,5,2.0,0.05
7018,1_5_0_1,0,1.5,0.05
7019,1_1_0_1,1,-1.0,0.05
7020,3_7_1_0,1,6.0,0.05
7021,1_1_0_0,3,2.0,0.05
7022,3_6_1_0,1,6.0,0.05
7023,1_6_0_0,2,2.0,0.05
7024,1_4_0_0,3,2.0,0.05
7025,1_7_1_1,0,9.0,0.05
7026,2_5_0_0,5,2.0,0.05
7027,3_1_0_1,0,1.5,0.05
7028,3_5_0_0,3,2.0,0.05
7029,1_5_0_1,0,1.5,0.05
7030,3_2_1_0,1,6.0,0.05
7031,1_2_1_1,4,7.0,0.05
7032,2_0_0_1,4,1.5,0.05
7033,2_7_0_0,3,2.0,0.05
7034,2_7_1_0,1,6.0,0.05
7035,1_2_0_0,3,2.0,0.05
7036,2_6_0_1,4,1.5,0.05
7037,3_5_1_1,0,9.0,0.05
7038,2_1_0_1,0,1.5,0.05
7039,2_3_1_0,1,6.0,0.05
7040,1_5_0_0,3,2.0,0.05
7041,3_7_0_0,2,2.0,0.05
7042,3_5_0_1,0,1.5,0.05
7043,2_7_0_1,1,3.0,0.05
7044,2_6_1_1,1,9.0,0.05
7045,1_0_0_1,3,1.0,0.05
7046,1_3_1_0,1,6.0,0.05
7047,2_7_0_1,1,3.0,0.05
7048,1_6_1_1,4,7.0,0.05
7049,2_2_1_0,1,6.0,0.05
7050,3_5_0_1,0,1.5,0.05
7051,1_2_0_0,3,2.0,0.05
7052,2_2_1_0,1,6.0,0.05
7053,2_0_0_0,5,2.0,0.05
7054,2_0_0_0,5,2.0,0.05
7055,3_5_1_0,0,3.0,0.05
7056,3_7_0_0,2,2.0,0.05
7057,1_7_0_0,1,0.0,0.05
7058,2_0_1_1,1,5.0,0.05
7059,1_2_0_1,3,1.0,0.05
7060,3_3_1_1,1,9.0,0.05
7061,1_3_1_1,4,7.0,0.05
7062,1_3_1_0,1,6.0,0.05
7063,1_0_1_0,5,3.0,0.05
7064,2_2_1_1,4,7.0,0.05
7065,1_3_1_0,1,6.0,0.05
7066,1_3_1_0,1,6.0,0.05
7067,3_6_1_1,4,7.0,0.05
7068,2_3_1_0,1,6.0,0.05
7069,2_3_1_0,1,6.0,0.05
7070,3_0_0_0,5,2.0,0.05
7071,2_5_1_0,1,2.0,0.05
7072,3_1_1_0,0,3.0,0.05
7073,1_7_0_0,2,2.0,0.05
7074,1_3_1_1,4,7.0,0.05
7075,2_0_0_0,5,2.0,0.05
7076,3_0_1_0,4,1.0,0.05
7077,2_4_0_1,4,1.5,0.05
7078,2_0_1_0,5,3.0,0.05
7079,3_2_1_0,2,-7.0,0.05
7080,3_4_1_0,5,3.0,0.05
7081,2_3_1_1,0,9.0,0.05
7082,3_4_0_1,4,1.5,0.05
7083,2_4_0_0,3,2.0,0.05
7084,2_1_1_1,5,1.0,0.05
7085,2_1_0_1,0,1.5,0.05
7086,1_2_0_0,3,2.0,0.05
7087,1_7_0_1,1,3.0,0.05
7088,2_7_0_0,3,2.0,0.05
7089,2_5_0_1,4,1.5,0.05
7090,2_4_1_0,1,2.0,0.05
7091,1_6_0_0,2,2.0,0.05
7092,2_5_0_0,5,2.0,0.05
7093,1_1_1_1,0,9.0,0.05
7094,3_3_0_1,1,3.0,0.05
7095,3_4_0_0,5,2.0,0.05
7096,2_2_1_0,1,6.0,0.05
7097,2_1_1_1,4,7.0,0.05
7098,3_3_0_1,1,3.0,0.05
7099,3_6_1_1,4,7.0,0.05
7100,3_1_0_0,3,2.0,0.05
7101,1_5_0_1,0,1.5,0.05
7102,2_2_0_1,4,1.5,0.05
7103,1_0_0_0,3,2.0,0.05
7104,1_5_0_0,3,2.0,0.05
7105,3_7_1_0,1,6.0,0.05
7106,1_7_0_0,2,2.0,0.05
7107,3_7_1_0,1,6.0,0.05
7108,2_6_0_0,2,2.0,0.05
7109,1_6_0_0,2,2.0,0.05
7110,2_3_0_1,3,1.0,0.05
7111,3_5_0_1,0,1.5,0.05
7112,3_7_0_0,2,2.0,0.05
7113,1_7_1_0,1,6.0,0.05
7114,3_3_0_1,1,3.0,0.05
7115,3_6_0_1,1,3.0,0.05
7116,3_5_0_0,3,2.0,0.05
7117,2_3_1_1,0,9.0,0.05
7118,2_6_0_0,1,0.0,0.05
7119,3_1_1_1,0,9.0,0.05
7120,2_2_0_1,4,1.5,0.05
7121,3_5_1_0,0,3.0,0.05
7122,2_3_0_0,3,2.0,0.05
7123,3_6_1_0,1,6.0,0.05
7124,2_0_1_1,1,5.0,0.05
7125,1_0_1_1,4,7.0,0.05
7126,1_6_0_0,2,2.0,0.05
7127,2_2_0_0,3,2.0,0.05
7128,3_7_1_1,4,7.0,0.05
7129,2_0_0_0,5,2.0,0.05
7130,3_3_0_0,5,2.0,0.05
7131,2_3_0_1,3,1.0,0.05
7132,1_5_1_0,1,2.0,0.05
7133,3_4_0_1,1,-1.0,0.05
7134,3_0_0_0,5,2.0,0.05
7135,1_6_0_1,1,3.0,0.05
7136,3_2_1_1,1,9.0,0.05
7137,1_7_0_0,2,2.0,0.05
7138,2_6_0_1,4,1.5,0.05
7139,2_0_0_1,4,1.5,0.05
7140,2_0_1_1,1,5.0,0.05
7141,3_1_0_0,0,-4.5,0.05
7142,3_4_0_1,4,1.5,0.05
7143,2_5_1_0,1,2.0,0.05
7144,2_1_0_0,5,2.0,0.05
7145,1_2_0_0,3,2.0,0.05
7146,3_1_1_0,0,3.0,0.05
7147,1_1_0_0,3,2.0,0.05
7148,2_4_0_1,4,1.5,0.05
7149,1_7_0_1,1,3.0,0.05
7150,3_7_1_0,1,6.0,0.05
7151,1_4_1_0,5,3.0,0.05
7152,1_6_1_0,1,6.0,0.05
7153,1_2_1_0,1,6.0,0.05
7154,1_2_0_0,3,2.0,0.05
7155,2_0_1_0,5,3.0,0.05
7156,1_3_1_1,4,7.0,0.05
7157,2_0_1_1,1,5.0,0.05
7158,1_6_0_0,2,2.0,0.05
7159,2_4_1_1,0,5.0,0.05
7160,1_6_0_0,2,2.0,0.05
7161,2_4_1_1,0,5.0,0.05
7162,1_5_1_1,0,9.0,0.05
7163,1_6_1_0,1,6.0,0.05
7164,3_6_0_0,5,2.0,0.05
7165,1_6_0_1,1,3.0,0.05
7166,3_2_1_0,1,6.0,0.05
7167,1_3_1_1,4,7.0,0.05
7168,3_0_1_0,4,1.0,0.05
7169,1_1_1_1,0,9.0,0.05
7170,1_2_1_1,4,7.0,0.05
7171,2_4_0_1,4,1.5,0.05
7172,3_7_1_0,1,6.0,0.05
7173,2_6_0_0,1,0.0,0.05
7174,1_5_1_0,3,-14.0,0.05
7175,3_4_1_1,0,5.0,0.05
7176,2_1_1_1,4,7.0,0.05
7177,2_6_1_1,1,9.0,0.05
7178,2_2_1_1,4,7.0,0.05
7179,2_0_0_0,5,2.0,0.05
7180,3_3_0_1,1,3.0,0.05
7181,2_7_1_0,1,6.0,0.05
7182,2_4_1_1,0,5.0,0.05
7183,1_5_0_1,0,1.5,0.05
7184,1_4_1_1,5,1.0,0.05
7185,1_5_0_1,0,1.5,0.05
7186,1_5_1_0,1,2.0,0.05
7187,3_1_0_0,3,2.0,0.05
7188,1_2_0_0,5,2.0,0.05
7189,1_2_0_1,3,1.0,0.05
7190,2_6_1_0,1,6.0,0.05
7191,3_5_1_0,0,3.0,0.05
7192,2_1_0_1,0,1.5,0.05
7193,1_1_0_0,3,2.0,0.05
7194,3_4_1_0,5,3.0,0.05
7195,2_4_0_0,3,2.0,0.05
7196,1_5_1_0,1,2.0,0.05
7197,3_4_0_0,5,2.0,0.05
7198,3_1_0_1,0,1.5,0.05
7199,2_6_0_0,1,0.0,0.05
7200,3_0_1_1,0,5.0,0.05
7201,2_2_0_0,3,2.0,0.05
7202,3_4_1_0,5,3.0,0.05
7203,1_2_0_1,3,1.0,0.05
7204,1_6_0_0,2,2.0,0.05
7205,3_7_1_1,4,7.0,0.05
7206,3_5_0_1,0,1.5,0.05
7207,1_5_1_1,0,9.0,0.05
7208,2_7_0_1,1,3.0,0.05
7209,3_5_1_0,0,3.0,0.05
7210,3_0_1_0,4,1.0,0.05
7211,2_1_1_0,5,3.0,0.05
7212,1_1_1_1,0,9.0,0.05
7213,3_5_1_1,0,9.0,0.05
7214,3_0_1_1,0,5.0,0.05
7215,3_6_1_1,4,7.0,0.05
7216,1_1_0_0,3,2.0,0.05
7217,2_7_0_0,3,2.0,0.05
7218,3_0_0_0,5,2.0,0.05
7219,2_6_1_1,1,9.0,0.05
7220,2_3_1_0,5,3.0,0.05
7221,3_3_1_1,1,9.0,0.05
7222,1_4_0_1,3,1.0,0.05
7223,3_2_0_0,3,2.0,0.05
7224,2_5_0_1,4,1.5,0.05
7225,1_2_1_0,1,6.0,0.05
7226,3_2_1_0,1,6.0,0.05
7227,2_6_0_1,4,1.5,0.05
7228,2_3_0_1,3,1.0,0.05
7229,3_7_1_1,4,7.0,0.05
7230,3_2_0_1,4,1.5,0.05
7231,2_1_1_1,4,7.0,0.05
7232,3_2_0_1,4,1.5,0.05
7233,3_2_0_1,4,1.5,0.05
7234,1_0_0_0,3,2.0,0.05
7235,1_2_0_1,3,1.0,0.05
7236,1_1_0_1,0,1.5,0.05
7237,2_5_1_0,1,2.0,0.05
7238,1_1_1_0,5,3.0,0.05
7239,3_0_1_0,4,1.0,0.05
7240,3_2_0_0,3,2.0,0.05
7241,3_6_1_1,4,7.0,0.05
7242,2_3_0_1,3,1.0,0.05
7243,1_4_0_1,3,1.0,0.05
7244,1_1_1_1,0,9.0,0.05
7245,1_5_1_1,0,9.0,0.05
7246,1_7_0_1,1,3.0,0.05
7247,3_0_1_1,0,5.0,0.05
7248,3_7_0_1,3,1.0,0.05
7249,2_6_0_1,4,1.5,0.05
7250,2_7_1_1,0,9.0,0.05
7251,1_3_0_0,5,2.0,0.05
7252,2_7_0_0,3,2.0,0.05
7253,2_5_1_0,1,2.0,0.05
7254,3_7_0_1,3,1.0,0.05
7255,3_1_0_1,0,1.5,0.05
7256,1_6_1_0,4,1.0,0.05
7257,3_1_0_0,3,2.0,0.05
7258,3_7_1_0,1,6.0,0.05
7259,1_0_1_1,4,7.0,0.05
7260,2_1_1_1,4,7.0,0.05
7261,2_2_1_1,4,7.0,0.05
7262,1_6_0_0,2,2.0,0.05
7263,2_3_0_0,3,2.0,0.05
7264,3_6_0_1,1,3.0,0.05
7265,1_6_0_0,2,2.0,0.05
7266,1_7_0_1,1,3.0,0.05
7267,1_6_0_0,3,2.0,0.05
7268,1_1_0_0,3,2.0,0.05
7269,3_4_0_1,4,1.5,0.05
7270,1_2_0_1,3,1.0,0.05
7271,1_0_1_0,5,3.0,0.05
7272,3_6_1_0,1,6.0,0.05
7273,2_7_1_0,1,6.0,0.05
7274,3_3_1_0,0,3.0,0.05
7275,2_4_1_0,3,-14.0,0.05
7276,1_7_0_0,2,2.0,0.05
7277,2_7_0_0,3,2.0,0.05
7278,2_0_1_1,1,5.0,0.05
7279,1_4_1_1,4,7.0,0.05
7280,2_3_1_0,1,6.0,0.05
7281,3_1_1_1,0,9.0,0.05
7282,2_4_1_1,0,5.0,0.05
7283,1_7_0_0,2,2.0,0.05
7284,1_5_0_1,0,1.5,0.05
7285,3_5_1_1,0,9.0,0.05
7286,2_4_1_1,0,5.0,0.05
7287,1_6_1_1,4,7.0,0.05
7288,2_2_1_1,4,7.0,0.05
7289,3_6_0_0,5,2.0,0.05
7290,3_2_1_1,1,9.0,0.05
7291,1_1_0_1,0,1.5,0.05
7292,1_6_1_0,1,6.0,0.05
7293,3_4_0_1,4,1.5,0.05
7294,2_5_0_1,4,1.5,0.05
7295,2_1_1_0,5,3.0,0.05
7296,3_2_1_1,1,9.0,0.05
7297,2_0_1_0,5,3.0,0.05
7298,2_7_0_1,0,1.5,0.05
7299,3_6_1_1,4,7.0,0.05
7300,1_7_1_0,1,6.0,0.05
7301,2_1_0_1,0,1.5,0.05
7302,2_5_0_0,5,2.0,0.05
7303,1_3_0_0,5,2.0,0.05
7304,2_0_0_0,5,2.0,0.05
7305,2_6_0_1,4,1.5,0.05
7306,1_7_0_0,2,2.0,0.05
7307,3_7_1_1,4,7.0,0.05
7308,1_4_0_1,3,1.0,0.05
7309,2_2_1_1,4,7.0,0.05
7310,2_0_0_1,4,1.5,0.05
7311,2_7_1_1,0,9.0,0.05
7312,2_0_1_0,5,3.0,0.05
7313,2_6_1_0,1,6.0,0.05
7314,3_0_0_0,5,2.0,0.05
7315,2_7_1_1,0,9.0,0.05
7316,3_1_0_1,0,1.5,0.05
7317,2_3_1_0,1,6.0,0.05
7318,2_7_1_0,4,1.0,0.05
7319,2_1_1_1,4,7.0,0.05
7320,2_7_0_0,3,2.0,0.05
7321,1_0_0_1,3,1.0,0.05
7322,2_7_1_0,1,6.0,0.05
7323,2_6_0_0,1,0.0,0.05
7324,3_0_1_1,0,5.0,0.05
7325,1_5_0_0,3,2.0,0.05
7326,3_6_0_1,5,0.0,0.05
7327,1_2_1_1,4,7.0,0.05
7328,2_7_0_1,1,3.0,0.05
7329,1_5_1_1,0,9.0,0.05
7330,1_3_0_1,1,3.0,0.05
7331,2_7_1_0,1,6.0,0.05
7332,2_2_0_0,3,2.0,0.05
7333,2_6_1_1,1,9.0,0.05
7334,2_0_1_0,5,3.0,0.05
7335,3_7_0_1,3,1.0,0.05
7336,1_3_0_1,1,3.0,0.05
7337,2_0_0_0,5,2.0,0.05
7338,2_1_0_0,5,2.0,0.05
7339,2_3_0_1,3,1.0,0.05
7340,2_4_0_0,3,2.0,0.05
7341,1_3_1_1,4,7.0,0.05
7342,2_4_0_0,3,2.0,0.05
7343,2_6_1_0,1,6.0,0.05
7344,2_2_0_0,3,2.0,0.05
7345,2_0_0_1,4,1.5,0.05
7346,2_2_1_0,1,6.0,0.05
7347,3_4_1_0,5,3.0,0.05
7348,1_1_0_1,0,1.5,0.05
7349,1_3_0_0,5,2.0,0.05
7350,1_5_0_1,0,1.5,0.05
7351,1_7_0_0,2,2.0,0.05
7352,3_3_1_0,0,3.0,0.05
7353,2_7_0_0,3,2.0,0.05
7354,3_4_1_0,5,3.0,0.05
7355,2_0_1_1,1,5.0,0.05
7356,1_3_1_1,4,7.0,0.05
7357,2_1_1_0,5,3.0,0.05
7358,2_4_1_0,1,2.0,0.05
7359,2_3_0_1,3,1.0,0.05
7360,3_6_1_0,1,6.0,0.05
7361,1_7_1_1,4,7.0,0.05
7362,1_6_1_0,1,6.0,0.05
7363,3_4_0_0,5,2.0,0.05
7364,2_4_0_1,4,1.5,0.05
7365,1_2_1_0,1,6.0,0.05
7366,2_3_1_0,1,6.0,0.05
7367,3_6_1_1,4,7.0,0.05
7368,2_2_0_1,4,1.5,0.05
7369,2_6_1_1,1,9.0,0.05
7370,3_2_1_1,1,9.0,0.05
7371,3_6_1_0,1,6.0,0.05
7372,2_6_1_1,1,9.0,0.05
7373,1_6_1_1,4,7.0,0.05
7374,1_6_0_1,1,3.0,0.05
7375,1_0_0_0,3,2.0,0.05
7376,2_6_0_1,4,1.5,0.05
7377,3_0_1_1,0,5.0,0.05
7378,2_2_0_0,3,2.0,0.05
7379,1_3_1_0,1,6.0,0.05
7380,2_1_1_1,4,7.0,0.05
7381,3_0_0_1,3,1.0,0.05
7382,2_2_0_0,3,2.0,0.05
7383,3_7_1_0,1,6.0,0.05
7384,2_2_1_1,4,7.0,0.05
7385,2_6_0_1,4,1.5,0.05
7386,2_5_0_1,4,1.5,0.05
7387,1_4_0_1,3,1.0,0.05
7388,2_0_1_1,1,5.0,0.05
7389,3_7_1_0,1,6.0,0.05
7390,1_0_1_1,4,7.0,0.05
7391,1_0_1_1,4,7.0,0.05
7392,2_3_1_1,0,9.0,0.05
7393,2_1_1_1,4,7.0,0.05
7394,2_4_1_1,0,5.0,0.05
7395,2_6_0_1,4,1.5,0.05
7396,2_4_0_1,4,1.5,0.05
7397,1_2_0_1,3,1.0,0.05
7398,3_1_0_1,0,1.5,0.05
7399,3_7_0_0,2,2.0,0.05
7400,3_2_1_1,1,9.0,0.05
7401,1_0_1_0,5,3.0,0.05
7402,1_1_1_1,0,9.0,0.05
7403,2_6_1_0,1,6.0,0.05
7404,3_6_1_1,4,7.0,0.05
7405,3_4_0_1,4,1.5,0.05
7406,1_0_1_1,4,7.0,0.05
7407,3_0_1_1,0,5.0,0.05
7408,3_2_1_1,1,9.0,0.05
7409,2_7_1_0,1,6.0,0.05
7410,1_0_0_0,3,2.0,0.05
7411,3_3_1_1,1,9.0,0.05
7412,2_3_1_1,0,9.0,0.05
7413,1_6_0_0,2,2.0,0.05
7414,3_6_1_1,4,7.0,0.05
7415,3_7_0_1,3,1.0,0.05
7416,3_1_1_1,0,9.0,0.05
7417,3_3_0_1,4,1.5,0.05
7418,1_5_1_1,0,9.0,0.05
7419,1_3_1_1,4,7.0,0.05
7420,3_7_0_0,2,2.0,0.05
7421,3_1_0_1,0,1.5,0.05
7422,3_4_0_1,4,1.5,0.05
7423,2_2_1_0,1,6.0,0.05
7424,1_5_0_1,5,0.0,0.05
7425,3_4_1_1,0,5.0,0.05
7426,1_1_0_1,0,1.5,0.05
7427,2_5_1_0,1,2.0,0.05
7428,2_1_0_0,5,2.0,0.05
7429,1_0_0_1,3,1.0,0.05
7430,3_2_0_0,3,2.0,0.05
7431,3_3_0_1,1,3.0,0.05
7432,2_1_1_0,5,3.0,0.05
7433,2_0_0_1,4,1.5,0.05
7434,3_5_0_1,0,1.5,0.05
7435,2_5_1_1,0,9.0,0.05
7436,1_3_1_1,4,7.0,0.05
7437,3_3_1_1,1,9.0,0.05
7438,3_7_1_1,4,7.0,0.05
7439,2_2_0_0,3,2.0,0.05
7440,2_7_0_1,1,3.0,0.05
7441,1_4_1_0,5,3.0,0.05
7442,3_5_0_0,3,2.0,0.05
7443,1_7_0_0,2,2.0,0.05
7444,2_2_0_0,3,2.0,0.05
7445,1_3_0_0,5,2.0,0.05
7446,1_7_1_1,0,9.0,0.05
7447,2_3_0_0,3,2.0,0.05
7448,2_3_0_1,3,1.0,0.05
7449,3_4_0_1,2,0.0,0.05
7450,1_6_0_1,1,3.0,0.05
7451,3_3_0_0,5,2.0,0.05
7452,1_1_1_0,5,3.0,0.05
7453,1_3_0_0,5,2.0,0.05
7454,2_6_1_0,1,6.0,0.05
7455,2_7_0_1,4,1.5,0.05
7456,1_2_0_0,3,2.0,0.05
7457,3_4_1_1,0,5.0,0.05
7458,1_3_0_1,1,3.0,0.05
7459,1_2_0_0,4,-4.5,0.05
7460,2_7_0_0,3,2.0,0.05
7461,1_5_1_1,0,9.0,0.05
7462,3_0_1_1,0,5.0,0.05
7463,3_3_1_0,0,3.0,0.05
7464,2_2_0_1,4,1.5,0.05
7465,2_4_1_1,0,5.0,0.05
7466,3_4_1_0,5,3.0,0.05
7467,3_7_1_1,4,7.0,0.05
7468,1_4_1_0,5,3.0,0.05
7469,3_7_0_0,2,2.0,0.05
7470,1_4_0_1,3,1.0,0.05
7471,2_7_0_0,3,2.0,0.05
7472,3_3_1_0,0,3.0,0.05
7473,3_4_0_0,5,2.0,0.05
7474,2_2_0_1,4,1.5,0.05
7475,2_1_0_1,0,1.5,0.05
7476,1_6_1_0,1,6.0,0.05
7477,1_2_1_1,4,7.0,0.05
7478,2_5_1_1,0,9.0,0.05
7479,1_5_0_1,0,1.5,0.05
7480,2_0_0_1,4,1.5,0.05
7481,1_4_0_1,3,1.0,0.05
7482,3_1_0_1,0,1.5,0.05
7483,1_4_0_1,3,1.0,0.05
7484,2_0_0_1,4,1.5,0.05
7485,3_7_0_1,3,1.0,0.05
7486,2_3_0_0,3,2.0,0.05
7487,1_3_0_0,5,2.0,0.05
7488,2_3_0_0,3,2.0,0.05
7489,2_5_1_0,1,2.0,0.05
7490,1_5_1_0,1,2.0,0.05
7491,2_4_1_1,0,5.0,0.05
7492,3_2_0_0,3,2.0,0.05
7493,3_7_0_1,3,1.0,0.05
7494,1_5_1_1,0,9.0,0.05
7495,2_5_0_1,4,1.5,0.05
7496,1_5_1_1,0,9.0,0.05
7497,1_0_1_0,5,3.0,0.05
7498,2_4_1_1,0,5.0,0.05
7499,2_1_0_1,0,1.5,0.05
7500,3_7_0_1,3,1.0,0.05
7501,2_6_0_1,4,1.5,0.05
7502,3_5_1_0,0,3.0,0.05
7503,2_0_1_0,5,3.0,0.05
7504,3_7_1_0,1,6.0,0.05
7505,1_0_0_1,3,1.0,0.05
7506,1_0_0_0,3,2.0,0.05
7507,2_0_0_0,5,2.0,0.05
7508,2_4_1_1,0,5.0,0.05
7509,3_6_1_0,1,6.0,0.05
7510,3_7_1_0,1,6.0,0.05
7511,3_6_0_1,1,3.0,0.05
7512,1_0_0_1,3,1.0,0.05
7513,2_6_0_1,4,1.5,0.05
7514,1_2_0_0,3,2.0,0.05
7515,1_4_0_0,3,2.0,0.05
7516,2_5_0_0,5,2.0,0.05
7517,2_1_1_1,4,7.0,0.05
7518,3_3_1_1,1,9.0,0.05
7519,1_4_0_0,3,2.0,0.05
7520,3_2_1_1,1,9.0,0.05
7521,2_4_1_1,0,5.0,0.05
7522,1_1_1_0,5,3.0,0.05
7523,2_6_0_1,4,1.5,0.05
7524,1_2_1_0,1,6.0,0.05
7525,3_5_0_1,0,1.5,0.05
7526,3_0_0_1,3,1.0,0.05
7527,3_1_0_1,0,1.5,0.05
7528,2_4_1_1,0,5.0,0.05
7529,1_6_0_0,2,2.0,0.05
7530,1_3_0_1,1,3.0,0.05
7531,3_0_0_0,5,2.0,0.05
7532,3_1_1_0,0,3.0,0.05
7533,2_6_1_0,1,6.0,0.05
7534,2_1_0_0,5,2.0,0.05
7535,3_4_1_0,5,3.0,0.05
7536,1_2_0_1,3,1.0,0.05
7537,1_6_0_0,2,2.0,0.05
7538,1_7_1_0,3,-14.0,0.05
7539,3_6_1_1,4,7.0,0.05
7540,3_1_1_1,0,9.0,0.05
7541,2_1_1_0,5,3.0,0.05
7542,1_2_0_1,3,1.0,0.05
7543,2_5_1_0,1,2.0,0.05
7544,1_2_1_0,1,6.0,0.05
7545,2_0_1_1,1,5.0,0.05
7546,2_3_0_1,3,1.0,0.05
7547,1_6_0_1,1,3.0,0.05
7548,1_3_1_1,4,7.0,0.05
7549,2_0_1_0,5,3.0,0.05
7550,2_2_0_0,3,2.0,0.05
7551,2_7_1_0,1,6.0,0.05
7552,2_0_0_0,5,2.0,0.05
7553,2_2_1_1,4,7.0,0.05
7554,3_4_0_0,5,2.0,0.05
7555,2_7_0_0,3,2.0,0.05
7556,1_4_1_1,4,7.0,0.05
7557,3_7_1_1,4,7.0,0.05
7558,3_2_0_0,3,2.0,0.05
7559,1_1_0_1,0,1.5,0.05
7560,1_6_1_1,4,7.0,0.05
7561,3_6_0_1,0,-2.5,0.05
7562,2_0_0_1,4,1.5,0.05
7563,1_5_0_0,3,2.0,0.05
7564,3_0_1_1,0,5.0,0.05
7565,3_3_1_0,0,3.0,0.05
7566,3_4_0_1,4,1.5,0.05
7567,2_6_0_0,1,0.0,0.05
7568,3_5_1_0,0,3.0,0.05
7569,3_5_1_0,0,3.0,0.05
7570,3_1_1_1,0,9.0,0.05
7571,2_2_0_0,3,2.0,0.05
7572,2_2_0_0,3,2.0,0.05
7573,2_4_1_1,0,5.0,0.05
7574,2_0_1_1,1,5.0,0.05
7575,2_1_0_1,0,1.5,0.05
7576,2_2_1_0,1,6.0,0.05
7577,3_0_0_1,3,1.0,0.05
7578,3_7_0_0,2,2.0,0.05
7579,1_1_1_0,5,3.0,0.05
7580,2_2_0_0,1,0.0,0.05
7581,3_5_0_1,0,1.5,0.05
7582,1_7_1_0,1,6.0,0.05
7583,1_6_0_1,1,3.0,0.05
7584,3_4_0_0,5,2.0,0.05
7585,3_4_1_1,0,5.0,0.05
7586,2_0_0_1,5,0.0,0.05
7587,2_4_0_1,4,1.5,0.05
7588,2_3_1_1,0,9.0,0.05
7589,3_1_0_1,0,1.5,0.05
7590,3_4_1_0,5,3.0,0.05
7591,2_2_0_1,3,1.0,0.05
7592,2_3_0_1,3,1.0,0.05
7593,2_2_0_1,4,1.5,0.05
7594,3_2_1_1,1,9.0,0.05
7595,2_6_0_1,4,1.5,0.05
7596,3_0_0_0,5,2.0,0.05
7597,1_7_1_1,0,9.0,0.05
7598,1_5_0_0,3,2.0,0.05
7599,3_4_0_1,4,1.5,0.05
7600,1_2_0_0,3,2.0,0.05
7601,2_7_1_0,1,6.0,0.05
7602,3_0_0_1,3,1.0,0.05
7603,1_5_0_1,0,1.5,0.05
7604,2_5_1_1,0,9.0,0.05
7605,3_7_0_0,2,2.0,0.05
7606,1_6_0_1,1,3.0,0.05
7607,1_7_1_0,1,6.0,0.05
7608,1_1_0_0,3,2.0,0.05
7609,3_4_1_0,5,3.0,0.05
7610,2_3_1_1,0,9.0,0.05
7611,2_7_1_1,0,9.0,0.05
7612,3_5_1_1,3,-15.0,0.05
7613,3_4_1_1,0,5.0,0.05
7614,1_0_0_0,3,2.0,0.05
7615,3_4_1_1,0,5.0,0.05
7616,3_4_0_0,5,2.0,0.05
7617,1_6_1_0,1,6.0,0.05
7618,2_3_0_1,4,1.5,0.05
7619,3_1_1_1,0,9.0,0.05
7620,2_3_1_1,0,9.0,0.05
7621,2_2_0_0,3,2.0,0.05
7622,1_2_0_0,3,2.0,0.05
7623,1_6_0_1,1,3.0,0.05
7624,3_1_1_1,0,9.0,0.05
7625,1_2_0_0,3,2.0,0.05
7626,3_6_0_0,5,2.0,0.05
7627,2_5_1_1,0,9.0,0.05
7628,1_1_0_0,3,2.0,0.05
7629,3_5_0_0,3,2.0,0.05
7630,3_0_1_1,0,5.0,0.05
7631,1_2_0_0,3,2.0,0.05
7632,1_0_1_1,4,7.0,0.05
7633,2_1_1_1,4,7.0,0.05
7634,2_3_1_1,0,9.0,0.05
7635,2_3_0_0,3,2.0,0.05
7636,2_7_1_0,3,-14.0,0.05
7637,2_5_1_1,0,9.0,0.05
7638,1_6_0_0,2,2.0,0.05
7639,2_5_1_0,1,2.0,0.05
7640,1_2_0_1,3,1.0,0.05
7641,2_3_1_0,1,6.0,0.05
7642,1_2_1_0,1,6.0,0.05
7643,3_4_0_1,4,1.5,0.05
7644,3_0_0_1,3,1.0,0.05
7645,1_7_0_0,2,2.0,0.05
7646,1_1_1_1,0,9.0,0.05
7647,3_5_0_0,1,-4.0,0.05
7648,3_4_0_0,5,2.0,0.05
7649,2_0_1_0,5,3.0,0.05
7650,1_6_1_0,1,6.0,0.05
7651,3_1_0_1,0,1.5,0.05
7652,1_0_0_1,3,1.0,0.05
7653,1_6_0_1,1,3.0,0.05
7654,1_1_1_0,5,3.0,0.05
7655,2_3_1_1,0,9.0,0.05
7656,1_2_1_1,4,7.0,0.05
7657,2_7_0_1,1,3.0,0.05
7658,2_4_0_0,3,2.0,0.05
7659,1_1_0_1,0,1.5,0.05
7660,3_5_1_0,0,3.0,0.05
7661,3_7_0_1,3,1.0,0.05
7662,1_7_1_0,1,6.0,0.05
7663,3_2_1_1,1,9.0,0.05
7664,1_3_1_0,1,6.0,0.05
7665,2_4_0_0,3,2.0,0.05
7666,3_7_1_1,4,7.0,0.05
7667,2_0_0_1,4,1.5,0.05
7668,2_6_1_1,1,9.0,0.05
7669,2_1_0_1,0,1.5,0.05
7670,2_1_1_0,5,3.0,0.05
7671,2_4_0_0,3,2.0,0.05
7672,3_5_1_0,1,2.0,0.05
7673,2_5_0_1,4,1.5,0.05
7674,1_6_0_1,5,0.0,0.05
7675,2_2_1_1,4,7.0,0.05
7676,1_6_0_0,2,2.0,0.05
7677,3_2_0_0,3,2.0,0.05
7678,1_2_1_1,4,7.0,0.05
7679,1_5_0_1,0,1.5,0.05
7680,1_4_0_0,3,2.0,0.05
7681,1_2_0_0,3,2.0,0.05
7682,1_5_1_1,0,9.0,0.05
7683,3_3_0_0,5,2.0,0.05
7684,2_1_1_1,4,7.0,0.05
7685,3_0_0_0,5,2.0,0.05
7686,2_3_1_1,1,9.0,0.05
7687,1_6_0_0,0,-8.5,0.05
7688,2_2_1_0,1,6.0,0.05
7689,1_0_0_1,3,1.0,0.05
7690,1_0_1_1,4,7.0,0.05
7691,1_4_1_1,4,7.0,0.05
7692,2_1_0_0,5,2.0,0.05
7693,1_4_1_0,5,3.0,0.05
7694,1_0_1_0,5,3.0,0.05
7695,3_6_0_1,1,3.0,0.05
7696,3_0_1_0,4,1.0,0.05
7697,3_7_0_0,2,2.0,0.05
7698,2_1_0_1,0,1.5,0.05
7699,2_2_0_0,3,2.0,0.05
7700,1_0_1_0,5,3.0,0.05
7701,2_7_0_1,1,3.0,0.05
7702,1_3_1_0,1,6.0,0.05
7703,1_3_0_0,5,2.0,0.05
7704,1_0_0_0,3,2.0,0.05
7705,3_6_0_1,1,3.0,0.05
7706,2_3_0_0,3,2.0,0.05
7707,2_2_0_0,3,2.0,0.05
7708,3_6_0_0,5,2.0,0.05
7709,1_1_1_0,5,3.0,0.05
7710,1_6_0_0,2,2.0,0.05
7711,3_2_1_0,1,6.0,0.05
7712,3_6_0_0,5,2.0,0.05
7713,1_3_0_1,1,3.0,0.05
7714,1_6_1_0,1,6.0,0.05
7715,3_3_1_1,1,9.0,0.05
7716,2_4_1_1,0,5.0,0.05
7717,2_6_0_0,1,0.0,0.05
7718,1_6_1_1,4,7.0,0.05
7719,3_0_1_0,1,2.0,0.05
7720,1_7_1_0,1,6.0,0.05
7721,2_3_1_1,0,9.0,0.05
7722,1_2_1_1,2,-9.0,0.05
7723,3_3_0_0,5,2.0,0.05
7724,2_3_0_1,3,1.0,0.05
7725,2_5_0_1,4,1.5,0.05
7726,1_1_0_0,3,2.0,0.05
7727,3_4_1_1,0,5.0,0.05
7728,2_3_1_0,1,6.0,0.05
7729,3_3_0_1,1,3.0,0.05
7730,2_3_1_1,0,9.0,0.05
7731,2_5_0_0,5,2.0,0.05
7732,1_4_0_0,3,2.0,0.05
7733,3_3_0_1,1,3.0,0.05
7734,2_7_0_0,3,2.0,0.05
7735,1_4_1_0,5,3.0,0.05
7736,1_6_1_1,4,7.0,0.05
7737,3_7_1_0,1,6.0,0.05
7738,1_6_0_0,2,2.0,0.05
7739,2_6_1_1,1,9.0,0.05
7740,1_4_0_0,3,2.0,0.05
7741,3_3_0_0,5,2.0,0.05
7742,3_0_0_0,5,2.0,0.05
7743,3_4_1_1,0,5.0,0.05
7744,1_1_1_0,5,3.0,0.05
7745,2_3_0_1,3,1.0,0.05
7746,3_5_0_1,0,1.5,0.05
7747,2_0_1_1,1,5.0,0.05
7748,2_2_1_0,1,6.0,0.05
7749,3_2_0_1,4,1.5,0.05
7750,1_1_1_0,5,3.0,0.05
7751,2_1_1_1,4,7.0,0.05
7752,1_4_1_1,4,7.0,0.05
7753,3_7_0_0,2,2.0,0.05
7754,1_5_0_1,0,1.5,0.05
7755,2_6_0_1,4,1.5,0.05
7756,2_7_1_1,0,9.0,0.05
7757,1_0_0_0,3,2.0,0.05
7758,2_4_1_1,0,5.0,0.05
7759,1_4_1_0,5,3.0,0.05
7760,2_7_0_1,1,3.0,0.05
7761,1_4_1_1,4,7.0,0.05
7762,3_4_1_1,0,5.0,0.05
7763,3_0_0_0,5,2.0,0.05
7764,2_4_1_1,0,5.0,0.05
7765,3_0_0_1,3,1.0,0.05
7766,3_7_0_1,3,1.0,0.05
7767,3_2_1_1,1,9.0,0.05
7768,1_6_1_0,1,6.0,0.05
7769,3_1_0_0,3,2.0,0.05
7770,1_7_0_1,1,3.0,0.05
7771,3_6_0_0,5,2.0,0.05
7772,2_2_0_1,4,1.5,0.05
7773,1_7_0_1,1,3.0,0.05
7774,1_6_1_0,1,6.0,0.05
7775,3_5_0_0,3,2.0,0.05
7776,1_3_0_1,1,3.0,0.05
7777,3_7_0_0,2,2.0,0.05
7778,2_6_1_0,1,6.0,0.05
7779,1_2_0_1,3,1.0,0.05
7780,3_2_1_1,1,9.0,0.05
7781,2_2_0_0,3,2.0,0.05
7782,1_5_1_0,1,2.0,0.05
7783,2_0_1_1,1,5.0,0.05
7784,2_6_1_1,1,9.0,0.05
7785,1_1_1_0,5,3.0,0.05
7786,2_2_1_0,1,6.0,0.05
7787,1_3_1_1,4,7.0,0.05
7788,3_4_1_1,0,5.0,0.05
7789,1_4_0_1,3,1.0,0.05
7790,3_1_0_1,0,1.5,0.05
7791,3_6_0_1,1,3.0,0.05
7792,1_3_1_1,4,7.0,0.05
7793,2_0_1_1,1,5.0,0.05
7794,1_5_1_1,0,9.0,0.05
7795,1_6_0_0,2,2.0,0.05
7796,1_2_1_0,1,6.0,0.05
7797,2_0_0_0,5,2.0,0.05
7798,3_1_0_0,3,2.0,0.05
7799,3_5_0_1,0,1.5,0.05
7800,1_1_0_1,0,1.5,0.05
7801,2_6_0_1,4,1.5,0.05
7802,1_2_0_0,3,2.0,0.05
7803,2_4_1_0,1,2.0,0.05
7804,2_5_0_0,5,2.0,0.05
7805,1_7_0_1,1,3.0,0.05
7806,2_6_1_1,1,9.0,0.05
7807,3_3_1_0,0,3.0,0.05
7808,1_0_1_0,5,3.0,0.05
7809,3_0_0_1,0,-2.5,0.05
7810,3_5_1_0,0,3.0,0.05
7811,1_7_1_0,1,6.0,0.05
7812,1_4_0_1,3,1.0,0.05
7813,2_7_1_0,1,6.0,0.05
7814,3_4_0_0,5,2.0,0.05
7815,1_4_0_1,3,1.0,0.05
7816,1_5_1_1,0,9.0,0.05
7817,3_1_0_0,3,2.0,0.05
7818,3_0_1_0,4,1.0,0.05
7819,1_1_0_0,3,2.0,0.05
7820,1_2_1_0,1,6.0,0.05
7821,3_5_1_0,0,3.0,0.05
7822,1_7_0_0,2,2.0,0.05
7823,1_4_1_1,4,7.0,0.05
7824,3_2_1_0,1,6.0,0.05
7825,3_1_0_0,3,2.0,0.05
7826,3_3_0_1,1,3.0,0.05
7827,2_1_0_0,5,2.0,0.05
7828,2_6_0_1,4,1.5,0.05
7829,1_5_0_0,3,2.0,0.05
7830,1_1_0_1,0,1.5,0.05
7831,1_4_1_1,4,7.0,0.05
7832,2_7_1_1,0,9.0,0.05
7833,1_5_1_1,0,9.0,0.05
7834,3_2_0_1,4,1.5,0.05
7835,1_2_1_0,1,6.0,0.05
7836,1_0_0_0,3,2.0,0.05
7837,2_2_0_1,4,1.5,0.05
7838,3_7_1_1,4,7.0,0.05
7839,3_7_0_0,2,2.0,0.05
7840,1_0_0_0,3,2.0,0.05
7841,2_2_0_0,3,2.0,0.05
7842,1_5_0_0,3,2.0,0.05
7843,2_3_1_1,1,9.0,0.05
7844,2_3_1_0,0,3.0,0.05
7845,1_4_0_0,3,2.0,0.05
7846,2_6_0_1,4,1.5,0.05
7847,3_5_1_1,0,9.0,0.05
7848,2_1_0_1,0,1.5,0.05
7849,1_7_1_0,1,6.0,0.05
7850,1_6_0_0,2,2.0,0.05
7851,2_0_0_0,5,2.0,0.05
7852,1_0_0_1,3,1.0,0.05
7853,1_7_0_1,1,3.0,0.05
7854,1_7_0_1,1,3.0,0.05
7855,1_7_1_1,0,9.0,0.05
7856,2_4_0_1,4,1.5,0.05
7857,2_5_0_0,5,2.0,0.05
7858,2_1_1_0,5,3.0,0.05
7859,2_7_1_1,0,9.0,0.05
7860,3_6_1_0,1,6.0,0.05
7861,3_1_0_1,0,1.5,0.05
7862,3_5_1_1,0,9.0,0.05
7863,3_5_1_1,0,9.0,0.05
7864,1_3_1_0,1,6.0,0.05
7865,2_6_0_1,4,1.5,0.05
7866,3_2_0_0,3,2.0,0.05
7867,1_7_0_1,1,3.0,0.05
7868,2_4_0_1,4,1.5,0.05
7869,1_6_1_1,4,7.0,0.05
7870,3_5_1_1,0,9.0,0.05
7871,1_1_0_0,3,2.0,0.05
7872,3_3_1_0,0,3.0,0.05
7873,3_3_0_0,5,2.0,0.05
7874,2_2_0_1,4,1.5,0.05
7875,3_4_1_1,0,5.0,0.05
7876,3_2_1_0,1,6.0,0.05
7877,1_5_1_0,1,2.0,0.05
7878,1_0_0_1,3,1.0,0.05
7879,3_4_0_0,5,2.0,0.05
7880,1_4_1_0,5,3.0,0.05
7881,2_7_0_0,3,2.0,0.05
7882,1_5_0_0,3,2.0,0.05
7883,1_7_1_0,1,6.0,0.05
7884,3_7_1_0,1,6.0,0.05
7885,3_5_1_1,0,9.0,0.05
7886,1_6_0_0,2,2.0,0.05
7887,1_4_1_1,4,7.0,0.05
7888,1_3_1_1,4,7.0,0.05
7889,2_5_0_1,4,1.5,0.05
7890,3_3_0_0,5,2.0,0.05
7891,1_1_1_0,5,3.0,0.05
7892,3_4_1_1,0,5.0,0.05
7893,1_5_1_1,2,-5.0,0.05
7894,3_7_1_0,1,6.0,0.05
7895,1_7_0_1,1,3.0,0.05
7896,2_6_1_0,1,6.0,0.05
7897,1_7_1_0,1,6.0,0.05
7898,3_5_1_0,0,3.0,0.05
7899,2_0_1_1,1,5.0,0.05
7900,1_7_0_1,1,3.0,0.05
7901,2_7_1_0,1,6.0,0.05
7902,2_7_0_1,1,3.0,0.05
7903,1_5_1_1,0,9.0,0.05
7904,2_4_0_0,3,2.0,0.05
7905,2_3_0_0,3,2.0,0.05
7906,2_5_0_1,4,1.5,0.05
7907,2_6_0_0,1,0.0,0.05
7908,3_4_1_1,0,5.0,0.05
7909,3_5_0_0,3,2.0,0.05
7910,2_5_0_0,5,2.0,0.05
7911,2_1_1_1,4,7.0,0.05
7912,3_6_1_0,1,6.0,0.05
7913,2_3_0_1,3,1.0,0.05
7914,3_2_0_0,3,2.0,0.05
7915,2_5_1_0,1,2.0,0.05
7916,2_3_1_0,1,6.0,0.05
7917,1_1_0_0,3,2.0,0.05
7918,2_1_0_0,5,2.0,0.05
7919,1_4_1_0,5,3.0,0.05
7920,3_0_1_0,4,1.0,0.05
7921,2_3_0_1,3,1.0,0.05
7922,3_7_0_1,3,1.0,0.05
7923,2_7_0_1,1,3.0,0.05
7924,3_1_1_1,0,9.0,0.05
7925,1_7_1_0,0,3.0,0.05
7926,1_4_1_0,5,3.0,0.05
7927,1_3_0_1,1,3.0,0.05
7928,1_7_1_1,0,9.0,0.05
7929,3_2_0_1,4,1.5,0.05
7930,2_7_0_0,3,2.0,0.05
7931,1_6_1_1,4,7.0,0.05
7932,2_3_1_1,0,9.0,0.05
7933,2_0_0_1,4,1.5,0.05
7934,3_6_0_1,1,3.0,0.05
7935,1_7_0_1,1,3.0,0.05
7936,3_3_1_1,1,9.0,0.05
7937,1_2_0_1,2,-4.0,0.05
7938,1_3_0_0,5,2.0,0.05
7939,2_5_0_1,4,1.5,0.05
7940,3_4_1_0,5,3.0,0.05
7941,2_0_1_0,5,3.0,0.05
7942,3_6_1_1,4,7.0,0.05
7943,3_1_0_1,0,1.5,0.05
7944,3_6_0_1,1,3.0,0.05
7945,2_0_0_1,4,1.5,0.05
7946,3_5_0_0,3,2.0,0.05
7947,2_2_0_0,3,2.0,0.05
7948,3_7_1_1,4,7.0,0.05
7949,1_1_1_1,0,9.0,0.05
7950,2_7_0_1,1,3.0,0.05
7951,1_5_0_0,3,2.0,0.05
7952,1_2_0_0,3,2.0,0.05
7953,2_6_0_1,4,1.5,0.05
7954,2_1_0_1,0,1.5,0.05
7955,1_2_0_0,3,2.0,0.05
7956,1_6_0_1,1,3.0,0.05
7957,1_6_0_1,1,3.0,0.05
7958,3_6_1_1,4,7.0,0.05
7959,2_3_1_1,0,9.0,0.05
7960,1_1_1_1,0,9.0,0.05
7961,2_1_0_1,0,1.5,0.05
7962,1_2_0_0,3,2.0,0.05
7963,2_1_0_1,0,1.5,0.05
7964,2_5_0_1,5,0.0,0.05
7965,2_6_1_1,1,9.0,0.05
7966,3_4_1_1,0,5.0,0.05
7967,2_3_1_0,1,6.0,0.05
7968,1_5_0_0,3,2.0,0.05
7969,2_4_0_1,4,1.5,0.05
7970,3_3_0_0,5,2.0,0.05
7971,2_4_1_0,1,2.0,0.05
7972,3_4_0_1,4,1.5,0.05
7973,3_5_0_0,3,2.0,0.05
7974,3_7_1_0,1,6.0,0.05
7975,2_4_0_0,3,2.0,0.05
7976,2_5_0_0,5,2.0,0.05
7977,3_5_0_0,3,2.0,0.05
7978,2_0_0_0,4,-4.5,0.05
7979,3_6_1_1,4,7.0,0.05
7980,2_0_0_0,5,2.0,0.05
7981,3_2_1_0,1,6.0,0.05
7982,1_5_1_1,0,9.0,0.05
7983,1_0_0_1,3,1.0,0.05
7984,3_3_0_0,5,2.0,0.05
7985,2_5_0_1,4,1.5,0.05
7986,2_1_0_1,0,1.5,0.05
7987,3_1_0_1,3,1.0,0.05
7988,3_3_0_1,1,3.0,0.05
7989,2_5_0_1,4,1.5,0.05
7990,3_4_1_0,5,3.0,0.05
7991,3_5_0_1,0,1.5,0.05
7992,2_4_1_1,0,5.0,0.05
7993,1_4_0_0,3,2.0,0.05
7994,1_1_1_0,5,3.0,0.05
7995,2_4_1_0,1,2.0,0.05
7996,3_2_0_1,4,1.5,0.05
7997,2_0_0_1,4,1.5,0.05
7998,2_4_0_0,3,2.0,0.05
7999,2_3_0_0,3,2.0,0.05
8000,1_1_0_1,0,1.5,0.05
8001,3_4_1_1,0,5.0,0.05
8002,3_5_0_0,3,2.0,0.05
8003,1_0_0_0,3,2.0,0.05
8004,2_1_1_0,5,3.0,0.05
8005,2_6_1_0,1,6.0,0.05
8006,1_1_0_0,3,2.0,0.05
8007,2_4_1_1,0,5.0,0.05
8008,2_7_1_1,0,9.0,0.05
8009,2_3_1_0,3,-14.0,0.05
8010,2_6_0_0,1,0.0,0.05
8011,3_0_1_0,4,1.0,0.05
8012,3_0_0_1,0,-2.5,0.05
8013,3_0_1_0,4,1.0,0.05
8014,2_1_1_0,5,3.0,0.05
8015,2_1_0_0,5,2.0,0.05
8016,1_5_0_0,3,2.0,0.05
8017,2_0_0_0,5,2.0,0.05
8018,2_1_1_0,5,3.0,0.05
8019,3_1_1_0,5,3.0,0.05
8020,1_5_1_0,1,2.0,0.05
8021,2_0_1_0,5,3.0,0.05
8022,1_0_1_0,5,3.0,0.05
8023,1_7_0_1,1,3.0,0.05
8024,3_0_1_0,4,1.0,0.05
8025,2_3_1_0,1,6.0,0.05
8026,2_0_0_1,4,1.5,0.05
8027,3_0_1_0,4,1.0,0.05
8028,3_4_1_0,5,3.0,0.05
8029,1_4_0_0,3,2.0,0.05
8030,3_0_0_0,5,2.0,0.05
8031,1_1_1_1,0,9.0,0.05
8032,1_0_1_1,4,7.0,0.05
8033,3_6_0_1,1,3.0,0.05
8034,3_4_1_0,5,3.0,0.05
8035,3_6_0_1,1,3.0,0.05
8036,1_0_0_0,3,2.0,0.05
8037,2_1_0_0,5,2.0,0.05
8038,2_0_0_0,3,2.0,0.05
8039,1_3_0_1,1,3.0,0.05
8040,3_4_0_0,5,2.0,0.05
8041,1_4_1_1,4,7.0,0.05
8042,2_1_1_1,4,7.0,0.05
8043,1_6_1_0,1,6.0,0.05
8044,2_0_1_0,5,3.0,0.05
8045,2_0_1_0,5,3.0,0.05
8046,1_7_1_0,1,6.0,0.05
8047,2_0_0_0,5,2.0,0.05
8048,1_6_0_1,4,1.5,0.05
8049,2_3_0_1,3,1.0,0.05
8050,1_5_0_0,3,2.0,0.05
8051,1_3_0_1,1,3.0,0.05
8052,2_3_1_0,1,6.0,0.05
8053,2_2_1_1,4,7.0,0.05
8054,3_5_1_0,0,3.0,0.05
8055,1_6_1_1,4,7.0,0.05
8056,1_2_0_0,3,2.0,0.05
8057,1_4_0_1,3,1.0,0.05
8058,2_2_0_0,3,2.0,0.05
8059,1_3_0_0,5,2.0,0.05
8060,3_4_0_1,4,1.5,0.05
8061,1_4_0_1,3,1.0,0.05
8062,3_3_1_1,1,9.0,0.05
8063,3_7_1_1,4,7.0,0.05
8064,1_3_1_0,1,6.0,0.05
8065,1_2_0_0,3,2.0,0.05
8066,2_0_0_1,4,1.5,0.05
8067,1_7_1_1,0,9.0,0.05
8068,2_0_0_1,4,1.5,0.05
8069,1_2_0_0,3,2.0,0.05
8070,2_6_0_1,4,1.5,0.05
8071,2_5_0_1,4,1.5,0.05
8072,1_7_1_0,1,6.0,0.05
8073,3_0_0_0,5,2.0,0.05
8074,3_6_1_1,4,7.0,0.05
8075,2_0_1_1,4,7.0,0.05
8076,2_2_1_0,1,6.0,0.05
8077,2_5_1_1,0,9.0,0.05
8078,3_0_1_0,4,1.0,0.05
8079,2_4_0_1,4,1.5,0.05
8080,2_2_1_0,1,6.0,0.05
8081,3_7_0_0,2,2.0,0.05
8082,3_5_1_1,0,9.0,0.05
8083,1_5_0_1,0,1.5,0.05
8084,2_0_1_0,5,3.0,0.05
8085,2_1_1_1,4,7.0,0.05
8086,2_0_0_1,4,1.5,0.05
8087,1_5_0_1,0,1.5,0.05
8088,3_7_1_1,4,7.0,0.05
8089,1_5_0_0,3,2.0,0.05
8090,1_1_1_0,5,3.0,0.05
8091,3_3_0_0,5,2.0,0.05
8092,3_0_1_1,0,5.0,0.05
8093,3_0_1_0,4,1.0,0.05
8094,3_7_0_1,5,0.0,0.05
8095,2_5_1_0,1,2.0,0.05
8096,3_1_0_0,3,2.0,0.05
8097,3_0_0_1,3,1.0,0.05
8098,1_7_1_1,0,9.0,0.05
8099,3_2_0_0,3,2.0,0.05
8100,1_3_1_1,4,7.0,0.05
8101,1_2_0_1,3,1.0,0.05
8102,1_3_0_0,5,2.0,0.05
8103,3_2_0_1,4,1.5,0.05
8104,3_1_1_1,0,9.0,0.05
8105,1_2_1_0,1,6.0,0.05
8106,2_7_1_1,0,9.0,0.05
8107,1_0_0_0,3,2.0,0.05
8108,2_4_1_1,0,5.0,0.05
8109,1_4_0_1,3,1.0,0.05
8110,1_3_0_0,5,2.0,0.05
8111,3_4_0_0,5,2.0,0.05
8112,2_1_1_1,4,7.0,0.05
8113,3_2_0_1,4,1.5,0.05
8114,3_7_0_0,2,2.0,0.05
8115,1_2_0_0,3,2.0,0.05
8116,3_2_1_1,1,9.0,0.05
8117,3_6_0_0,5,2.0,0.05
8118,1_5_1_1,0,9.0,0.05
8119,2_1_0_1,0,1.5,0.05
8120,1_0_0_1,3,1.0,0.05
8121,2_5_1_0,1,2.0,0.05
8122,1_7_1_0,1,6.0,0.05
8123,1_4_0_1,5,0.0,0.05
8124,3_2_1_1,1,9.0,0.05
8125,3_2_0_1,4,1.5,0.05
8126,2_7_1_1,0,9.0,0.05
8127,2_3_0_1,3,1.0,0.05
8128,1_6_1_0,1,6.0,0.05
8129,2_6_1_1,1,9.0,0.05
8130,1_1_1_0,5,3.0,0.05
8131,3_4_1_0,5,3.0,0.05
8132,2_7_0_0,3,2.0,0.05
8133,3_4_0_0,5,2.0,0.05
8134,2_6_1_1,1,9.0,0.05
8135,1_5_0_1,0,1.5,0.05
8136,1_2_0_0,3,2.0,0.05
8137,3_3_1_1,1,9.0,0.05
8138,3_0_1_1,0,5.0,0.05
8139,1_5_0_1,3,1.0,0.05
8140,2_0_0_0,5,2.0,0.05
8141,3_5_1_1,0,9.0,0.05
8142,1_5_1_0,1,2.0,0.05
8143,1_3_0_1,1,3.0,0.05
8144,2_6_1_0,2,-3.0,0.05
8145,2_7_0_1,1,3.0,0.05
8146,3_1_0_1,0,1.5,0.05
8147,1_1_1_0,5,3.0,0.05
8148,2_7_0_1,1,3.0,0.05
8149,1_3_1_0,1,6.0,0.05
8150,1_2_1_0,5,3.0,0.05
8151,2_4_0_1,4,1.5,0.05
8152,3_7_1_0,1,6.0,0.05
8153,2_0_1_0,5,3.0,0.05
8154,3_6_1_1,4,7.0,0.05
8155,2_6_1_0,1,6.0,0.05
8156,1_7_0_0,2,2.0,0.05
8157,1_5_1_1,0,9.0,0.05
8158,3_7_1_1,4,7.0,0.05
8159,3_3_1_0,0,3.0,0.05
8160,1_1_1_0,5,3.0,0.05
8161,3_4_0_0,5,2.0,0.05
8162,2_4_1_0,1,2.0,0.05
8163,2_3_0_1,3,1.0,0.05
8164,3_3_1_1,1,9.0,0.05
8165,3_1_1_0,0,3.0,0.05
8166,1_3_1_1,4,7.0,0.05
8167,1_2_0_1,2,-4.0,0.05
8168,2_4_0_1,4,1.5,0.05
8169,2_6_1_1,1,9.0,0.05
8170,2_3_1_1,0,9.0,0.05
8171,3_1_1_1,3,-15.0,0.05
8172,3_6_0_0,5,2.0,0.05
8173,1_7_1_1,0,9.0,0.05
8174,2_1_1_1,1,5.0,0.05
8175,3_1_1_1,0,9.0,0.05
8176,3_3_1_1,1,9.0,0.05
8177,3_1_1_0,0,3.0,0.05
8178,3_6_1_1,4,7.0,0.05
8179,1_5_0_1,0,1.5,0.05
8180,3_6_0_0,5,2.0,0.05
8181,1_5_0_0,2,2.0,0.05
8182,2_3_1_0,1,6.0,0.05
8183,3_0_1_0,4,1.0,0.05
8184,3_0_0_0,0,-8.5,0.05
8185,1_2_0_1,3,1.0,0.05
8186,1_5_0_0,3,2.0,0.05
8187,3_2_0_0,3,2.0,0.05
8188,1_7_0_0,2,2.0,0.05
8189,2_3_1_0,1,6.0,0.05
8190,2_6_0_1,4,1.5,0.05
8191,2_1_1_1,4,7.0,0.05
8192,1_7_0_0,2,2.0,0.05
8193,3_1_0_1,1,-1.0,0.05
8194,2_6_0_1,4,1.5,0.05
8195,3_5_1_0,0,3.0,0.05
8196,2_4_0_1,4,1.5,0.05
8197,1_0_1_1,4,7.0,0.05
8198,3_0_1_0,4,1.0,0.05
8199,2_1_0_0,5,2.0,0.05
8200,2_4_0_0,3,2.0,0.05
8201,2_3_1_0,2,-7.0,0.05
8202,2_7_1_1,0,9.0,0.05
8203,2_2_0_0,3,2.0,0.05
8204,2_0_1_0,5,3.0,0.05
8205,3_7_1_0,1,6.0,0.05
8206,2_4_1_1,0,5.0,0.05
8207,3_4_0_0,5,2.0,0.05
8208,2_7_1_0,1,6.0,0.05
8209,1_0_0_0,3,2.0,0.05
8210,2_4_1_1,0,5.0,0.05
8211,2_6_1_1,1,9.0,0.05
8212,2_7_0_0,3,2.0,0.05
8213,1_4_0_1,3,1.0,0.05
8214,1_1_0_1,0,1.5,0.05
8215,1_0_0_0,3,2.0,0.05
8216,1_1_0_0,3,2.0,0.05
8217,3_3_0_0,5,2.0,0.05
8218,2_7_0_1,4,1.5,0.05
8219,2_7_0_0,3,2.0,0.05
8220,2_3_1_1,0,9.0,0.05
8221,2_1_0_0,5,2.0,0.05
8222,2_4_1_1,0,5.0,0.05
8223,2_1_1_1,4,7.0,0.05
8224,2_4_1_1,0,5.0,0.05
8225,2_2_0_0,3,2.0,0.05
8226,1_2_1_0,1,6.0,0.05
8227,3_2_0_1,4,1.5,0.05
8228,3_7_1_1,4,7.0,0.05
8229,2_3_0_1,3,1.0,0.05
8230,1_7_1_0,1,6.0,0.05
8231,2_2_0_1,4,1.5,0.05
8232,1_5_0_1,0,1.5,0.05
8233,1_7_1_1,1,9.0,0.05
8234,1_6_0_1,1,3.0,0.05
8235,3_3_0_1,1,3.0,0.05
8236,2_5_0_1,4,1.5,0.05
8237,2_2_0_1,4,1.5,0.05
8238,2_3_0_0,3,2.0,0.05
8239,1_3_1_0,1,6.0,0.05
8240,2_2_0_1,4,1.5,0.05
8241,1_3_1_0,1,6.0,0.05
8242,2_3_1_0,1,6.0,0.05
8243,1_7_0_1,1,3.0,0.05
8244,1_4_0_0,3,2.0,0.05
8245,3_2_1_0,1,6.0,0.05
8246,1_2_0_0,3,2.0,0.05
8247,3_4_0_0,5,2.0,0.05
8248,2_6_0_0,1,0.0,0.05
8249,2_0_0_0,5,2.0,0.05
8250,1_0_1_1,4,7.0,0.05
8251,1_3_0_0,5,2.0,0.05
8252,2_0_0_0,5,2.0,0.05
8253,3_6_1_0,1,6.0,0.05
8254,3_7_1_0,1,6.0,0.05
8255,3_0_0_1,3,1.0,0.05
8256,1_1_0_0,3,2.0,0.05
8257,1_2_0_0,3,2.0,0.05
8258,3_7_1_1,4,7.0,0.05
8259,1_0_1_0,5,3.0,0.05
8260,2_4_0_0,3,2.0,0.05
8261,2_6_0_1,4,1.5,0.05
8262,2_2_1_0,1,6.0,0.05
8263,2_1_0_1,0,1.5,0.05
8264,3_4_0_0,5,2.0,0.05
8265,1_4_1_1,4,7.0,0.05
8266,3_3_1_0,0,3.0,0.05
8267,1_7_1_1,0,9.0,0.05
8268,2_3_1_0,1,6.0,0.05
8269,1_2_1_0,1,6.0,0.05
8270,2_4_0_0,3,2.0,0.05
8271,3_1_1_1,0,9.0,0.05
8272,2_7_1_0,1,6.0,0.05
8273,1_4_0_0,3,2.0,0.05
8274,1_1_0_0,3,2.0,0.05
8275,2_3_0_0,3,2.0,0.05
8276,2_4_0_1,4,1.5,0.05
8277,1_5_1_0,1,2.0,0.05
8278,1_3_0_0,5,2.0,0.05
8279,1_1_1_0,5,3.0,0.05
8280,3_6_1_0,1,6.0,0.05
8281,2_0_1_1,1,5.0,0.05
8282,3_1_0_0,3,2.0,0.05
8283,1_6_1_0,1,6.0,0.05
8284,2_5_1_1,0,9.0,0.05
8285,3_4_1_0,5,3.0,0.05
8286,3_5_1_1,0,9.0,0.05
8287,1_1_0_0,3,2.0,0.05
8288,2_6_1_1,1,9.0,0.05
8289,1_6_1_1,4,7.0,0.05
8290,1_0_0_0,3,2.0,0.05
8291,2_7_1_1,0,9.0,0.05
8292,1_0_1_1,4,7.0,0.05
8293,3_2_0_0,3,2.0,0.05
8294,2_3_1_1,0,9.0,0.05
8295,3_4_0_0,5,2.0,0.05
8296,3_7_0_0,2,2.0,0.05
8297,2_3_0_1,3,1.0,0.05
8298,2_5_0_0,5,2.0,0.05
8299,2_4_1_1,0,5.0,0.05
8300,2_7_0_1,1,3.0,0.05
8301,3_0_0_1,3,1.0,0.05
8302,2_7_1_0,1,6.0,0.05
8303,2_2_0_1,4,1.5,0.05
8304,1_3_0_1,1,3.0,0.05
8305,3_7_1_0,1,6.0,0.05
8306,2_5_0_1,4,1.5,0.05
8307,2_3_0_0,3,2.0,0.05
8308,3_6_0_1,1,3.0,0.05
8309,2_2_1_0,5,3.0,0.05
8310,1_0_0_1,3,1.0,0.05
8311,2_1_0_0,5,2.0,0.05
8312,1_7_1_0,1,6.0,0.05
8313,2_7_0_0,3,2.0,0.05
8314,1_1_0_1,0,1.5,0.05
8315,3_5_1_1,0,9.0,0.05
8316,1_3_0_1,1,3.0,0.05
8317,3_1_0_0,3,2.0,0.05
8318,1_5_1_1,0,9.0,0.05
8319,3_4_0_0,5,2.0,0.05
8320,1_3_1_1,4,7.0,0.05
8321,2_2_0_0,3,2.0,0.05
8322,3_4_1_1,0,5.0,0.05
8323,2_1_0_0,5,2.0,0.05
8324,3_5_1_0,0,3.0,0.05
8325,3_6_1_1,4,7.0,0.05
8326,1_6_0_0,2,2.0,0.05
8327,2_4_0_0,3,2.0,0.05
8328,3_4_1_1,0,5.0,0.05
8329,3_1_1_0,0,3.0,0.05
8330,3_6_1_1,4,7.0,0.05
8331,3_6_0_0,5,2.0,0.05
8332,2_1_1_1,4,7.0,0.05
8333,3_7_0_0,2,2.0,0.05
8334,1_1_1_0,5,3.0,0.05
8335,1_3_1_0,1,6.0,0.05
8336,3_0_0_0,5,2.0,0.05
8337,1_6_0_0,2,2.0,0.05
8338,1_1_1_0,5,3.0,0.05
8339,3_7_0_1,3,1.0,0.05
8340,3_3_0_0,5,2.0,0.05
8341,2_7_1_1,0,9.0,0.05
8342,1_5_1_0,1,2.0,0.05
8343,1_4_0_1,3,1.0,0.05
8344,2_3_1_1,0,9.0,0.05
8345,2_5_0_0,5,2.0,0.05
8346,1_5_1_0,1,2.0,0.05
8347,1_6_0_0,2,2.0,0.05
8348,3_1_0_0,3,2.0,0.05
8349,3_2_0_0,3,2.0,0.05
8350,1_5_1_0,1,2.0,0.05
8351,3_2_0_1,4,1.5,0.05
8352,1_1_1_0,5,3.0,0.05
8353,2_4_1_1,0,5.0,0.05
8354,2_0_0_0,5,2.0,0.05
8355,1_4_1_0,5,3.0,0.05
8356,3_4_1_1,0,5.0,0.05
8357,1_3_0_1,1,3.0,0.05
8358,3_2_1_0,1,6.0,0.05
8359,1_0_1_1,4,7.0,0.05
8360,3_7_0_0,2,2.0,0.05
8361,3_4_0_0,5,2.0,0.05
8362,2_0_1_1,1,5.0,0.05
8363,2_1_1_1,4,7.0,0.05
8364,3_1_0_0,3,2.0,0.05
8365,3_1_0_0,3,2.0,0.05
8366,3_0_0_0,5,2.0,0.05
8367,3_6_1_0,1,6.0,0.05
8368,3_1_1_1,0,9.0,0.05
8369,1_5_0_0,3,2.0,0.05
8370,3_6_0_1,1,3.0,0.05
8371,2_1_1_0,5,3.0,0.05
8372,1_5_0_0,3,2.0,0.05
8373,2_3_0_1,3,1.0,0.05
8374,1_7_1_0,1,6.0,0.05
8375,3_2_1_0,1,6.0,0.05
8376,1_5_1_1,0,9.0,0.05
8377,3_2_0_0,3,2.0,0.05
8378,1_0_0_1,3,1.0,0.05
8379,2_6_0_1,4,1.5,0.05
8380,2_3_0_0,3,2.0,0.05
8381,1_7_0_0,2,2.0,0.05
8382,2_0_1_1,1,5.0,0.05
8383,2_2_0_0,3,2.0,0.05
8384,3_2_1_0,1,6.0,0.05
8385,3_5_1_1,0,9.0,0.05
8386,3_0_1_0,4,1.0,0.05
8387,3_2_0_1,4,1.5,0.05
8388,3_3_0_1,1,3.0,0.05
8389,3_3_1_0,0,3.0,0.05
8390,3_0_1_0,4,1.0,0.05
8391,2_3_1_1,0,9.0,0.05
8392,1_4_0_1,3,1.0,0.05
8393,2_6_1_1,1,9.0,0.05
8394,1_2_0_0,3,2.0,0.05
8395,1_3_1_1,4,7.0,0.05
8396,1_6_1_0,1,6.0,0.05
8397,1_3_0_0,5,2.0,0.05
8398,2_2_0_0,3,2.0,0.05
8399,2_6_1_0,1,6.0,0.05
8400,3_7_0_1,3,1.0,0.05
8401,3_6_0_1,1,3.0,0.05
8402,3_4_1_0,5,3.0,0.05
8403,3_4_1_1,0,5.0,0.05
8404,2_1_1_1,4,7.0,0.05
8405,1_5_0_1,0,1.5,0.05
8406,1_2_0_1,3,1.0,0.05
8407,2_5_0_1,4,1.5,0.05
8408,2_3_0_0,3,2.0,0.05
8409,1_3_0_0,5,2.0,0.05
8410,3_6_1_1,4,7.0,0.05
8411,2_0_0_1,4,1.5,0.05
8412,3_0_0_1,3,1.0,0.05
8413,3_2_1_0,1,6.0,0.05
8414,2_1_0_0,5,2.0,0.05
8415,1_7_0_0,2,2.0,0.05
8416,1_0_0_1,3,1.0,0.05
8417,3_2_0_0,4,-4.5,0.05
8418,1_2_1_0,1,6.0,0.05
8419,2_1_1_0,5,3.0,0.05
8420,3_2_0_0,4,-4.5,0.05
8421,2_7_0_0,3,2.0,0.05
8422,2_4_0_0,3,2.0,0.05
8423,2_7_1_0,1,6.0,0.05
8424,1_0_0_0,3,2.0,0.05
8425,1_7_1_0,1,6.0,0.05
8426,1_7_0_1,1,3.0,0.05
8427,3_5_0_1,0,1.5,0.05
8428,3_0_1_1,0,5.0,0.05
8429,1_5_0_0,3,2.0,0.05
8430,2_4_0_0,3,2.0,0.05
8431,2_7_1_0,1,6.0,0.05
8432,2_4_1_1,0,5.0,0.05
8433,3_5_1_0,0,3.0,0.05
8434,2_6_1_1,1,9.0,0.05
8435,3_7_1_1,4,7.0,0.05
8436,3_7_1_0,1,6.0,0.05
8437,3_2_1_0,1,6.0,0.05
8438,1_3_1_0,1,6.0,0.05
8439,2_7_0_1,1,3.0,0.05
8440,2_2_0_1,4,1.5,0.05
8441,1_1_1_1,0,9.0,0.05
8442,3_3_1_1,1,9.0,0.05
8443,3_6_0_0,5,2.0,0.05
8444,2_4_1_1,0,5.0,0.05
8445,2_2_1_0,1,6.0,0.05
8446,1_4_1_1,4,7.0,0.05
8447,1_7_1_1,0,9.0,0.05
8448,3_1_1_1,0,9.0,0.05
8449,2_4_1_1,0,5.0,0.05
8450,2_5_0_1,4,1.5,0.05
8451,1_4_0_1,3,1.0,0.05
8452,2_3_1_0,1,6.0,0.05
8453,1_4_1_0,5,3.0,0.05
8454,3_2_1_1,1,9.0,0.05
8455,1_2_1_0,1,6.0,0.05
8456,1_1_1_1,0,9.0,0.05
8457,3_3_1_0,0,3.0,0.05
8458,1_3_1_1,4,7.0,0.05
8459,2_5_0_0,5,2.0,0.05
8460,3_5_1_0,0,3.0,0.05
8461,1_4_1_0,5,3.0,0.05
8462,2_4_0_0,3,2.0,0.05
8463,1_0_0_0,3,2.0,0.05
8464,2_3_0_1,3,1.0,0.05
8465,3_3_1_1,1,9.0,0.05
8466,1_2_1_1,4,7.0,0.05
8467,1_2_1_0,1,6.0,0.05
8468,3_0_1_0,4,1.0,0.05
8469,2_3_0_1,3,1.0,0.05
8470,3_5_0_0,3,2.0,0.05
8471,3_7_1_0,1,6.0,0.05
8472,3_0_1_0,4,1.0,0.05
8473,1_0_1_0,5,3.0,0.05
8474,3_0_1_1,0,5.0,0.05
8475,2_7_1_1,0,9.0,0.05
8476,2_2_0_1,4,1.5,0.05
8477,2_6_0_1,4,1.5,0.05
8478,2_4_0_1,4,1.5,0.05
8479,1_6_1_0,1,6.0,0.05
8480,2_6_1_0,1,6.0,0.05
8481,2_0_1_1,1,5.0,0.05
8482,2_5_1_1,0,9.0,0.05
8483,3_2_0_1,4,1.5,0.05
8484,1_5_1_1,0,9.0,0.05
8485,3_4_0_0,3,2.0,0.05
8486,3_2_0_0,3,2.0,0.05
8487,1_5_0_1,1,-1.0,0.05
8488,1_5_0_0,1,-4.0,0.05
8489,1_7_1_1,0,9.0,0.05
8490,3_6_0_1,1,3.0,0.05
8491,2_0_1_1,1,5.0,0.05
8492,1_7_1_0,1,6.0,0.05
8493,3_7_0_1,3,1.0,0.05
8494,2_4_0_0,3,2.0,0.05
8495,2_1_1_1,4,7.0,0.05
8496,3_0_0_0,5,2.0,0.05
8497,2_5_0_1,4,1.5,0.05
8498,3_0_0_1,3,1.0,0.05
8499,2_0_1_1,1,5.0,0.05
8500,3_2_0_1,4,1.5,0.05
8501,3_5_1_0,0,3.0,0.05
8502,2_3_1_1,0,9.0,0.05
8503,3_6_1_1,4,7.0,0.05
8504,1_2_1_0,1,6.0,0.05
8505,2_4_1_1,0,5.0,0.05
8506,3_1_1_0,0,3.0,0.05
8507,2_1_0_1,0,1.5,0.05
8508,1_7_0_1,1,3.0,0.05
8509,1_7_1_0,1,6.0,0.05
8510,3_7_0_1,3,1.0,0.05
8511,3_2_0_0,3,2.0,0.05
8512,1_5_0_0,3,2.0,0.05
8513,2_0_1_1,1,5.0,0.05
8514,1_4_1_0,5,3.0,0.05
8515,1_6_1_1,4,7.0,0.05
8516,2_4_1_0,1,2.0,0.05
8517,1_7_0_0,2,2.0,0.05
8518,3_1_0_0,3,2.0,0.05
8519,3_6_1_1,4,7.0,0.05
8520,1_0_1_1,4,7.0,0.05
8521,2_0_1_0,5,3.0,0.05
8522,3_0_0_1,3,1.0,0.05
8523,2_5_1_1,0,9.0,0.05
8524,3_1_1_1,0,9.0,0.05
8525,2_7_1_0,1,6.0,0.05
8526,2_2_0_1,4,1.5,0.05
8527,3_3_1_0,0,3.0,0.05
8528,3_7_0_1,3,1.0,0.05
8529,2_7_0_0,3,2.0,0.05
8530,2_6_0_0,1,0.0,0.05
8531,1_6_1_0,1,6.0,0.05
8532,1_7_1_0,1,6.0,0.05
8533,3_7_1_1,4,7.0,0.05
8534,1_0_0_1,3,1.0,0.05
8535,1_3_0_1,4,1.5,0.05
8536,2_6_1_0,1,6.0,0.05
8537,1_4_1_1,4,7.0,0.05
8538,3_4_1_0,5,3.0,0.05
8539,1_5_1_0,1,2.0,0.05
8540,3_4_0_0,5,2.0,0.05
8541,2_6_0_1,4,1.5,0.05
8542,3_0_0_1,3,1.0,0.05
8543,3_0_0_1,3,1.0,0.05
8544,1_4_1_0,5,3.0,0.05
8545,2_6_1_1,1,9.0,0.05
8546,2_7_1_0,1,6.0,0.05
8547,2_2_0_1,4,1.5,0.05
8548,1_0_0_1,3,1.0,0.05
8549,1_6_0_0,2,2.0,0.05
8550,3_1_1_0,0,3.0,0.05
8551,1_5_1_0,1,2.0,0.05
8552,1_5_1_0,1,2.0,0.05
8553,2_5_1_0,1,2.0,0.05
8554,2_1_1_0,5,3.0,0.05
8555,3_3_0_0,5,2.0,0.05
8556,3_1_0_0,3,2.0,0.05
8557,3_2_1_0,1,6.0,0.05
8558,1_4_0_0,3,2.0,0.05
8559,1_0_0_0,3,2.0,0.05
8560,2_6_0_0,1,0.0,0.05
8561,3_1_0_0,3,2.0,0.05
8562,1_7_0_1,1,3.0,0.05
8563,2_2_1_0,1,6.0,0.05
8564,2_3_1_0,1,6.0,0.05
8565,1_3_1_0,1,6.0,0.05
8566,3_7_0_1,3,1.0,0.05
8567,1_3_0_0,5,2.0,0.05
8568,3_4_1_0,5,3.0,0.05
8569,3_3_1_0,0,3.0,0.05
8570,3_7_0_1,3,1.0,0.05
8571,2_0_0_1,4,1.5,0.05
8572,3_6_1_1,4,7.0,0.05
8573,1_4_0_1,3,1.0,0.05
8574,3_1_1_0,0,3.0,0.05
8575,1_4_0_1,3,1.0,0.05
8576,2_1_1_1,4,7.0,0.05
8577,2_4_1_1,0,5.0,0.05
8578,3_5_1_1,0,9.0,0.05
8579,2_2_0_1,4,1.5,0.05
8580,2_1_0_0,5,2.0,0.05
8581,1_6_0_1,1,3.0,0.05
8582,3_1_1_1,0,9.0,0.05
8583,1_3_0_0,5,2.0,0.05
8584,1_4_1_0,5,3.0,0.05
8585,2_7_1_0,1,6.0,0.05
8586,3_3_0_0,5,2.0,0.05
8587,1_1_1_0,5,3.0,0.05
8588,2_2_0_1,4,1.5,0.05
8589,2_3_1_0,1,6.0,0.05
8590,2_3_0_0,3,2.0,0.05
8591,1_2_0_1,3,1.0,0.05
8592,1_6_1_0,1,6.0,0.05
8593,3_6_0_1,1,3.0,0.05
8594,1_2_1_1,4,7.0,0.05
8595,2_7_1_1,0,9.0,0.05
8596,3_0_0_0,5,2.0,0.05
8597,2_2_1_0,1,6.0,0.05
8598,3_3_0_1,1,3.0,0.05
8599,1_7_0_1,1,3.0,0.05
8600,2_0_1_1,1,5.0,0.05
8601,1_7_1_0,1,6.0,0.05
8602,2_6_1_1,1,9.0,0.05
8603,3_4_1_0,5,3.0,0.05
8604,1_0_0_1,3,1.0,0.05
8605,2_0_1_1,1,5.0,0.05
8606,3_0_0_1,3,1.0,0.05
8607,1_3_0_0,5,2.0,0.05
8608,3_1_1_1,0,9.0,0.05
8609,2_5_0_0,5,2.0,0.05
8610,2_1_1_1,4,7.0,0.05
8611,1_5_0_1,0,1.5,0.05
8612,2_1_0_0,5,2.0,0.05
8613,2_7_0_0,3,2.0,0.05
8614,2_3_1_1,0,9.0,0.05
8615,1_2_1_1,4,7.0,0.05
8616,2_7_1_0,1,6.0,0.05
8617,1_6_0_1,1,3.0,0.05
8618,2_7_0_1,1,3.0,0.05
8619,1_4_1_0,5,3.0,0.05
8620,3_5_1_0,0,3.0,0.05
8621,2_6_1_1,1,9.0,0.05
8622,3_7_1_0,1,6.0,0.05
8623,3_2_0_1,4,1.5,0.05
8624,1_1_0_0,3,2.0,0.05
8625,1_2_0_1,3,1.0,0.05
8626,1_5_0_0,3,2.0,0.05
8627,2_4_0_1,4,1.5,0.05
8628,1_2_0_1,3,1.0,0.05
8629,3_1_0_1,0,1.5,0.05
8630,3_5_0_1,0,1.5,0.05
8631,1_7_1_0,1,6.0,0.05
8632,1_5_1_1,0,9.0,0.05
8633,2_5_1_0,1,2.0,0.05
8634,1_2_0_0,5,2.0,0.05
8635,2_2_0_0,3,2.0,0.05
8636,1_0_1_1,4,7.0,0.05
8637,2_3_0_0,3,2.0,0.05
8638,2_1_0_0,5,2.0,0.05
8639,1_5_1_1,0,9.0,0.05
8640,2_6_1_1,1,9.0,0.05
8641,3_4_1_1,0,5.0,0.05
8642,3_1_0_1,0,1.5,0.05
8643,3_3_0_0,5,2.0,0.05
8644,3_3_0_1,1,3.0,0.05
8645,3_0_0_1,3,1.0,0.05
8646,2_7_1_0,1,6.0,0.05
8647,3_7_0_0,2,2.0,0.05
8648,3_3_1_1,1,9.0,0.05
8649,3_4_0_0,5,2.0,0.05
8650,2_3_1_1,0,9.0,0.05
8651,2_6_1_0,1,6.0,0.05
8652,1_3_0_0,5,2.0,0.05
8653,2_3_0_0,3,2.0,0.05
8654,2_1_1_1,4,7.0,0.05
8655,1_5_0_1,0,1.5,0.05
8656,3_1_0_1,0,1.5,0.05
8657,3_7_1_0,1,6.0,0.05
8658,1_4_1_0,5,3.0,0.05
8659,2_6_1_0,1,6.0,0.05
8660,3_6_1_1,4,7.0,0.05
8661,3_7_1_0,1,6.0,0.05
8662,3_3_0_0,5,2.0,0.05
8663,3_0_1_0,4,1.0,0.05
8664,3_1_1_1,0,9.0,0.05
8665,3_6_1_0,1,6.0,0.05
8666,3_4_1_0,5,3.0,0.05
8667,3_3_0_1,1,3.0,0.05
8668,2_6_1_1,1,9.0,0.05
8669,1_4_0_0,3,2.0,0.05
8670,1_2_1_0,1,6.0,0.05
8671,2_7_1_1,0,9.0,0.05
8672,3_1_0_1,0,1.5,0.05
8673,3_5_1_0,0,3.0,0.05
8674,2_4_1_1,0,5.0,0.05
8675,3_5_0_1,0,1.5,0.05
8676,1_6_1_1,4,7.0,0.05
8677,1_2_0_1,3,1.0,0.05
8678,1_4_0_0,3,2.0,0.05
8679,1_5_0_0,3,2.0,0.05
8680,1_2_1_0,1,6.0,0.05
8681,3_0_1_1,0,5.0,0.05
8682,3_1_1_1,0,9.0,0.05
8683,2_2_1_1,4,7.0,0.05
8684,2_5_1_0,3,-14.0,0.05
8685,3_7_0_0,2,2.0,0.05
8686,2_5_1_0,1,2.0,0.05
8687,3_1_1_1,0,9.0,0.05
8688,1_3_1_0,1,6.0,0.05
8689,2_3_1_1,0,9.0,0.05
8690,2_2_1_0,1,6.0,0.05
8691,1_6_1_0,1,6.0,0.05
8692,3_0_0_1,3,1.0,0.05
8693,2_0_1_1,1,5.0,0.05
8694,1_0_0_1,3,1.0,0.05
8695,1_7_1_0,1,6.0,0.05
8696,2_0_1_1,1,5.0,0.05
8697,2_5_1_0,1,2.0,0.05
8698,1_0_0_0,3,2.0,0.05
8699,2_5_0_0,5,2.0,0.05
8700,2_6_0_0,1,0.0,0.05
8701,1_3_1_0,1,6.0,0.05
8702,3_7_0_0,2,2.0,0.05
8703,3_5_0_1,0,1.5,0.05
8704,2_2_0_0,3,2.0,0.05
8705,3_0_0_1,3,1.0,0.05
8706,1_2_0_0,3,2.0,0.05
8707,2_3_0_1,3,1.0,0.05
8708,3_5_0_0,5,2.0,0.05
8709,3_1_0_1,0,1.5,0.05
8710,2_1_1_1,4,7.0,0.05
8711,2_5_0_1,2,0.0,0.05
8712,2_5_0_1,4,1.5,0.05
8713,2_6_1_0,1,6.0,0.05
8714,1_5_1_1,0,9.0,0.05
8715,3_3_0_1,1,3.0,0.05
8716,1_6_1_1,4,7.0,0.05
8717,3_2_0_0,3,2.0,0.05
8718,1_2_0_0,3,2.0,0.05
8719,3_5_1_1,0,9.0,0.05
8720,3_1_0_1,0,1.5,0.05
8721,1_3_1_0,1,6.0,0.05
8722,2_6_1_1,1,9.0,0.05
8723,3_1_1_1,0,9.0,0.05
8724,1_2_0_1,3,1.0,0.05
8725,2_5_0_1,0,1.5,0.05
8726,3_4_1_1,0,5.0,0.05
8727,3_0_1_0,4,1.0,0.05
8728,1_2_1_0,1,6.0,0.05
8729,2_0_0_1,4,1.5,0.05
8730,3_7_0_0,2,2.0,0.05
8731,2_3_0_0,3,2.0,0.05
8732,2_3_1_1,0,9.0,0.05
8733,3_2_0_1,4,1.5,0.05
8734,1_0_1_0,5,3.0,0.05
8735,2_1_0_1,0,1.5,0.05
8736,1_3_1_0,1,6.0,0.05
8737,3_2_1_0,1,6.0,0.05
8738,1_1_1_0,5,3.0,0.05
8739,3_7_0_0,2,2.0,0.05
8740,1_2_0_0,1,0.0,0.05
8741,3_2_0_1,4,1.5,0.05
8742,3_4_1_0,1,2.0,0.05
8743,3_5_1_1,0,9.0,0.05
8744,2_6_1_0,1,6.0,0.05
8745,1_5_0_1,0,1.5,0.05
8746,1_0_0_0,3,2.0,0.05
8747,3_2_1_1,1,9.0,0.05
8748,1_3_0_0,5,2.0,0.05
8749,3_0_1_0,0,-1.0,0.05
8750,1_1_1_1,0,9.0,0.05
8751,1_5_0_1,0,1.5,0.05
8752,2_5_0_0,5,2.0,0.05
8753,2_5_0_0,5,2.0,0.05
8754,2_7_1_0,1,6.0,0.05
8755,2_1_0_1,0,1.5,0.05
8756,1_4_1_1,4,7.0,0.05
8757,1_4_0_0,3,2.0,0.05
8758,1_3_0_1,1,3.0,0.05
8759,3_3_0_1,1,3.0,0.05
8760,3_6_0_1,1,3.0,0.05
8761,1_6_0_1,1,3.0,0.05
8762,2_1_0_1,0,1.5,0.05
8763,2_7_0_0,3,2.0,0.05
8764,2_4_0_1,4,1.5,0.05
8765,2_1_0_0,5,2.0,0.05
8766,2_1_0_1,0,1.5,0.05
8767,2_3_1_1,0,9.0,0.05
8768,3_5_0_0,3,2.0,0.05
8769,1_0_0_1,0,-2.5,0.05
8770,1_5_1_1,0,9.0,0.05
8771,1_4_0_1,3,1.0,0.05
8772,1_6_0_1,1,3.0,0.05
8773,1_6_0_0,5,2.0,0.05
8774,1_6_1_0,1,6.0,0.05
8775,2_7_1_0,1,6.0,0.05
8776,3_6_1_0,1,6.0,0.05
8777,3_4_0_0,5,2.0,0.05
8778,2_1_1_1,4,7.0,0.05
8779,3_5_1_1,0,9.0,0.05
8780,2_3_1_1,0,9.0,0.05
8781,3_7_1_1,4,7.0,0.05
8782,2_7_0_0,3,2.0,0.05
8783,1_0_0_1,3,1.0,0.05
8784,1_0_0_1,3,1.0,0.05
8785,2_1_1_0,5,3.0,0.05
8786,1_5_1_0,1,2.0,0.05
8787,3_3_0_0,5,2.0,0.05
8788,2_7_1_0,1,6.0,0.05
8789,1_1_1_1,0,9.0,0.05
8790,3_5_1_0,0,3.0,0.05
8791,3_6_0_1,4,1.5,0.05
8792,1_1_0_0,3,2.0,0.05
8793,3_6_1_0,1,6.0,0.05
8794,2_3_1_0,1,6.0,0.05
8795,2_4_0_0,3,2.0,0.05
8796,1_7_0_1,1,3.0,0.05
8797,1_7_0_1,1,3.0,0.05
8798,2_2_0_1,4,1.5,0.05
8799,1_7_1_0,1,6.0,0.05
8800,2_4_1_0,1,2.0,0.05
8801,2_5_0_0,5,2.0,0.05
8802,3_6_0_0,5,2.0,0.05
8803,1_5_0_1,0,1.5,0.05
8804,1_5_1_1,0,9.0,0.05
8805,2_7_0_1,1,3.0,0.05
8806,3_6_0_1,1,3.0,0.05
8807,2_0_1_0,5,3.0,0.05
8808,1_5_0_1,0,1.5,0.05
8809,1_3_1_1,4,7.0,0.05
8810,2_5_0_1,4,1.5,0.05
8811,2_5_1_1,0,9.0,0.05
8812,3_5_0_1,0,1.5,0.05
8813,3_6_1_1,4,7.0,0.05
8814,1_3_1_0,1,6.0,0.05
8815,2_0_1_0,5,3.0,0.05
8816,2_6_0_1,4,1.5,0.05
8817,2_1_1_1,4,7.0,0.05
8818,2_0_0_0,5,2.0,0.05
8819,3_3_0_0,5,2.0,0.05
8820,1_3_1_0,1,6.0,0.05
8821,3_7_1_1,4,7.0,0.05
8822,3_6_0_0,5,2.0,0.05
8823,1_3_0_1,1,3.0,0.05
8824,3_1_0_0,3,2.0,0.05
8825,1_2_1_0,3,-14.0,0.05
8826,1_5_1_1,0,9.0,0.05
8827,1_2_1_0,1,6.0,0.05
8828,2_4_1_1,0,5.0,0.05
8829,1_7_0_1,1,3.0,0.05
8830,3_3_0_1,5,0.0,0.05
8831,2_3_0_0,3,2.0,0.05
8832,2_0_1_0,5,3.0,0.05
8833,2_4_1_1,0,5.0,0.05
8834,2_2_0_1,4,1.5,0.05
8835,3_0_1_1,0,5.0,0.05
8836,3_0_0_1,3,1.0,0.05
8837,3_6_1_0,1,6.0,0.05
8838,2_7_0_1,1,3.0,0.05
8839,3_0_1_0,4,1.0,0.05
8840,1_2_0_0,3,2.0,0.05
8841,2_5_0_1,4,1.5,0.05
8842,2_1_0_1,0,1.5,0.05
8843,1_1_0_0,1,-4.0,0.05
8844,3_4_0_1,4,1.5,0.05
8845,2_6_1_1,1,9.0,0.05
8846,3_3_1_0,0,3.0,0.05
8847,1_2_0_1,3,1.0,0.05
8848,2_0_1_1,1,5.0,0.05
8849,1_7_1_1,0,9.0,0.05
8850,3_2_0_1,4,1.5,0.05
8851,2_4_0_1,4,1.5,0.05
8852,2_7_1_0,1,6.0,0.05
8853,2_0_1_0,5,3.0,0.05
8854,3_2_0_1,4,1.5,0.05
8855,1_4_0_0,3,2.0,0.05
8856,2_3_1_1,0,9.0,0.05
8857,1_3_0_1,1,3.0,0.05
8858,3_1_1_0,0,3.0,0.05
8859,2_2_1_0,1,6.0,0.05
8860,3_2_0_1,4,1.5,0.05
8861,2_6_0_1,4,1.5,0.05
8862,3_1_0_1,0,1.5,0.05
8863,3_7_0_1,3,1.0,0.05
8864,2_4_1_1,0,5.0,0.05
8865,2_0_0_0,5,2.0,0.05
8866,2_3_0_1,3,1.0,0.05
8867,2_5_1_0,1,2.0,0.05
8868,1_1_0_0,3,2.0,0.05
8869,2_2_0_0,3,2.0,0.05
8870,3_0_0_0,5,2.0,0.05
8871,3_0_0_0,5,2.0,0.05
8872,2_4_1_1,0,5.0,0.05
8873,1_7_1_0,1,6.0,0.05
8874,1_4_0_0,3,2.0,0.05
8875,1_3_0_1,1,3.0,0.05
8876,3_2_0_1,4,1.5,0.05
8877,1_5_1_1,0,9.0,0.05
8878,1_6_1_1,4,7.0,0.05
8879,3_1_1_1,0,9.0,0.05
8880,3_6_0_1,1,3.0,0.05
8881,1_2_0_1,3,1.0,0.05
8882,1_7_1_1,0,9.0,0.05
8883,2_0_1_1,1,5.0,0.05
8884,2_3_1_1,0,9.0,0.05
8885,2_5_1_0,1,2.0,0.05
8886,1_0_0_1,3,1.0,0.05
8887,3_4_0_0,5,2.0,0.05
8888,2_1_1_0,5,3.0,0.05
8889,2_6_1_0,1,6.0,0.05
8890,3_2_1_0,1,6.0,0.05
8891,1_6_0_0,2,2.0,0.05
8892,3_7_0_1,3,1.0,0.05
8893,1_7_1_0,1,6.0,0.05
8894,1_2_0_1,3,1.0,0.05
8895,3_3_1_0,0,3.0,0.05
8896,3_2_1_1,1,9.0,0.05
8897,1_2_1_1,4,7.0,0.05
8898,3_6_0_0,5,2.0,0.05
8899,3_2_1_1,1,9.0,0.05
8900,3_2_1_1,1,9.0,0.05
8901,2_0_0_1,4,1.5,0.05
8902,2_5_1_1,0,9.0,0.05
8903,2_2_0_1,0,-2.5,0.05
8904,1_5_1_0,1,2.0,0.05
8905,3_7_0_1,3,1.0,0.05
8906,3_0_0_1,3,1.0,0.05
8907,2_6_0_1,4,1.5,0.05
8908,1_5_1_1,0,9.0,0.05
8909,2_1_1_1,4,7.0,0.05
8910,3_2_0_1,4,1.5,0.05
8911,2_7_1_1,0,9.0,0.05
8912,1_3_1_0,1,6.0,0.05
8913,2_1_1_0,5,3.0,0.05
8914,1_7_0_1,1,3.0,0.05
8915,1_2_0_1,3,1.0,0.05
8916,2_5_1_0,1,2.0,0.05
8917,3_0_0_1,3,1.0,0.05
8918,2_4_1_1,0,5.0,0.05
8919,2_5_0_0,5,2.0,0.05
8920,1_5_0_0,3,2.0,0.05
8921,1_7_1_1,0,9.0,0.05
8922,2_5_1_0,1,2.0,0.05
8923,3_6_0_0,5,2.0,0.05
8924,3_4_1_0,5,3.0,0.05
8925,2_2_0_0,3,2.0,0.05
8926,1_2_1_1,4,7.0,0.05
8927,2_3_1_1,0,9.0,0.05
8928,3_2_0_0,3,2.0,0.05
8929,3_5_0_0,3,2.0,0.05
8930,1_5_1_0,1,2.0,0.05
8931,1_1_1_0,5,3.0,0.05
8932,3_0_0_1,3,1.0,0.05
8933,2_1_1_1,4,7.0,0.05
8934,2_4_0_0,3,2.0,0.05
8935,2_5_1_1,0,9.0,0.05
8936,3_1_1_0,0,3.0,0.05
8937,1_0_1_0,5,3.0,0.05
8938,1_2_0_0,3,2.0,0.05
8939,3_4_1_0,5,3.0,0.05
8940,2_7_0_1,1,3.0,0.05
8941,3_7_1_0,1,6.0,0.05
8942,2_5_1_1,0,9.0,0.05
8943,2_6_0_1,4,1.5,0.05
8944,3_1_0_0,3,2.0,0.05
8945,3_2_0_1,4,1.5,0.05
8946,3_0_0_0,5,2.0,0.05
8947,3_1_1_0,0,3.0,0.05
8948,3_1_0_0,3,2.0,0.05
8949,1_4_1_0,5,3.0,0.05
8950,3_6_0_0,5,2.0,0.05
8951,3_6_0_0,5,2.0,0.05
8952,1_1_1_0,5,3.0,0.05
8953,2_3_1_0,1,6.0,0.05
8954,3_6_1_0,1,6.0,0.05
8955,1_4_0_1,3,1.0,0.05
8956,3_5_1_0,0,3.0,0.05
8957,3_7_1_1,4,7.0,0.05
8958,3_3_1_0,0,3.0,0.05
8959,3_0_1_1,0,5.0,0.05
8960,2_5_0_0,5,2.0,0.05
8961,1_5_0_1,0,1.5,0.05
8962,1_4_0_1,3,1.0,0.05
8963,2_0_0_0,5,2.0,0.05
8964,1_7_1_1,0,9.0,0.05
8965,2_0_0_1,4,1.5,0.05
8966,3_2_0_0,3,2.0,0.05
8967,3_3_1_0,0,3.0,0.05
8968,2_6_1_1,1,9.0,0.05
8969,1_6_1_0,0,-1.0,0.05
8970,1_2_0_0,3,2.0,0.05
8971,1_0_1_0,5,3.0,0.05
8972,3_1_0_1,0,1.5,0.05
8973,1_2_1_0,2,-7.0,0.05
8974,3_6_0_1,1,3.0,0.05
8975,1_5_0_0,3,2.0,0.05
8976,1_3_1_0,1,6.0,0.05
8977,1_3_1_0,1,6.0,0.05
8978,1_2_1_0,1,6.0,0.05
8979,2_1_1_0,5,3.0,0.05
8980,3_7_1_1,4,7.0,0.05
8981,1_5_1_0,1,2.0,0.05
8982,3_2_0_1,4,1.5,0.05
8983,3_7_0_1,3,1.0,0.05
8984,3_5_1_1,0,9.0,0.05
8985,1_7_0_1,1,3.0,0.05
8986,2_5_1_1,0,9.0,0.05
8987,1_1_1_0,5,3.0,0.05
8988,2_3_0_0,3,2.0,0.05
8989,2_3_1_0,1,6.0,0.05
8990,2_6_0_0,1,0.0,0.05
8991,2_3_1_1,0,9.0,0.05
8992,3_5_1_0,0,3.0,0.05
8993,1_1_0_1,0,1.5,0.05
8994,3_4_1_0,5,3.0,0.05
8995,1_5_0_1,0,1.5,0.05
8996,3_4_0_0,5,2.0,0.05
8997,3_3_1_0,0,3.0,0.05
8998,1_3_0_1,1,3.0,0.05
8999,1_1_0_1,0,1.5,0.05
9000,3_1_1_1,0,9.0,0.05
9001,3_5_1_1,0,9.0,0.05
9002,2_4_0_0,3,2.0,0.05
9003,3_7_1_1,4,7.0,0.05
9004,3_5_0_0,3,2.0,0.05
9005,1_7_1_1,0,9.0,0.05
9006,2_6_1_1,1,9.0,0.05
9007,1_2_0_0,3,2.0,0.05
9008,1_4_1_0,5,3.0,0.05
9009,1_3_0_0,5,2.0,0.05
9010,2_5_0_0,5,2.0,0.05
9011,1_5_1_0,1,2.0,0.05
9012,3_3_1_0,0,3.0,0.05
9013,1_1_0_1,0,1.5,0.05
9014,1_6_0_1,1,3.0,0.05
9015,3_1_0_0,3,2.0,0.05
9016,1_2_0_1,3,1.0,0.05
9017,3_0_1_0,4,1.0,0.05
9018,3_4_1_0,5,3.0,0.05
9019,3_7_1_0,3,-14.0,0.05
9020,1_2_1_0,1,6.0,0.05
9021,1_4_0_1,3,1.0,0.05
9022,1_5_1_0,1,2.0,0.05
9023,1_6_1_0,4,1.0,0.05
9024,1_1_1_1,4,7.0,0.05
9025,3_1_1_0,0,3.0,0.05
9026,2_1_1_0,5,3.0,0.05
9027,1_0_1_1,4,7.0,0.05
9028,1_7_0_1,1,3.0,0.05
9029,2_4_1_1,0,5.0,0.05
9030,2_0_0_0,5,2.0,0.05
9031,1_0_0_1,3,1.0,0.05
9032,1_5_1_1,0,9.0,0.05
9033,3_5_1_1,0,9.0,0.05
9034,1_5_0_0,3,2.0,0.05
9035,2_7_0_1,4,1.5,0.05
9036,3_2_1_0,1,6.0,0.05
9037,3_7_1_0,1,6.0,0.05
9038,2_1_1_0,1,2.0,0.05
9039,2_2_0_0,3,2.0,0.05
9040,1_7_0_1,1,3.0,0.05
9041,1_7_1_1,0,9.0,0.05
9042,1_0_1_1,4,7.0,0.05
9043,3_0_1_1,0,5.0,0.05
9044,3_6_0_0,5,2.0,0.05
9045,2_0_0_1,4,1.5,0.05
9046,1_1_1_1,0,9.0,0.05
9047,1_1_1_1,0,9.0,0.05
9048,3_5_1_1,0,9.0,0.05
9049,2_6_1_0,1,6.0,0.05
9050,3_5_1_1,0,9.0,0.05
9051,2_1_0_0,5,2.0,0.05
9052,3_3_1_0,0,3.0,0.05
9053,1_2_0_1,3,1.0,0.05
9054,1_4_1_0,5,3.0,0.05
9055,1_6_0_0,1,0.0,0.05
9056,3_6_1_1,4,7.0,0.05
9057,1_5_0_1,5,0.0,0.05
9058,3_0_0_1,3,1.0,0.05
9059,2_7_1_1,0,9.0,0.05
9060,3_5_0_1,0,1.5,0.05
9061,1_6_0_1,1,3.0,0.05
9062,3_5_1_0,0,3.0,0.05
9063,1_2_0_1,3,1.0,0.05
9064,3_5_0_1,0,1.5,0.05
9065,2_5_1_0,1,2.0,0.05
9066,2_4_0_1,4,1.5,0.05
9067,3_6_1_1,4,7.0,0.05
9068,3_3_0_1,1,3.0,0.05
9069,3_0_0_1,3,1.0,0.05
9070,3_4_0_0,5,2.0,0.05
9071,2_6_1_1,1,9.0,0.05
9072,2_6_1_1,1,9.0,0.05
9073,3_0_0_1,3,1.0,0.05
9074,3_5_1_1,0,9.0,0.05
9075,3_2_1_0,1,6.0,0.05
9076,3_2_0_1,4,1.5,0.05
9077,2_7_1_1,0,9.0,0.05
9078,1_1_1_1,0,9.0,0.05
9079,1_7_1_0,4,1.0,0.05
9080,2_7_1_0,1,6.0,0.05
9081,2_0_1_0,5,3.0,0.05
9082,3_0_0_0,5,2.0,0.05
9083,2_0_1_0,5,3.0,0.05
9084,2_3_1_0,1,6.0,0.05
9085,3_1_1_1,0,9.0,0.05
9086,2_1_0_1,0,1.5,0.05
9087,3_7_0_0,2,2.0,0.05
9088,3_0_1_1,0,5.0,0.05
9089,2_6_1_0,1,6.0,0.05
9090,3_2_1_1,1,9.0,0.05
9091,3_0_0_0,5,2.0,0.05
9092,2_7_1_0,1,6.0,0.05
9093,1_2_1_0,1,6.0,0.05
9094,2_1_0_0,5,2.0,0.05
9095,1_4_0_0,3,2.0,0.05
9096,2_0_0_1,4,1.5,0.05
9097,3_4_1_1,0,5.0,0.05
9098,3_6_1_1,4,7.0,0.05
9099,3_2_1_1,1,9.0,0.05
9100,1_2_0_1,3,1.0,0.05
9101,1_0_1_1,4,7.0,0.05
9102,2_7_0_0,3,2.0,0.05
9103,1_5_0_1,0,1.5,0.05
9104,1_7_0_1,1,3.0,0.05
9105,3_3_0_0,3,2.0,0.05
9106,1_7_0_0,2,2.0,0.05
9107,2_1_1_0,5,3.0,0.05
9108,2_6_0_0,1,0.0,0.05
9109,2_5_0_0,5,2.0,0.05
9110,2_4_1_1,0,5.0,0.05
9111,1_3_0_0,5,2.0,0.05
9112,3_6_0_1,1,3.0,0.05
9113,2_2_1_1,4,7.0,0.05
9114,2_0_1_0,5,3.0,0.05
9115,3_7_1_0,1,6.0,0.05
9116,2_4_1_1,0,5.0,0.05
9117,1_4_1_0,5,3.0,0.05
9118,2_5_1_1,0,9.0,0.05
9119,1_4_0_1,3,1.0,0.05
9120,3_4_0_1,4,1.5,0.05
9121,2_0_1_1,1,5.0,0.05
9122,3_3_0_0,5,2.0,0.05
9123,2_3_0_0,3,2.0,0.05
9124,3_1_0_0,3,2.0,0.05
9125,1_2_0_0,3,2.0,0.05
9126,1_2_0_1,2,-4.0,0.05
9127,2_2_0_1,4,1.5,0.05
9128,3_7_0_0,2,2.0,0.05
9129,2_0_0_0,5,2.0,0.05
9130,3_4_0_0,5,2.0,0.05
9131,2_7_0_0,3,2.0,0.05
9132,3_3_1_1,1,9.0,0.05
9133,1_5_1_0,5,3.0,0.05
9134,1_0_0_0,3,2.0,0.05
9135,3_6_0_1,1,3.0,0.05
9136,2_5_1_0,1,2.0,0.05
9137,2_6_1_1,1,9.0,0.05
9138,1_5_0_0,3,2.0,0.05
9139,1_6_0_0,2,2.0,0.05
9140,2_7_0_1,1,3.0,0.05
9141,1_6_1_1,4,7.0,0.05
9142,1_4_1_0,5,3.0,0.05
9143,1_7_1_0,1,6.0,0.05
9144,2_7_0_0,5,2.0,0.05
9145,1_3_0_1,1,3.0,0.05
9146,1_7_0_1,1,3.0,0.05
9147,3_0_0_1,3,1.0,0.05
9148,3_5_0_0,3,2.0,0.05
9149,2_3_0_0,3,2.0,0.05
9150,3_1_0_1,0,1.5,0.05
9151,3_0_1_1,0,5.0,0.05
9152,1_1_0_0,3,2.0,0.05
9153,3_5_0_0,3,2.0,0.05
9154,1_4_0_1,3,1.0,0.05
9155,1_4_1_1,4,7.0,0.05
9156,3_3_0_1,1,3.0,0.05
9157,1_3_1_0,1,6.0,0.05
9158,3_0_0_0,5,2.0,0.05
9159,3_1_0_1,0,1.5,0.05
9160,2_7_0_0,3,2.0,0.05
9161,1_5_0_0,3,2.0,0.05
9162,2_6_0_1,4,1.5,0.05
9163,1_3_1_1,4,7.0,0.05
9164,1_2_1_1,4,7.0,0.05
9165,3_2_1_1,1,9.0,0.05
9166,2_5_1_0,1,2.0,0.05
9167,2_6_0_1,4,1.5,0.05
9168,1_2_0_0,3,2.0,0.05
9169,2_0_0_0,5,2.0,0.05
9170,1_5_1_0,1,2.0,0.05
9171,1_1_1_1,0,9.0,0.05
9172,2_3_0_0,3,2.0,0.05
9173,1_5_0_0,3,2.0,0.05
9174,1_3_1_1,4,7.0,0.05
9175,2_3_0_1,3,1.0,0.05
9176,1_4_1_1,4,7.0,0.05
9177,3_2_1_0,1,6.0,0.05
9178,1_1_0_0,3,2.0,0.05
9179,2_3_0_0,3,2.0,0.05
9180,3_1_0_0,3,2.0,0.05
9181,2_5_1_0,1,2.0,0.05
9182,1_7_0_1,1,3.0,0.05
9183,1_7_0_1,1,3.0,0.05
9184,1_2_1_1,4,7.0,0.05
9185,1_0_1_0,5,3.0,0.05
9186,1_2_0_0,3,2.0,0.05
9187,3_4_0_0,5,2.0,0.05
9188,1_3_1_0,1,6.0,0.05
9189,2_0_0_1,4,1.5,0.05
9190,1_1_0_0,3,2.0,0.05
9191,3_0_1_1,0,5.0,0.05
9192,2_5_1_0,1,2.0,0.05
9193,3_1_1_0,0,3.0,0.05
9194,2_1_0_1,0,1.5,0.05
9195,2_1_0_0,5,2.0,0.05
9196,1_6_1_1,4,7.0,0.05
9197,1_0_0_0,3,2.0,0.05
9198,3_5_0_1,0,1.5,0.05
9199,3_0_1_0,4,1.0,0.05
9200,1_2_1_0,1,6.0,0.05
9201,3_4_0_1,4,1.5,0.05
9202,3_3_1_0,0,3.0,0.05
9203,1_0_1_1,4,7.0,0.05
9204,3_4_1_0,5,3.0,0.05
9205,3_6_1_1,4,7.0,0.05
9206,3_3_1_0,0,3.0,0.05
9207,1_2_0_1,3,1.0,0.05
9208,2_6_1_0,1,6.0,0.05
9209,1_4_0_0,3,2.0,0.05
9210,1_0_1_1,4,7.0,0.05
9211,2_0_1_1,1,5.0,0.05
9212,2_7_0_1,1,3.0,0.05
9213,2_2_1_0,1,6.0,0.05
9214,1_0_0_0,3,2.0,0.05
9215,1_2_1_1,4,7.0,0.05
9216,2_6_1_1,1,9.0,0.05
9217,3_4_1_1,0,5.0,0.05
9218,2_2_1_0,1,6.0,0.05
9219,1_0_0_0,3,2.0,0.05
9220,1_4_0_1,3,1.0,0.05
9221,1_1_1_0,5,3.0,0.05
9222,2_6_0_0,1,0.0,0.05
9223,1_1_0_1,0,1.5,0.05
9224,3_1_0_0,3,2.0,0.05
9225,3_1_1_1,0,9.0,0.05
9226,3_5_1_0,0,3.0,0.05
9227,1_0_0_1,3,1.0,0.05
9228,1_5_1_0,1,2.0,0.05
9229,2_1_1_1,4,7.0,0.05
9230,2_3_1_0,1,6.0,0.05
9231,2_6_0_0,1,0.0,0.05
9232,3_5_1_1,0,9.0,0.05
9233,3_5_0_1,1,-1.0,0.05
9234,1_4_1_0,5,3.0,0.05
9235,2_2_1_0,1,6.0,0.05
9236,1_1_1_1,0,9.0,0.05
9237,1_1_1_0,5,3.0,0.05
9238,2_1_0_0,5,2.0,0.05
9239,1_0_1_0,5,3.0,0.05
9240,3_6_1_0,1,6.0,0.05
9241,2_0_1_0,5,3.0,0.05
9242,1_6_1_1,4,7.0,0.05
9243,1_5_1_0,1,2.0,0.05
9244,2_6_1_1,1,9.0,0.05
9245,2_1_0_0,5,2.0,0.05
9246,1_7_1_1,0,9.0,0.05
9247,2_7_0_1,1,3.0,0.05
9248,2_1_0_1,0,1.5,0.05
9249,2_3_1_0,1,6.0,0.05
9250,2_6_1_0,1,6.0,0.05
9251,2_4_0_0,3,2.0,0.05
9252,3_0_1_0,4,1.0,0.05
9253,3_3_1_0,0,3.0,0.05
9254,2_6_1_0,1,6.0,0.05
9255,2_5_1_0,1,2.0,0.05
9256,1_2_1_1,2,-9.0,0.05
9257,1_7_0_1,1,3.0,0.05
9258,3_6_1_0,1,6.0,0.05
9259,1_5_0_1,0,1.5,0.05
9260,3_2_1_0,1,6.0,0.05
9261,3_6_1_0,1,6.0,0.05
9262,1_4_0_0,3,2.0,0.05
9263,3_6_1_0,1,6.0,0.05
9264,1_0_1_1,4,7.0,0.05
9265,3_5_0_1,0,1.5,0.05
9266,2_4_1_1,0,5.0,0.05
9267,1_5_1_1,0,9.0,0.05
9268,2_0_0_1,4,1.5,0.05
9269,1_0_0_0,3,2.0,0.05
9270,2_6_0_1,4,1.5,0.05
9271,1_5_0_0,3,2.0,0.05
9272,2_7_1_0,1,6.0,0.05
9273,1_0_1_0,5,3.0,0.05
9274,2_4_1_0,1,2.0,0.05
9275,3_2_1_0,1,6.0,0.05
9276,1_6_1_1,4,7.0,0.05
9277,1_2_0_0,3,2.0,0.05
9278,3_1_0_1,0,1.5,0.05
9279,2_3_1_0,1,6.0,0.05
9280,1_7_1_0,1,6.0,0.05
9281,2_5_1_0,1,2.0,0.05
9282,2_4_0_0,3,2.0,0.05
9283,3_2_0_1,4,1.5,0.05
9284,3_7_1_0,1,6.0,0.05
9285,1_6_1_0,1,6.0,0.05
9286,1_3_1_1,4,7.0,0.05
9287,2_2_0_1,4,1.5,0.05
9288,1_0_0_0,3,2.0,0.05
9289,1_5_1_0,1,2.0,0.05
9290,3_0_0_0,5,2.0,0.05
9291,1_7_0_1,1,3.0,0.05
9292,3_3_0_0,5,2.0,0.05
9293,3_7_0_1,3,1.0,0.05
9294,1_4_1_0,5,3.0,0.05
9295,3_6_1_0,1,6.0,0.05
9296,3_1_1_1,0,9.0,0.05
9297,2_3_0_1,3,1.0,0.05
9298,2_0_1_0,5,3.0,0.05
9299,1_0_1_0,4,1.0,0.05
9300,2_2_1_0,1,6.0,0.05
9301,3_5_0_0,5,2.0,0.05
9302,3_4_1_1,0,5.0,0.05
9303,2_4_0_1,4,1.5,0.05
9304,2_2_0_0,3,2.0,0.05
9305,1_4_1_1,4,7.0,0.05
9306,2_5_1_1,0,9.0,0.05
9307,1_5_1_1,0,9.0,0.05
9308,3_7_1_1,4,7.0,0.05
9309,1_3_1_1,4,7.0,0.05
9310,3_7_1_0,1,6.0,0.05
9311,1_0_1_0,5,3.0,0.05
9312,3_6_1_1,4,7.0,0.05
9313,3_6_1_1,4,7.0,0.05
9314,1_6_0_1,1,3.0,0.05
9315,2_4_0_1,4,1.5,0.05
9316,1_1_1_0,5,3.0,0.05
9317,3_2_0_0,3,2.0,0.05
9318,2_1_0_0,5,2.0,0.05
9319,1_4_1_0,5,3.0,0.05
9320,3_0_0_1,3,1.0,0.05
9321,3_7_0_0,2,2.0,0.05
9322,3_0_1_1,0,5.0,0.05
9323,3_7_0_0,2,2.0,0.05
9324,2_7_0_0,3,2.0,0.05
9325,1_4_0_0,3,2.0,0.05
9326,2_3_0_0,3,2.0,0.05
9327,3_2_0_1,4,1.5,0.05
9328,3_2_1_1,1,9.0,0.05
9329,2_6_0_1,4,1.5,0.05
9330,1_0_1_1,4,7.0,0.05
9331,2_4_0_1,4,1.5,0.05
9332,3_1_1_0,0,3.0,0.05
9333,2_4_0_1,4,1.5,0.05
9334,3_2_0_1,4,1.5,0.05
9335,1_4_0_1,3,1.0,0.05
9336,3_5_1_1,0,9.0,0.05
9337,3_4_1_1,0,5.0,0.05
9338,2_3_0_1,3,1.0,0.05
9339,1_3_0_0,5,2.0,0.05
9340,2_5_0_0,5,2.0,0.05
9341,2_5_1_1,0,9.0,0.05
9342,1_6_1_1,2,-5.0,0.05
9343,1_4_1_0,3,-14.0,0.05
9344,1_5_1_1,0,9.0,0.05
9345,1_1_1_0,5,3.0,0.05
9346,2_2_0_0,3,2.0,0.05
9347,2_0_0_0,5,2.0,0.05
9348,2_0_1_0,5,3.0,0.05
9349,1_6_0_0,2,2.0,0.05
9350,2_3_0_0,3,2.0,0.05
9351,2_3_1_1,0,9.0,0.05
9352,1_6_0_0,2,2.0,0.05
9353,1_2_0_0,3,2.0,0.05
9354,1_6_1_0,1,6.0,0.05
9355,2_3_0_0,3,2.0,0.05
9356,2_1_0_1,0,1.5,0.05
9357,3_7_0_1,3,1.0,0.05
9358,3_3_1_0,0,3.0,0.05
9359,2_6_1_0,1,6.0,0.05
9360,3_6_0_1,1,3.0,0.05
9361,1_6_0_1,1,3.0,0.05
9362,2_7_0_1,1,3.0,0.05
9363,1_5_0_0,3,2.0,0.05
9364,3_2_1_0,1,6.0,0.05
9365,2_1_1_0,5,3.0,0.05
9366,2_4_0_1,4,1.5,0.05
9367,2_5_0_0,4,-4.5,0.05
9368,3_0_1_0,4,1.0,0.05
9369,1_4_0_1,3,1.0,0.05
9370,3_6_1_0,1,6.0,0.05
9371,3_0_0_0,5,2.0,0.05
9372,1_5_0_0,3,2.0,0.05
9373,1_3_1_0,1,6.0,0.05
9374,2_6_0_0,1,0.0,0.05
9375,2_2_0_1,4,1.5,0.05
9376,1_1_1_1,0,9.0,0.05
9377,1_7_0_0,2,2.0,0.05
9378,3_6_0_1,1,3.0,0.05
9379,1_0_0_1,3,1.0,0.05
9380,2_5_1_0,1,2.0,0.05
9381,3_7_1_1,4,7.0,0.05
9382,2_3_1_1,0,9.0,0.05
9383,3_2_1_0,1,6.0,0.05
9384,2_6_0_0,1,0.0,0.05
9385,3_0_0_1,3,1.0,0.05
9386,3_6_0_1,1,3.0,0.05
9387,1_3_1_0,1,6.0,0.05
9388,3_1_1_1,0,9.0,0.05
9389,3_1_1_1,0,9.0,0.05
9390,3_2_0_1,4,1.5,0.05
9391,2_2_1_1,4,7.0,0.05
9392,3_7_0_0,2,2.0,0.05
9393,3_4_0_0,5,2.0,0.05
9394,1_7_0_1,1,3.0,0.05
9395,3_7_0_1,3,1.0,0.05
9396,3_5_0_0,3,2.0,0.05
9397,3_4_0_1,4,1.5,0.05
9398,3_4_1_1,0,5.0,0.05
9399,1_3_1_1,4,7.0,0.05
9400,3_1_1_1,0,9.0,0.05
9401,3_5_0_1,0,1.5,0.05
9402,3_3_1_1,1,9.0,0.05
9403,1_4_1_0,5,3.0,0.05
9404,1_6_1_1,4,7.0,0.05
9405,1_6_0_0,5,2.0,0.05
9406,1_3_0_1,1,3.0,0.05
9407,3_2_0_0,3,2.0,0.05
9408,3_6_0_0,5,2.0,0.05
9409,3_3_0_0,5,2.0,0.05
9410,3_0_1_1,0,5.0,0.05
9411,1_6_1_0,1,6.0,0.05
9412,2_4_0_0,3,2.0,0.05
9413,1_7_0_1,1,3.0,0.05
9414,1_7_1_1,0,9.0,0.05
9415,2_6_0_0,1,0.0,0.05
9416,1_6_1_0,1,6.0,0.05
9417,1_2_1_0,1,6.0,0.05
9418,3_1_1_1,0,9.0,0.05
9419,2_0_0_1,4,1.5,0.05
9420,2_7_1_1,0,9.0,0.05
9421,1_5_0_0,3,2.0,0.05
9422,3_1_1_0,0,3.0,0.05
9423,2_7_1_0,1,6.0,0.05
9424,1_2_1_1,4,7.0,0.05
9425,3_3_0_0,5,2.0,0.05
9426,3_1_1_0,0,3.0,0.05
9427,3_5_0_0,3,2.0,0.05
9428,1_5_1_1,0,9.0,0.05
9429,2_3_0_0,3,2.0,0.05
9430,2_6_0_1,4,1.5,0.05
9431,1_3_1_0,1,6.0,0.05
9432,3_6_0_1,1,3.0,0.05
9433,1_2_0_0,3,2.0,0.05
9434,1_2_0_1,3,1.0,0.05
9435,2_5_0_1,4,1.5,0.05
9436,1_2_0_1,3,1.0,0.05
9437,1_0_1_0,5,3.0,0.05
9438,2_3_0_1,3,1.0,0.05
9439,2_6_1_1,1,9.0,0.05
9440,2_3_0_0,3,2.0,0.05
9441,1_0_1_1,4,7.0,0.05
9442,1_1_1_1,0,9.0,0.05
9443,2_6_0_0,1,0.0,0.05
9444,2_5_1_1,0,9.0,0.05
9445,2_3_0_0,3,2.0,0.05
9446,2_1_1_0,5,3.0,0.05
9447,1_6_1_1,4,7.0,0.05
9448,2_0_0_1,4,1.5,0.05
9449,2_4_1_1,0,5.0,0.05
9450,1_1_1_0,5,3.0,0.05
9451,1_1_0_0,3,2.0,0.05
9452,1_1_0_0,3,2.0,0.05
9453,2_6_1_1,1,9.0,0.05
9454,2_3_1_0,1,6.0,0.05
9455,3_4_1_0,5,3.0,0.05
9456,1_3_1_0,1,6.0,0.05
9457,1_2_0_1,3,1.0,0.05
9458,3_2_1_0,1,6.0,0.05
9459,2_4_1_0,1,2.0,0.05
9460,2_7_1_0,1,6.0,0.05
9461,2_2_1_0,1,6.0,0.05
9462,3_1_0_0,1,-4.0,0.05
9463,2_4_0_0,3,2.0,0.05
9464,1_5_0_1,0,1.5,0.05
9465,3_7_0_1,3,1.0,0.05
9466,2_0_0_1,4,1.5,0.05
9467,1_4_1_1,4,7.0,0.05
9468,2_0_1_0,5,3.0,0.05
9469,2_3_1_0,2,-7.0,0.05
9470,1_6_1_0,1,6.0,0.05
9471,1_7_0_1,1,3.0,0.05
9472,3_4_1_1,0,5.0,0.05
9473,1_5_0_1,0,1.5,0.05
9474,2_7_0_0,3,2.0,0.05
9475,3_0_1_0,4,1.0,0.05
9476,3_5_1_0,0,3.0,0.05
9477,1_7_1_0,1,6.0,0.05
9478,2_7_0_1,1,3.0,0.05
9479,3_3_0_0,5,2.0,0.05
9480,1_2_1_1,4,7.0,0.05
9481,2_4_0_0,3,2.0,0.05
9482,1_2_1_0,1,6.0,0.05
9483,2_7_0_0,3,2.0,0.05
9484,2_2_0_1,4,1.5,0.05
9485,1_1_0_0,3,2.0,0.05
9486,2_1_1_1,4,7.0,0.05
9487,1_3_0_0,5,2.0,0.05
9488,2_1_0_0,5,2.0,0.05
9489,1_3_1_0,1,6.0,0.05
9490,2_5_0_1,4,1.5,0.05
9491,2_5_1_1,0,9.0,0.05
9492,2_1_0_0,5,2.0,0.05
9493,2_2_1_0,1,6.0,0.05
9494,2_5_1_1,0,9.0,0.05
9495,3_0_0_0,5,2.0,0.05
9496,3_0_0_1,3,1.0,0.05
9497,2_2_1_0,1,6.0,0.05
9498,1_1_1_1,0,9.0,0.05
9499,1_1_0_1,0,1.5,0.05
9500,1_0_0_1,3,1.0,0.05
9501,2_2_0_1,4,1.5,0.05
9502,2_1_0_0,5,2.0,0.05
9503,1_7_0_0,2,2.0,0.05
9504,3_7_1_1,4,7.0,0.05
9505,1_5_1_1,0,9.0,0.05
9506,1_4_0_0,3,2.0,0.05
9507,1_7_1_1,1,9.0,0.05
9508,1_1_1_1,0,9.0,0.05
9509,1_7_0_1,1,3.0,0.05
9510,3_0_1_0,1,2.0,0.05
9511,2_7_0_1,1,3.0,0.05
9512,1_1_0_1,0,1.5,0.05
9513,1_4_0_1,3,1.0,0.05
9514,3_7_1_1,4,7.0,0.05
9515,3_7_1_1,4,7.0,0.05
9516,2_2_1_1,1,9.0,0.05
9517,3_4_0_0,5,2.0,0.05
9518,2_5_1_0,1,2.0,0.05
9519,3_6_0_0,5,2.0,0.05
9520,1_7_0_0,2,2.0,0.05
9521,1_2_1_1,4,7.0,0.05
9522,3_6_0_1,1,3.0,0.05
9523,1_0_1_0,5,3.0,0.05
9524,2_6_0_0,1,0.0,0.05
9525,2_1_1_1,4,7.0,0.05
9526,3_1_1_1,0,9.0,0.05
9527,3_2_0_0,3,2.0,0.05
9528,3_5_0_1,0,1.5,0.05
9529,2_4_0_1,4,1.5,0.05
9530,3_0_1_0,3,-14.0,0.05
9531,2_1_0_0,5,2.0,0.05
9532,1_0_0_0,3,2.0,0.05
9533,1_6_0_0,2,2.0,0.05
9534,2_5_1_0,1,2.0,0.05
9535,2_4_0_0,3,2.0,0.05
9536,3_3_0_0,5,2.0,0.05
9537,1_6_1_0,1,6.0,0.05
9538,3_0_0_0,5,2.0,0.05
9539,1_7_1_0,1,6.0,0.05
9540,2_6_0_0,1,0.0,0.05
9541,3_6_0_1,1,3.0,0.05
9542,2_5_0_1,4,1.5,0.05
9543,1_2_1_1,4,7.0,0.05
9544,2_6_1_1,1,9.0,0.05
9545,1_3_0_1,4,1.5,0.05
9546,1_5_1_0,1,2.0,0.05
9547,3_4_1_1,1,5.0,0.05
9548,1_2_0_0,3,2.0,0.05
9549,1_1_0_1,0,1.5,0.05
9550,2_1_1_0,5,3.0,0.05
9551,3_5_0_0,3,2.0,0.05
9552,3_2_1_1,1,9.0,0.05
9553,3_3_0_0,5,2.0,0.05
9554,2_5_0_0,5,2.0,0.05
9555,3_2_1_0,1,6.0,0.05
9556,1_4_0_1,3,1.0,0.05
9557,3_3_1_1,1,9.0,0.05
9558,1_1_0_0,3,2.0,0.05
9559,3_1_0_1,0,1.5,0.05
9560,1_7_1_1,0,9.0,0.05
9561,3_1_0_1,0,1.5,0.05
9562,2_3_1_0,5,3.0,0.05
9563,3_7_0_0,2,2.0,0.05
9564,3_5_0_0,3,2.0,0.05
9565,1_5_1_0,1,2.0,0.05
9566,3_3_0_0,5,2.0,0.05
9567,3_1_0_0,3,2.0,0.05
9568,2_6_0_0,1,0.0,0.05
9569,3_6_1_1,4,7.0,0.05
9570,2_0_0_1,4,1.5,0.05
9571,2_0_1_1,1,5.0,0.05
9572,2_0_1_0,5,3.0,0.05
9573,3_6_0_0,0,-8.5,0.05
9574,2_5_1_0,1,2.0,0.05
9575,1_2_1_0,1,6.0,0.05
9576,3_0_1_0,3,-14.0,0.05
9577,1_7_0_1,1,3.0,0.05
9578,1_4_0_1,3,1.0,0.05
9579,1_7_1_0,1,6.0,0.05
9580,2_5_1_1,0,9.0,0.05
9581,2_1_1_1,4,7.0,0.05
9582,1_7_0_0,2,2.0,0.05
9583,1_4_1_0,5,3.0,0.05
9584,2_4_0_0,3,2.0,0.05
9585,3_4_0_0,5,2.0,0.05
9586,1_4_0_0,3,2.0,0.05
9587,2_2_1_0,1,6.0,0.05
9588,3_1_1_1,0,9.0,0.05
9589,1_5_0_0,3,2.0,0.05
9590,2_6_0_1,4,1.5,0.05
9591,1_1_1_0,5,3.0,0.05
9592,3_7_0_1,3,1.0,0.05
9593,3_7_1_1,4,7.0,0.05
9594,1_2_1_1,4,7.0,0.05
9595,2_6_1_0,1,6.0,0.05
9596,1_4_0_0,3,2.0,0.05
9597,3_3_0_0,5,2.0,0.05
9598,3_2_1_0,1,6.0,0.05
9599,3_1_0_0,3,2.0,0.05
9600,3_1_0_1,0,1.5,0.05
9601,2_2_0_0,3,2.0,0.05
9602,2_5_0_1,4,1.5,0.05
9603,3_4_0_0,5,2.0,0.05
9604,3_2_0_0,3,2.0,0.05
9605,2_3_1_1,0,9.0,0.05
9606,3_4_0_0,5,2.0,0.05
9607,2_3_0_1,3,1.0,0.05
9608,2_6_0_1,4,1.5,0.05
9609,3_1_0_1,0,1.5,0.05
9610,3_7_1_1,4,7.0,0.05
9611,2_2_0_1,4,1.5,0.05
9612,3_4_1_1,0,5.0,0.05
9613,3_0_1_0,4,1.0,0.05
9614,1_1_1_1,0,9.0,0.05
9615,1_2_0_0,3,2.0,0.05
9616,3_3_1_0,0,3.0,0.05
9617,2_0_1_1,1,5.0,0.05
9618,2_2_0_1,4,1.5,0.05
9619,3_0_0_0,5,2.0,0.05
9620,1_7_1_0,1,6.0,0.05
9621,3_3_1_1,1,9.0,0.05
9622,1_6_1_0,1,6.0,0.05
9623,2_5_1_0,1,2.0,0.05
9624,2_1_1_0,5,3.0,0.05
9625,3_7_0_1,3,1.0,0.05
9626,1_4_1_1,4,7.0,0.05
9627,2_4_1_0,1,2.0,0.05
9628,3_6_0_1,1,3.0,0.05
9629,3_2_0_1,4,1.5,0.05
9630,1_6_1_1,4,7.0,0.05
9631,2_7_1_0,1,6.0,0.05
9632,2_6_1_1,1,9.0,0.05
9633,1_5_0_1,0,1.5,0.05
9634,1_2_1_1,4,7.0,0.05
9635,2_6_1_1,1,9.0,0.05
9636,3_4_1_0,5,3.0,0.05
9637,2_1_0_1,0,1.5,0.05
9638,3_3_1_1,1,9.0,0.05
9639,1_4_0_1,3,1.0,0.05
9640,2_7_1_0,1,6.0,0.05
9641,2_0_0_0,5,2.0,0.05
9642,2_7_1_1,0,9.0,0.05
9643,2_7_0_1,1,3.0,0.05
9644,1_6_1_0,1,6.0,0.05
9645,2_3_0_1,3,1.0,0.05
9646,3_3_0_0,5,2.0,0.05
9647,2_1_1_0,5,3.0,0.05
9648,1_5_0_1,0,1.5,0.05
9649,1_6_0_0,2,2.0,0.05
9650,2_2_1_0,1,6.0,0.05
9651,3_0_1_0,4,1.0,0.05
9652,3_2_0_0,3,2.0,0.05
9653,1_6_1_0,1,6.0,0.05
9654,3_1_0_0,3,2.0,0.05
9655,2_5_0_0,5,2.0,0.05
9656,1_5_0_0,3,2.0,0.05
9657,3_5_0_1,0,1.5,0.05
9658,2_1_1_0,5,3.0,0.05
9659,2_5_1_0,1,2.0,0.05
9660,2_5_1_1,0,9.0,0.05
9661,1_3_1_0,1,6.0,0.05
9662,2_5_0_0,5,2.0,0.05
9663,1_4_0_1,3,1.0,0.05
9664,3_4_1_0,5,3.0,0.05
9665,3_7_1_1,4,7.0,0.05
9666,3_6_1_1,4,7.0,0.05
9667,1_7_0_1,1,3.0,0.05
9668,3_6_1_1,4,7.0,0.05
9669,1_1_0_0,3,2.0,0.05
9670,1_6_1_1,4,7.0,0.05
9671,1_7_0_0,2,2.0,0.05
9672,2_2_0_0,3,2.0,0.05
9673,1_4_1_1,4,7.0,0.05
9674,1_6_0_0,2,2.0,0.05
9675,1_0_0_0,3,2.0,0.05
9676,2_5_1_1,0,9.0,0.05
9677,2_5_1_1,0,9.0,0.05
9678,3_2_0_0,3,2.0,0.05
9679,3_4_0_1,4,1.5,0.05
9680,3_4_1_0,5,3.0,0.05
9681,1_4_0_1,3,1.0,0.05
9682,3_4_1_0,5,3.0,0.05
9683,3_7_1_0,1,6.0,0.05
9684,1_2_1_0,1,6.0,0.05
9685,1_4_0_1,3,1.0,0.05
9686,3_7_1_1,4,7.0,0.05
9687,3_3_0_0,5,2.0,0.05
9688,2_0_1_0,5,3.0,0.05
9689,2_5_1_0,1,2.0,0.05
9690,3_5_1_1,0,9.0,0.05
9691,1_5_0_0,3,2.0,0.05
9692,2_5_1_0,1,2.0,0.05
9693,1_1_0_0,3,2.0,0.05
9694,2_2_1_0,1,6.0,0.05
9695,1_0_1_1,4,7.0,0.05
9696,1_5_0_0,2,2.0,0.05
9697,2_7_0_1,0,1.5,0.05
9698,3_6_0_1,1,3.0,0.05
9699,3_1_1_1,0,9.0,0.05
9700,1_0_1_1,4,7.0,0.05
9701,3_2_1_0,1,6.0,0.05
9702,2_4_1_1,0,5.0,0.05
9703,1_0_0_1,3,1.0,0.05
9704,2_7_1_1,0,9.0,0.05
9705,1_6_0_0,2,2.0,0.05
9706,1_5_1_0,1,2.0,0.05
9707,1_0_0_0,3,2.0,0.05
9708,2_4_0_0,3,2.0,0.05
9709,3_1_1_0,0,3.0,0.05
9710,2_2_1_1,4,7.0,0.05
9711,3_4_0_1,4,1.5,0.05
9712,3_3_0_1,1,3.0,0.05
9713,2_4_1_1,0,5.0,0.05
9714,3_1_1_1,0,9.0,0.05
9715,2_1_0_1,0,1.5,0.05
9716,1_6_0_1,1,3.0,0.05
9717,1_0_1_0,1,2.0,0.05
9718,3_6_1_0,1,6.0,0.05
9719,3_2_1_1,1,9.0,0.05
9720,3_6_1_1,4,7.0,0.05
9721,2_6_0_0,1,0.0,0.05
9722,3_2_1_1,1,9.0,0.05
9723,3_6_1_0,1,6.0,0.05
9724,2_3_0_1,3,1.0,0.05
9725,3_6_0_1,1,3.0,0.05
9726,3_0_1_1,0,5.0,0.05
9727,3_5_1_0,0,3.0,0.05
9728,1_2_1_1,4,7.0,0.05
9729,1_1_0_1,0,1.5,0.05
9730,3_1_0_0,3,2.0,0.05
9731,2_2_1_0,1,6.0,0.05
9732,2_0_0_1,4,1.5,0.05
9733,2_1_1_1,4,7.0,0.05
9734,2_2_1_1,4,7.0,0.05
9735,3_5_1_1,0,9.0,0.05
9736,2_5_0_0,5,2.0,0.05
9737,1_6_0_0,2,2.0,0.05
9738,3_2_1_1,1,9.0,0.05
9739,2_2_1_1,4,7.0,0.05
9740,3_5_1_0,0,3.0,0.05
9741,1_4_0_0,3,2.0,0.05
9742,1_5_1_0,1,2.0,0.05
9743,1_7_1_1,0,9.0,0.05
9744,3_2_0_1,4,1.5,0.05
9745,2_7_0_0,3,2.0,0.05
9746,3_0_0_1,3,1.0,0.05
9747,3_4_1_0,5,3.0,0.05
9748,1_3_1_1,3,-15.0,0.05
9749,1_4_0_1,3,1.0,0.05
9750,3_0_1_0,4,1.0,0.05
9751,2_0_1_1,1,5.0,0.05
9752,2_6_0_1,4,1.5,0.05
9753,1_6_0_1,1,3.0,0.05
9754,1_3_0_0,5,2.0,0.05
9755,1_7_0_0,2,2.0,0.05
9756,3_5_0_1,0,1.5,0.05
9757,2_5_1_1,0,9.0,0.05
9758,1_1_1_1,0,9.0,0.05
9759,3_1_0_0,3,2.0,0.05
9760,3_3_1_0,0,3.0,0.05
9761,2_0_1_1,1,5.0,0.05
9762,2_3_0_1,3,1.0,0.05
9763,1_1_0_1,0,1.5,0.05
9764,3_0_1_0,4,1.0,0.05
9765,2_1_1_1,4,7.0,0.05
9766,2_6_0_0,1,0.0,0.05
9767,2_1_0_0,5,2.0,0.05
9768,2_7_0_1,1,3.0,0.05
9769,3_1_0_1,0,1.5,0.05
9770,3_3_1_0,0,3.0,0.05
9771,2_6_0_1,4,1.5,0.05
9772,1_7_1_0,1,6.0,0.05
9773,1_3_1_0,1,6.0,0.05
9774,2_1_0_1,0,1.5,0.05
9775,2_2_1_0,1,6.0,0.05
9776,1_4_1_1,4,7.0,0.05
9777,3_0_0_1,3,1.0,0.05
9778,3_2_0_0,3,2.0,0.05
9779,3_7_1_1,4,7.0,0.05
9780,1_5_1_1,0,9.0,0.05
9781,1_1_1_1,0,9.0,0.05
9782,1_4_0_0,3,2.0,0.05
9783,1_0_1_1,4,7.0,0.05
9784,2_6_1_1,2,-5.0,0.05
9785,3_2_1_0,1,6.0,0.05
9786,1_3_1_0,1,6.0,0.05
9787,3_3_1_0,0,3.0,0.05
9788,2_7_0_1,1,3.0,0.05
9789,3_7_1_0,1,6.0,0.05
9790,3_1_1_1,0,9.0,0.05
9791,1_1_1_0,2,-7.0,0.05
9792,3_3_1_0,0,3.0,0.05
9793,2_4_1_1,0,5.0,0.05
9794,3_3_1_1,1,9.0,0.05
9795,2_5_0_1,0,1.5,0.05
9796,2_1_1_0,1,2.0,0.05
9797,2_2_0_1,4,1.5,0.05
9798,1_2_1_1,4,7.0,0.05
9799,3_4_1_0,5,3.0,0.05
9800,2_2_0_0,2,-2.0,0.05
9801,3_0_1_0,4,1.0,0.05
9802,2_0_1_1,1,5.0,0.05
9803,2_3_0_1,3,1.0,0.05
9804,1_4_0_1,3,1.0,0.05
9805,1_5_1_0,1,2.0,0.05
9806,2_0_0_1,4,1.5,0.05
9807,2_7_0_0,3,2.0,0.05
9808,1_2_0_0,3,2.0,0.05
9809,1_4_0_1,3,1.0,0.05
9810,2_3_1_1,5,1.0,0.05
9811,1_7_0_1,1,3.0,0.05
9812,2_7_1_0,1,6.0,0.05
9813,3_4_1_0,5,3.0,0.05
9814,1_2_0_0,3,2.0,0.05
9815,3_3_0_0,5,2.0,0.05
9816,2_0_0_1,4,1.5,0.05
9817,1_3_1_1,4,7.0,0.05
9818,1_5_0_0,3,2.0,0.05
9819,1_7_1_1,0,9.0,0.05
9820,2_1_0_1,0,1.5,0.05
9821,3_1_0_0,3,2.0,0.05
9822,1_1_0_1,0,1.5,0.05
9823,2_7_1_1,0,9.0,0.05
9824,2_4_1_1,3,-15.0,0.05
9825,3_7_1_1,4,7.0,0.05
9826,3_7_0_0,2,2.0,0.05
9827,3_7_0_1,3,1.0,0.05
9828,3_6_1_1,4,7.0,0.05
9829,2_1_1_0,5,3.0,0.05
9830,3_3_1_0,0,3.0,0.05
9831,2_5_0_0,1,-4.0,0.05
9832,2_4_1_1,0,5.0,0.05
9833,2_4_1_1,0,5.0,0.05
9834,1_2_0_0,3,2.0,0.05
9835,2_0_1_1,1,5.0,0.05
9836,1_3_0_0,5,2.0,0.05
9837,1_4_1_0,5,3.0,0.05
9838,1_7_0_1,1,3.0,0.05
9839,3_3_0_0,5,2.0,0.05
9840,2_2_1_1,4,7.0,0.05
9841,3_4_0_1,4,1.5,0.05
9842,3_2_0_0,3,2.0,0.05
9843,3_2_1_1,1,9.0,0.05
9844,2_0_0_1,4,1.5,0.05
9845,1_4_1_0,5,3.0,0.05
9846,1_3_0_1,1,3.0,0.05
9847,3_5_1_1,0,9.0,0.05
9848,1_1_1_0,5,3.0,0.05
9849,2_6_0_0,1,0.0,0.05
9850,1_4_0_0,3,2.0,0.05
9851,1_0_1_1,4,7.0,0.05
9852,1_0_0_1,3,1.0,0.05
9853,3_4_1_0,5,3.0,0.05
9854,2_6_0_1,4,1.5,0.05
9855,3_3_0_1,1,3.0,0.05
9856,1_5_1_0,1,2.0,0.05
9857,1_1_1_1,0,9.0,0.05
9858,1_7_0_1,1,3.0,0.05
9859,3_5_1_0,0,3.0,0.05
9860,1_3_1_1,4,7.0,0.05
9861,2_5_0_1,4,1.5,0.05
9862,2_7_0_0,3,2.0,0.05
9863,2_2_1_0,1,6.0,0.05
9864,2_4_0_1,4,1.5,0.05
9865,3_1_0_0,3,2.0,0.05
9866,1_3_1_0,1,6.0,0.05
9867,1_1_0_1,0,1.5,0.05
9868,1_4_1_0,5,3.0,0.05
9869,1_7_0_1,1,3.0,0.05
9870,2_5_0_1,4,1.5,0.05
9871,3_4_0_1,4,1.5,0.05
9872,3_5_0_1,0,1.5,0.05
9873,2_6_0_1,4,1.5,0.05
9874,1_0_0_1,3,1.0,0.05
9875,3_7_1_1,4,7.0,0.05
9876,1_6_0_0,2,2.0,0.05
9877,1_6_0_1,1,3.0,0.05
9878,3_0_1_1,0,5.0,0.05
9879,3_7_0_1,3,1.0,0.05
9880,1_5_1_0,1,2.0,0.05
9881,2_0_1_1,1,5.0,0.05
9882,3_4_1_1,0,5.0,0.05
9883,2_0_1_0,4,1.0,0.05
9884,1_3_0_0,5,2.0,0.05
9885,2_3_1_1,0,9.0,0.05
9886,1_3_0_0,5,2.0,0.05
9887,2_3_0_1,3,1.0,0.05
9888,3_7_1_1,4,7.0,0.05
9889,1_0_1_1,4,7.0,0.05
9890,2_7_1_1,0,9.0,0.05
9891,2_5_0_0,5,2.0,0.05
9892,2_5_1_0,1,2.0,0.05
9893,1_1_1_1,0,9.0,0.05
9894,3_6_1_1,4,7.0,0.05
9895,1_5_1_1,0,9.0,0.05
9896,1_3_0_0,4,-4.5,0.05
9897,3_3_1_1,1,9.0,0.05
9898,1_3_0_1,1,3.0,0.05
9899,3_2_1_0,1,6.0,0.05
9900,2_4_1_0,1,2.0,0.05
9901,3_3_1_1,1,9.0,0.05
9902,1_6_1_1,4,7.0,0.05
9903,1_5_0_1,0,1.5,0.05
9904,2_7_0_1,1,3.0,0.05
9905,3_6_0_1,1,3.0,0.05
9906,3_0_0_0,3,2.0,0.05
9907,3_2_1_1,1,9.0,0.05
9908,2_4_1_1,0,5.0,0.05
9909,2_4_1_0,1,2.0,0.05
9910,3_4_1_1,0,5.0,0.05
9911,2_6_0_1,4,1.5,0.05
9912,2_7_1_1,0,9.0,0.05
9913,1_0_1_0,1,2.0,0.05
9914,1_1_0_1,0,1.5,0.05
9915,2_0_0_0,5,2.0,0.05
9916,1_1_1_1,0,9.0,0.05
9917,2_7_1_1,0,9.0,0.05
9918,3_6_1_0,1,6.0,0.05
9919,3_5_1_0,0,3.0,0.05
9920,3_2_1_1,1,9.0,0.05
9921,2_3_1_0,1,6.0,0.05
9922,2_1_0_0,5,2.0,0.05
9923,1_0_1_0,5,3.0,0.05
9924,2_0_0_1,4,1.5,0.05
9925,1_2_1_0,1,6.0,0.05
9926,1_4_0_1,3,1.0,0.05
9927,2_5_0_1,4,1.5,0.05
9928,3_6_0_0,5,2.0,0.05
9929,1_4_0_0,3,2.0,0.05
9930,2_6_0_0,1,0.0,0.05
9931,2_4_1_0,1,2.0,0.05
9932,1_6_0_0,2,2.0,0.05
9933,3_3_1_0,0,3.0,0.05
9934,3_5_1_0,0,3.0,0.05
9935,1_7_0_1,1,3.0,0.05
9936,3_2_0_0,3,2.0,0.05
9937,2_6_1_0,1,6.0,0.05
9938,3_3_0_0,5,2.0,0.05
9939,3_1_0_1,0,1.5,0.05
9940,2_5_1_0,1,2.0,0.05
9941,3_5_0_1,0,1.5,0.05
9942,3_7_1_0,1,6.0,0.05
9943,2_0_1_0,5,3.0,0.05
9944,2_1_0_1,0,1.5,0.05
9945,2_7_1_0,1,6.0,0.05
9946,3_7_1_1,4,7.0,0.05
9947,1_4_1_1,4,7.0,0.05
9948,2_0_0_1,4,1.5,0.05
9949,1_3_0_0,5,2.0,0.05
9950,1_4_1_1,4,7.0,0.05
9951,1_3_0_0,5,2.0,0.05
9952,2_7_1_0,1,6.0,0.05
9953,3_6_0_0,5,2.0,0.05
9954,3_4_0_0,5,2.0,0.05
9955,3_5_1_0,0,3.0,0.05
9956,3_2_0_1,4,1.5,0.05
9957,3_0_1_0,4,1.0,0.05
9958,2_3_0_1,3,1.0,0.05
9959,2_4_0_1,4,1.5,0.05
9960,3_0_1_1,0,5.0,0.05
9961,2_0_1_0,5,3.0,0.05
9962,1_5_1_0,1,2.0,0.05
9963,3_6_1_0,1,6.0,0.05
9964,3_3_0_0,5,2.0,0.05
9965,2_2_1_0,1,6.0,0.05
9966,1_5_1_0,1,2.0,0.05
9967,2_1_1_0,5,3.0,0.05
9968,1_1_1_0,5,3.0,0.05
9969,1_5_0_0,3,2.0,0.05
9970,3_2_0_0,3,2.0,0.05
9971,3_3_0_1,1,3.0,0.05
9972,2_4_0_1,0,-2.5,0.05
9973,2_5_1_0,1,2.0,0.05
9974,2_2_0_1,4,1.5,0.05
9975,1_7_0_0,2,2.0,0.05
9976,1_6_0_0,2,2.0,0.05
9977,3_5_1_0,0,3.0,0.05
9978,3_6_0_0,5,2.0,0.05
9979,3_7_0_1,3,1.0,0.05
9980,2_0_1_0,5,3.0,0.05
9981,1_2_0_1,3,1.0,0.05
9982,1_4_0_1,3,1.0,0.05
9983,1_4_0_0,3,2.0,0.05
9984,2_2_0_1,4,1.5,0.05
9985,1_7_0_1,1,3.0,0.05
9986,2_6_0_0,1,0.0,0.05
9987,2_5_0_0,5,2.0,0.05
9988,3_6_0_1,1,3.0,0.05
9989,3_1_1_1,0,9.0,0.05
9990,1_4_0_1,3,1.0,0.05
9991,3_6_1_1,4,7.0,0.05
9992,2_1_1_1,4,7.0,0.05
9993,1_0_0_0,3,2.0,0.05
9994,1_0_0_1,3,1.0,0.05
9995,3_5_0_0,3,2.0,0.05
9996,1_1_0_0,3,2.0,0.05
9997,1_3_0_1,1,3.0,0.05
9998,1_4_1_1,2,-5.0,0.05
9999,1_3_0_0,5,2.0,0.05
10000,2_2_0_0,3,2.0,0.05
10001,3_7_1_0,1,6.0,0.05
10002,1_6_0_1,1,3.0,0.05
10003,2_6_1_0,1,6.0,0.05
10004,3_7_1_0,1,6.0,0.05
10005,2_4_0_1,4,1.5,0.05
10006,1_6_0_1,1,3.0,0.05
10007,1_6_0_0,2,2.0,0.05
10008,1_6_1_1,4,7.0,0.05
10009,2_4_1_1,0,5.0,0.05
10010,2_2_1_0,1,6.0,0.05
10011,1_4_0_1,3,1.0,0.05
10012,1_2_0_0,3,2.0,0.05
10013,3_5_1_1,0,9.0,0.05
10014,3_2_1_1,1,9.0,0.05
10015,3_3_0_1,1,3.0,0.05
10016,3_2_0_1,4,1.5,0.05
10017,1_6_0_0,2,2.0,0.05
10018,2_0_1_0,5,3.0,0.05
10019,2_6_0_1,4,1.5,0.05
10020,2_2_1_1,4,7.0,0.05
10021,2_4_0_1,4,1.5,0.05
10022,2_7_0_1,1,3.0,0.05
10023,1_6_0_0,2,2.0,0.05
10024,3_1_1_1,0,9.0,0.05
10025,3_3_1_1,1,9.0,0.05
10026,2_7_0_0,3,2.0,0.05
10027,3_7_0_0,2,2.0,0.05
10028,3_3_0_1,1,3.0,0.05
10029,1_2_1_0,1,6.0,0.05
10030,3_2_1_1,1,9.0,0.05
10031,1_6_1_0,1,6.0,0.05
10032,2_6_0_1,4,1.5,0.05
10033,2_5_0_0,5,2.0,0.05
10034,2_2_0_1,4,1.5,0.05
10035,2_1_0_1,0,1.5,0.05
10036,1_3_0_0,5,2.0,0.05
10037,3_0_0_0,5,2.0,0.05
10038,2_4_0_1,4,1.5,0.05
10039,2_5_1_0,1,2.0,0.05
10040,3_2_0_1,4,1.5,0.05
10041,1_1_1_1,0,9.0,0.05
10042,3_2_0_0,3,2.0,0.05
10043,1_6_0_0,2,2.0,0.05
10044,1_6_1_0,1,6.0,0.05
10045,2_5_0_0,5,2.0,0.05
10046,3_4_0_0,5,2.0,0.05
10047,3_5_0_1,0,1.5,0.05
10048,2_6_1_1,1,9.0,0.05
10049,3_6_1_0,1,6.0,0.05
10050,2_6_1_1,1,9.0,0.05
10051,3_1_0_1,0,1.5,0.05
10052,3_5_1_0,0,3.0,0.05
10053,3_5_1_1,0,9.0,0.05
10054,2_3_0_1,3,1.0,0.05
10055,1_6_1_0,1,6.0,0.05
10056,3_4_0_0,5,2.0,0.05
10057,3_7_0_0,2,2.0,0.05
10058,3_3_0_1,1,3.0,0.05
10059,1_7_1_0,1,6.0,0.05
10060,1_2_0_1,3,1.0,0.05
10061,1_7_0_0,2,2.0,0.05
10062,1_1_1_0,5,3.0,0.05
10063,2_4_1_0,1,2.0,0.05
10064,1_0_0_0,3,2.0,0.05
10065,3_2_0_1,4,1.5,0.05
10066,3_0_0_1,3,1.0,0.05
10067,3_3_1_0,0,3.0,0.05
10068,2_7_1_1,0,9.0,0.05
10069,3_4_1_1,0,5.0,0.05
10070,3_2_0_0,3,2.0,0.05
10071,1_5_1_0,1,2.0,0.05
10072,3_5_1_0,0,3.0,0.05
10073,1_0_1_0,5,3.0,0.05
10074,2_5_0_1,4,1.5,0.05
10075,3_0_0_0,5,2.0,0.05
10076,2_7_0_1,1,3.0,0.05
10077,2_2_1_0,3,-14.0,0.05
10078,3_3_0_0,5,2.0,0.05
10079,3_0_1_0,4,1.0,0.05
10080,2_6_0_1,4,1.5,0.05
10081,1_0_1_1,4,7.0,0.05
10082,3_7_0_0,2,2.0,0.05
10083,2_3_0_1,3,1.0,0.05
10084,2_3_1_1,0,9.0,0.05
10085,2_4_1_0,1,2.0,0.05
10086,2_2_1_1,4,7.0,0.05
10087,3_3_1_0,0,3.0,0.05
10088,1_4_1_0,5,3.0,0.05
10089,3_2_0_0,3,2.0,0.05
10090,2_6_0_0,1,0.0,0.05
10091,2_5_0_0,5,2.0,0.05
10092,2_6_0_0,1,0.0,0.05
10093,3_1_1_0,0,3.0,0.05
10094,2_7_0_1,1,3.0,0.05
10095,2_4_0_0,3,2.0,0.05
10096,3_1_1_0,0,3.0,0.05
10097,2_1_1_1,0,9.0,0.05
10098,3_6_1_1,4,7.0,0.05
10099,1_4_1_0,5,3.0,0.05
10100,1_6_0_1,1,3.0,0.05
10101,1_7_0_0,2,2.0,0.05
10102,2_6_1_0,1,6.0,0.05
10103,3_4_1_0,5,3.0,0.05
10104,2_6_1_0,1,6.0,0.05
10105,3_3_1_0,0,3.0,0.05
10106,3_0_0_1,3,1.0,0.05
10107,2_6_1_0,1,6.0,0.05
10108,2_6_1_0,1,6.0,0.05
10109,2_3_1_1,0,9.0,0.05
10110,2_1_0_1,0,1.5,0.05
10111,3_1_0_0,3,2.0,0.05
10112,1_0_0_0,3,2.0,0.05
10113,3_1_1_1,0,9.0,0.05
10114,2_2_0_0,3,2.0,0.05
10115,3_6_0_1,1,3.0,0.05
10116,2_4_0_0,3,2.0,0.05
10117,2_6_0_1,4,1.5,0.05
10118,3_3_0_1,0,1.5,0.05
10119,1_4_1_0,5,3.0,0.05
10120,1_0_0_1,3,1.0,0.05
10121,1_5_1_0,1,2.0,0.05
10122,3_4_1_0,5,3.0,0.05
10123,2_0_0_0,5,2.0,0.05
10124,2_3_0_1,3,1.0,0.05
10125,1_7_0_0,2,2.0,0.05
10126,3_4_0_0,5,2.0,0.05
10127,1_0_0_1,3,1.0,0.05
10128,2_1_1_0,5,3.0,0.05
10129,1_4_0_1,3,1.0,0.05
10130,1_7_0_1,1,3.0,0.05
10131,1_6_0_0,2,2.0,0.05
10132,2_3_0_0,3,2.0,0.05
10133,3_5_0_1,0,1.5,0.05
10134,3_2_0_1,4,1.5,0.05
10135,3_3_1_0,0,3.0,0.05
10136,3_6_0_0,5,2.0,0.05
10137,2_2_0_1,4,1.5,0.05
10138,1_1_0_1,0,1.5,0.05
10139,1_2_0_1,3,1.0,0.05
10140,2_1_1_1,4,7.0,0.05
10141,3_4_0_1,4,1.5,0.05
10142,2_7_1_1,0,9.0,0.05
10143,3_0_0_1,3,1.0,0.05
10144,1_5_1_0,1,2.0,0.05
10145,1_4_1_0,5,3.0,0.05
10146,1_3_1_1,4,7.0,0.05
10147,2_3_1_1,0,9.0,0.05
10148,1_7_1_0,1,6.0,0.05
10149,2_2_0_1,4,1.5,0.05
10150,1_7_0_1,1,3.0,0.05
10151,2_0_1_1,1,5.0,0.05
10152,1_7_1_0,1,6.0,0.05
10153,1_2_1_0,5,3.0,0.05
10154,2_5_0_1,4,1.5,0.05
10155,1_3_1_1,4,7.0,0.05
10156,2_2_1_0,1,6.0,0.05
10157,3_5_0_1,0,1.5,0.05
10158,3_0_0_0,5,2.0,0.05
10159,1_1_0_0,3,2.0,0.05
10160,3_3_0_0,5,2.0,0.05
10161,3_5_1_0,0,3.0,0.05
10162,1_0_0_0,3,2.0,0.05
10163,2_5_0_0,5,2.0,0.05
10164,2_6_0_1,4,1.5,0.05
10165,2_3_1_1,0,9.0,0.05
10166,2_4_0_0,3,2.0,0.05
10167,2_1_1_0,5,3.0,0.05
10168,1_5_1_0,1,2.0,0.05
10169,2_0_1_1,1,5.0,0.05
10170,2_0_1_1,1,5.0,0.05
10171,1_1_1_1,0,9.0,0.05
10172,3_7_0_0,5,2.0,0.05
10173,1_6_1_0,1,6.0,0.05
10174,2_4_1_1,0,5.0,0.05
10175,2_3_0_1,3,1.0,0.05
10176,2_1_1_0,5,3.0,0.05
10177,2_6_0_0,1,0.0,0.05
10178,3_5_0_1,0,1.5,0.05
10179,1_5_0_1,0,1.5,0.05
10180,3_1_0_0,3,2.0,0.05
10181,2_6_1_1,1,9.0,0.05
10182,1_2_0_0,3,2.0,0.05
10183,2_7_0_1,1,3.0,0.05
10184,3_4_1_1,0,5.0,0.05
10185,2_7_0_0,3,2.0,0.05
10186,2_4_0_1,4,1.5,0.05
10187,3_3_1_1,1,9.0,0.05
10188,2_5_0_1,4,1.5,0.05
10189,3_2_0_1,4,1.5,0.05
10190,1_2_0_1,3,1.0,0.05
10191,2_3_1_1,3,-15.0,0.05
10192,2_1_1_0,5,3.0,0.05
10193,1_5_0_0,3,2.0,0.05
10194,3_3_0_0,2,-2.0,0.05
10195,1_7_1_0,1,6.0,0.05
10196,1_2_1_1,4,7.0,0.05
10197,2_0_0_0,5,2.0,0.05
10198,1_3_0_1,1,3.0,0.05
10199,1_7_0_1,1,3.0,0.05
10200,2_1_0_0,5,2.0,0.05
10201,1_0_1_1,4,7.0,0.05
10202,3_7_1_1,4,7.0,0.05
10203,2_4_1_1,0,5.0,0.05
10204,1_4_0_1,3,1.0,0.05
10205,3_1_1_0,0,3.0,0.05
10206,2_1_0_0,5,2.0,0.05
10207,1_5_0_1,0,1.5,0.05
10208,3_4_1_1,0,5.0,0.05
10209,3_5_1_1,0,9.0,0.05
10210,1_7_0_1,1,3.0,0.05
10211,1_6_0_1,1,3.0,0.05
10212,2_3_0_0,3,2.0,0.05
10213,3_6_1_1,4,7.0,0.05
10214,3_1_0_1,0,1.5,0.05
10215,3_3_1_1,1,9.0,0.05
10216,1_7_0_1,1,3.0,0.05
10217,1_0_0_0,3,2.0,0.05
10218,2_1_0_1,0,1.5,0.05
10219,3_1_1_1,0,9.0,0.05
10220,2_7_1_1,0,9.0,0.05
10221,2_4_1_0,1,2.0,0.05
10222,3_3_1_1,1,9.0,0.05
10223,3_4_0_1,4,1.5,0.05
10224,2_7_1_1,0,9.0,0.05
10225,2_5_0_0,5,2.0,0.05
10226,2_6_1_0,1,6.0,0.05
10227,1_1_0_0,1,-4.0,0.05
10228,1_1_0_0,3,2.0,0.05
10229,2_3_1_0,1,6.0,0.05
10230,1_6_1_1,4,7.0,0.05
10231,3_4_0_1,4,1.5,0.05
10232,2_4_1_1,0,5.0,0.05
10233,2_5_0_0,5,2.0,0.05
10234,2_2_1_1,4,7.0,0.05
10235,3_1_0_0,3,2.0,0.05
10236,1_2_0_1,3,1.0,0.05
10237,1_2_0_0,3,2.0,0.05
10238,2_3_1_0,1,6.0,0.05
10239,1_1_0_0,3,2.0,0.05
10240,2_1_0_0,5,2.0,0.05
10241,1_5_0_0,3,2.0,0.05
10242,1_0_1_0,5,3.0,0.05
10243,2_7_1_1,0,9.0,0.05
10244,1_1_1_0,5,3.0,0.05
10245,1_5_0_1,0,1.5,0.05
10246,2_2_1_0,1,6.0,0.05
10247,3_5_1_1,0,9.0,0.05
10248,3_5_0_0,3,2.0,0.05
10249,3_5_1_0,0,3.0,0.05
10250,2_0_0_1,4,1.5,0.05
10251,1_4_0_1,3,1.0,0.05
10252,3_3_0_0,5,2.0,0.05
10253,2_4_0_1,4,1.5,0.05
10254,1_6_1_1,4,7.0,0.05
10255,2_3_0_1,3,1.0,0.05
10256,3_4_1_1,0,5.0,0.05
10257,3_4_1_0,5,3.0,0.05
10258,3_7_0_1,3,1.0,0.05
10259,3_1_1_0,0,3.0,0.05
10260,2_2_0_1,4,1.5,0.05
10261,2_3_0_1,3,1.0,0.05
10262,3_3_0_1,1,3.0,0.05
10263,1_6_0_0,2,2.0,0.05
10264,3_5_0_0,3,2.0,0.05
10265,1_4_1_0,5,3.0,0.05
10266,1_1_1_1,0,9.0,0.05
10267,1_5_0_0,3,2.0,0.05
10268,3_3_0_0,5,2.0,0.05
10269,3_4_0_1,4,1.5,0.05
10270,1_4_0_1,3,1.0,0.05
10271,2_1_0_0,5,2.0,0.05
10272,2_6_1_1,1,9.0,0.05
10273,1_0_1_1,4,7.0,0.05
10274,2_5_0_1,4,1.5,0.05
10275,2_0_0_1,4,1.5,0.05
10276,2_1_0_1,0,1.5,0.05
10277,3_0_0_1,3,1.0,0.05
10278,2_5_0_0,5,2.0,0.05
10279,2_7_1_1,0,9.0,0.05
10280,3_6_1_0,1,6.0,0.05
10281,2_1_1_0,5,3.0,0.05
10282,2_3_0_1,3,1.0,0.05
10283,1_0_1_1,4,7.0,0.05
10284,3_6_1_1,4,7.0,0.05
10285,2_6_1_0,1,6.0,0.05
10286,1_7_0_0,2,2.0,0.05
10287,3_5_1_0,0,3.0,0.05
10288,3_1_0_0,3,2.0,0.05
10289,1_3_0_1,1,3.0,0.05
10290,3_4_0_0,5,2.0,0.05
10291,2_5_1_0,1,2.0,0.05
10292,1_6_0_1,1,3.0,0.05
10293,3_5_0_0,3,2.0,0.05
10294,2_3_0_0,3,2.0,0.05
10295,1_0_0_1,3,1.0,0.05
10296,3_2_0_1,4,1.5,0.05
10297,2_6_0_1,4,1.5,0.05
10298,1_3_0_1,1,3.0,0.05
10299,3_5_1_0,0,3.0,0.05
10300,3_7_1_1,2,-5.0,0.05
10301,1_7_0_0,2,2.0,0.05
10302,3_0_1_0,4,1.0,0.05
10303,3_1_0_1,0,1.5,0.05
10304,1_4_1_1,4,7.0,0.05
10305,2_0_1_1,1,5.0,0.05
10306,1_5_1_1,0,9.0,0.05
10307,1_6_0_1,1,3.0,0.05
10308,3_4_0_0,5,2.0,0.05
10309,1_2_1_0,1,6.0,0.05
10310,3_7_0_0,2,2.0,0.05
10311,3_7_1_0,1,6.0,0.05
10312,3_5_0_0,3,2.0,0.05
10313,1_2_1_1,4,7.0,0.05
10314,2_4_0_1,4,1.5,0.05
10315,1_3_1_0,1,6.0,0.05
10316,1_1_1_0,5,3.0,0.05
10317,2_7_0_0,3,2.0,0.05
10318,1_3_0_1,1,3.0,0.05
10319,3_5_0_1,0,1.5,0.05
10320,1_7_1_1,0,9.0,0.05
10321,3_3_0_1,1,3.0,0.05
10322,2_7_1_0,1,6.0,0.05
10323,2_3_1_1,0,9.0,0.05
10324,2_7_1_0,1,6.0,0.05
10325,2_2_0_1,4,1.5,0.05
10326,1_5_1_1,0,9.0,0.05
10327,2_0_0_1,3,1.0,0.05
10328,2_4_1_1,0,5.0,0.05
10329,3_3_1_0,0,3.0,0.05
10330,2_2_1_1,4,7.0,0.05
10331,2_4_0_1,4,1.5,0.05
10332,1_3_1_1,4,7.0,0.05
10333,1_0_1_0,5,3.0,0.05
10334,2_7_0_0,3,2.0,0.05
10335,2_5_1_1,0,9.0,0.05
10336,3_7_1_0,1,6.0,0.05
10337,2_6_0_1,4,1.5,0.05
10338,2_5_1_0,1,2.0,0.05
10339,2_3_0_1,3,1.0,0.05
10340,3_1_0_0,3,2.0,0.05
10341,1_7_0_1,1,3.0,0.05
10342,1_1_1_0,5,3.0,0.05
10343,3_0_0_0,5,2.0,0.05
10344,3_6_1_0,1,6.0,0.05
10345,3_0_1_0,4,1.0,0.05
10346,3_4_0_0,5,2.0,0.05
10347,2_2_0_0,3,2.0,0.05
10348,1_0_0_1,3,1.0,0.05
10349,2_5_0_0,1,-4.0,0.05
10350,1_4_1_1,4,7.0,0.05
10351,3_1_1_0,0,3.0,0.05
10352,2_5_1_1,0,9.0,0.05
10353,3_1_0_1,0,1.5,0.05
10354,3_2_0_0,3,2.0,0.05
10355,3_7_1_0,1,6.0,0.05
10356,1_5_1_0,1,2.0,0.05
10357,2_5_0_1,4,1.5,0.05
10358,2_3_0_1,3,1.0,0.05
10359,1_6_1_1,4,7.0,0.05
10360,1_5_1_1,0,9.0,0.05
10361,2_5_0_0,1,-4.0,0.05
10362,2_0_1_0,5,3.0,0.05
10363,3_0_0_1,3,1.0,0.05
10364,1_4_0_0,3,2.0,0.05
10365,3_3_0_0,5,2.0,0.05
10366,3_7_1_0,1,6.0,0.05
10367,1_3_1_1,4,7.0,0.05
10368,1_2_0_1,3,1.0,0.05
10369,2_2_0_0,3,2.0,0.05
10370,2_7_0_0,3,2.0,0.05
10371,2_6_1_0,1,6.0,0.05
10372,2_3_0_0,3,2.0,0.05
10373,1_0_0_1,3,1.0,0.05
10374,3_2_1_1,1,9.0,0.05
10375,3_2_1_0,1,6.0,0.05
10376,3_1_0_1,0,1.5,0.05
10377,1_7_1_0,1,6.0,0.05
10378,1_7_1_1,0,9.0,0.05
10379,3_2_1_0,1,6.0,0.05
10380,3_4_0_0,5,2.0,0.05
10381,3_4_0_1,4,1.5,0.05
10382,3_1_0_0,3,2.0,0.05
10383,1_3_1_0,1,6.0,0.05
10384,2_5_0_1,4,1.5,0.05
10385,3_6_0_1,1,3.0,0.05
10386,1_6_1_1,4,7.0,0.05
10387,3_3_0_1,1,3.0,0.05
10388,3_4_1_0,5,3.0,0.05
10389,3_1_1_1,1,5.0,0.05
10390,1_4_0_1,3,1.0,0.05
10391,1_6_0_0,2,2.0,0.05
10392,3_3_0_1,1,3.0,0.05
10393,1_6_0_1,1,3.0,0.05
10394,1_2_1_0,1,6.0,0.05
10395,1_6_0_1,1,3.0,0.05
10396,3_6_1_1,4,7.0,0.05
10397,1_0_0_1,3,1.0,0.05
10398,1_0_1_0,5,3.0,0.05
10399,2_1_1_1,4,7.0,0.05
10400,1_1_0_1,0,1.5,0.05
10401,2_5_1_0,1,2.0,0.05
10402,3_2_0_1,4,1.5,0.05
10403,1_0_0_1,3,1.0,0.05
10404,2_3_0_1,3,1.0,0.05
10405,2_7_1_0,1,6.0,0.05
10406,1_3_1_0,1,6.0,0.05
10407,1_3_0_0,5,2.0,0.05
10408,3_3_1_0,0,3.0,0.05
10409,3_5_1_0,0,3.0,0.05
10410,3_6_1_0,1,6.0,0.05
10411,1_7_0_1,1,3.0,0.05
10412,1_3_0_1,1,3.0,0.05
10413,2_3_1_0,1,6.0,0.05
10414,2_4_1_0,1,2.0,0.05
10415,1_6_1_0,1,6.0,0.05
10416,1_0_0_0,3,2.0,0.05
10417,3_6_1_0,1,6.0,0.05
10418,3_0_0_1,3,1.0,0.05
10419,2_2_0_1,4,1.5,0.05
10420,2_6_0_1,4,1.5,0.05
10421,2_3_0_1,3,1.0,0.05
10422,1_3_1_0,1,6.0,0.05
10423,2_2_0_0,3,2.0,0.05
10424,3_0_1_0,4,1.0,0.05
10425,2_6_1_1,1,9.0,0.05
10426,3_3_1_0,0,3.0,0.05
10427,3_0_0_1,3,1.0,0.05
10428,2_2_1_1,4,7.0,0.05
10429,3_0_0_0,5,2.0,0.05
10430,1_2_0_1,3,1.0,0.05
10431,3_0_0_1,3,1.0,0.05
10432,1_4_0_1,3,1.0,0.05
10433,1_3_0_0,5,2.0,0.05
10434,2_4_1_1,0,5.0,0.05
10435,1_4_1_1,4,7.0,0.05
10436,3_6_1_0,1,6.0,0.05
10437,3_4_0_1,4,1.5,0.05
10438,1_1_1_0,5,3.0,0.05
10439,2_2_1_1,4,7.0,0.05
10440,1_7_1_0,1,6.0,0.05
10441,2_5_0_1,4,1.5,0.05
10442,1_5_1_1,0,9.0,0.05
10443,1_0_0_0,3,2.0,0.05
10444,1_7_0_1,1,3.0,0.05
10445,1_3_0_0,5,2.0,0.05
10446,2_1_1_1,4,7.0,0.05
10447,1_2_1_0,1,6.0,0.05
10448,3_5_0_0,3,2.0,0.05
10449,3_6_1_0,1,6.0,0.05
10450,1_0_1_0,5,3.0,0.05
10451,3_6_0_0,5,2.0,0.05
10452,1_1_0_0,3,2.0,0.05
10453,1_4_0_1,3,1.0,0.05
10454,2_0_0_0,5,2.0,0.05
10455,2_6_0_1,4,1.5,0.05
10456,1_5_1_1,0,9.0,0.05
10457,3_5_0_0,3,2.0,0.05
10458,1_6_0_1,1,3.0,0.05
10459,1_1_0_1,0,1.5,0.05
10460,3_6_1_0,1,6.0,0.05
10461,1_1_0_1,0,1.5,0.05
10462,2_3_1_1,0,9.0,0.05
10463,3_1_1_0,0,3.0,0.05
10464,2_7_0_1,1,3.0,0.05
10465,3_2_0_0,3,2.0,0.05
10466,1_4_0_0,3,2.0,0.05
10467,3_6_0_1,1,3.0,0.05
10468,2_2_1_1,4,7.0,0.05
10469,3_4_1_0,5,3.0,0.05
10470,2_4_1_1,0,5.0,0.05
10471,2_4_0_1,4,1.5,0.05
10472,3_4_0_0,5,2.0,0.05
10473,2_2_1_0,1,6.0,0.05
10474,1_1_0_0,3,2.0,0.05
10475,2_2_1_0,1,6.0,0.05
10476,1_7_1_0,1,6.0,0.05
10477,2_2_0_1,4,1.5,0.05
10478,2_0_0_0,5,2.0,0.05
10479,3_5_1_1,0,9.0,0.05
10480,3_4_1_0,5,3.0,0.05
10481,1_1_1_0,5,3.0,0.05
10482,2_5_0_0,5,2.0,0.05
10483,1_0_1_0,5,3.0,0.05
10484,2_0_1_0,5,3.0,0.05
10485,3_3_0_1,1,3.0,0.05
10486,1_2_0_1,3,1.0,0.05
10487,2_4_1_0,1,2.0,0.05
10488,1_1_0_0,3,2.0,0.05
10489,3_2_0_1,5,0.0,0.05
10490,2_2_0_1,4,1.5,0.05
10491,2_7_1_0,1,6.0,0.05
10492,2_2_0_1,4,1.5,0.05
10493,3_2_0_1,4,1.5,0.05
10494,1_0_0_1,3,1.0,0.05
10495,2_2_1_1,4,7.0,0.05
10496,3_0_1_0,4,1.0,0.05
10497,2_6_1_0,1,6.0,0.05
10498,3_1_0_0,3,2.0,0.05
10499,3_6_1_1,4,7.0,0.05
10500,2_2_1_1,4,7.0,0.05
10501,1_4_1_0,5,3.0,0.05
10502,3_3_1_0,0,3.0,0.05
10503,3_1_0_1,1,-1.0,0.05
10504,2_6_1_1,2,-5.0,0.05
10505,1_6_1_0,1,6.0,0.05
10506,2_3_0_0,3,2.0,0.05
10507,1_7_0_0,2,2.0,0.05
10508,1_3_0_0,5,2.0,0.05
10509,2_1_1_1,4,7.0,0.05
10510,2_4_1_0,1,2.0,0.05
10511,1_2_0_1,3,1.0,0.05
10512,1_6_1_1,4,7.0,0.05
10513,1_2_1_1,4,7.0,0.05
10514,3_7_1_1,4,7.0,0.05
10515,3_0_1_1,0,5.0,0.05
10516,1_3_1_0,1,6.0,0.05
10517,1_1_0_0,3,2.0,0.05
10518,2_4_0_1,4,1.5,0.05
10519,2_3_0_0,3,2.0,0.05
10520,2_2_0_1,4,1.5,0.05
10521,3_3_0_0,5,2.0,0.05
10522,1_7_0_0,5,2.0,0.05
10523,3_6_1_1,4,7.0,0.05
10524,3_2_0_1,4,1.5,0.05
10525,1_2_1_0,1,6.0,0.05
10526,1_1_1_0,5,3.0,0.05
10527,1_5_1_1,0,9.0,0.05
10528,2_2_1_1,4,7.0,0.05
10529,1_6_0_0,2,2.0,0.05
10530,2_1_1_0,5,3.0,0.05
10531,1_1_1_1,0,9.0,0.05
10532,2_0_0_1,4,1.5,0.05
10533,3_7_1_0,1,6.0,0.05
10534,1_5_0_0,3,2.0,0.05
10535,2_7_0_1,1,3.0,0.05
10536,1_1_1_1,0,9.0,0.05
10537,1_0_1_1,4,7.0,0.05
10538,3_3_0_1,1,3.0,0.05
10539,3_7_1_0,5,3.0,0.05
10540,2_2_0_1,4,1.5,0.05
10541,1_7_0_0,2,2.0,0.05
10542,1_1_1_0,5,3.0,0.05
10543,1_2_1_1,4,7.0,0.05
10544,2_6_0_1,4,1.5,0.05
10545,1_1_0_1,0,1.5,0.05
10546,3_5_1_1,0,9.0,0.05
10547,3_0_1_0,4,1.0,0.05
10548,3_1_0_1,0,1.5,0.05
10549,3_5_0_1,0,1.5,0.05
10550,2_4_1_1,0,5.0,0.05
10551,2_0_1_0,5,3.0,0.05
10552,1_0_1_0,5,3.0,0.05
10553,3_6_1_0,1,6.0,0.05
10554,1_0_0_0,3,2.0,0.05
10555,3_3_0_1,1,3.0,0.05
10556,1_6_0_1,1,3.0,0.05
10557,1_5_0_0,3,2.0,0.05
10558,3_4_0_0,5,2.0,0.05
10559,1_3_1_1,4,7.0,0.05
10560,3_0_0_0,5,2.0,0.05
10561,3_5_1_1,0,9.0,0.05
10562,3_2_1_1,4,7.0,0.05
10563,1_4_0_0,3,2.0,0.05
10564,3_1_0_0,3,2.0,0.05
10565,1_7_1_1,0,9.0,0.05
10566,2_4_0_0,3,2.0,0.05
10567,1_6_1_1,4,7.0,0.05
10568,1_6_1_1,4,7.0,0.05
10569,3_1_1_0,0,3.0,0.05
10570,1_3_0_1,1,3.0,0.05
10571,2_2_0_0,3,2.0,0.05
10572,3_1_1_1,0,9.0,0.05
10573,2_3_1_1,0,9.0,0.05
10574,1_7_0_1,1,3.0,0.05
10575,3_6_1_1,4,7.0,0.05
10576,1_4_0_1,3,1.0,0.05
10577,3_0_1_0,4,1.0,0.05
10578,3_7_0_1,3,1.0,0.05
10579,3_7_1_1,4,7.0,0.05
10580,3_2_1_0,1,6.0,0.05
10581,1_6_0_1,1,3.0,0.05
10582,2_4_0_1,4,1.5,0.05
10583,1_1_0_1,0,1.5,0.05
10584,3_3_0_1,1,3.0,0.05
10585,2_3_0_1,3,1.0,0.05
10586,3_4_1_0,5,3.0,0.05
10587,3_4_1_0,5,3.0,0.05
10588,2_7_1_0,1,6.0,0.05
10589,1_0_1_0,5,3.0,0.05
10590,1_3_0_0,5,2.0,0.05
10591,1_3_0_1,1,3.0,0.05
10592,2_2_1_0,1,6.0,0.05
10593,3_2_1_0,1,6.0,0.05
10594,1_3_1_1,4,7.0,0.05
10595,1_2_0_0,3,2.0,0.05
10596,1_1_1_1,0,9.0,0.05
10597,2_7_1_1,0,9.0,0.05
10598,1_1_0_0,3,2.0,0.05
10599,1_1_0_1,0,1.5,0.05
10600,1_1_1_1,0,9.0,0.05
10601,3_5_1_0,0,3.0,0.05
10602,1_7_1_0,1,6.0,0.05
10603,1_0_0_1,3,1.0,0.05
10604,3_6_1_1,4,7.0,0.05
10605,3_2_0_0,3,2.0,0.05
10606,2_2_1_1,4,7.0,0.05
10607,2_0_0_0,5,2.0,0.05
10608,2_1_1_0,5,3.0,0.05
10609,1_2_1_1,4,7.0,0.05
10610,3_2_0_1,4,1.5,0.05
10611,3_4_1_1,0,5.0,0.05
10612,2_7_1_0,1,6.0,0.05
10613,3_3_1_1,1,9.0,0.05
10614,3_2_0_0,3,2.0,0.05
10615,3_3_0_0,5,2.0,0.05
10616,3_4_0_0,5,2.0,0.05
10617,2_1_1_0,5,3.0,0.05
10618,2_7_0_0,3,2.0,0.05
10619,1_4_0_0,3,2.0,0.05
10620,3_5_0_0,3,2.0,0.05
10621,1_5_1_0,1,2.0,0.05
10622,1_3_0_0,5,2.0,0.05
10623,2_3_0_0,3,2.0,0.05
10624,2_6_1_1,1,9.0,0.05
10625,1_3_0_1,1,3.0,0.05
10626,2_3_0_0,3,2.0,0.05
10627,3_4_1_0,5,3.0,0.05
10628,1_3_0_0,5,2.0,0.05
10629,1_1_1_1,0,9.0,0.05
10630,1_0_0_0,3,2.0,0.05
10631,3_0_0_0,5,2.0,0.05
10632,1_1_0_1,0,1.5,0.05
10633,2_4_0_1,4,1.5,0.05
10634,1_0_0_0,3,2.0,0.05
10635,2_3_1_0,1,6.0,0.05
10636,1_5_0_0,3,2.0,0.05
10637,1_4_1_1,4,7.0,0.05
10638,1_0_0_0,3,2.0,0.05
10639,1_2_1_1,4,7.0,0.05
10640,3_7_1_1,4,7.0,0.05
10641,2_0_1_0,5,3.0,0.05
10642,2_3_1_0,1,6.0,0.05
10643,1_2_0_0,1,0.0,0.05
10644,1_4_1_0,5,3.0,0.05
10645,1_2_0_0,3,2.0,0.05
10646,1_5_1_1,0,9.0,0.05
10647,1_7_0_1,1,3.0,0.05
10648,2_4_1_0,1,2.0,0.05
10649,3_1_0_1,0,1.5,0.05
10650,1_7_1_1,0,9.0,0.05
10651,3_7_1_0,1,6.0,0.05
10652,3_4_0_1,4,1.5,0.05
10653,1_2_1_1,4,7.0,0.05
10654,1_5_1_0,1,2.0,0.05
10655,3_6_1_0,1,6.0,0.05
10656,1_7_0_1,1,3.0,0.05
10657,2_7_1_1,0,9.0,0.05
10658,3_1_1_0,0,3.0,0.05
10659,2_1_1_0,5,3.0,0.05
10660,1_5_1_1,0,9.0,0.05
10661,1_3_0_1,1,3.0,0.05
10662,2_0_1_0,5,3.0,0.05
10663,3_3_1_0,0,3.0,0.05
10664,1_4_1_1,4,7.0,0.05
10665,1_3_1_0,1,6.0,0.05
10666,3_1_0_1,0,1.5,0.05
10667,1_1_0_0,3,2.0,0.05
10668,1_2_0_0,3,2.0,0.05
10669,3_5_0_0,3,2.0,0.05
10670,1_4_1_0,5,3.0,0.05
10671,3_0_1_1,0,5.0,0.05
10672,1_0_0_0,3,2.0,0.05
10673,2_3_1_0,1,6.0,0.05
10674,3_7_1_1,5,1.0,0.05
10675,3_5_0_0,3,2.0,0.05
10676,3_5_0_1,0,1.5,0.05
10677,2_1_0_1,0,1.5,0.05
10678,2_1_1_0,5,3.0,0.05
10679,2_4_1_0,1,2.0,0.05
10680,1_6_0_0,2,2.0,0.05
10681,3_1_1_1,0,9.0,0.05
10682,1_2_0_1,3,1.0,0.05
10683,1_0_0_1,3,1.0,0.05
10684,3_7_1_1,4,7.0,0.05
10685,1_0_0_0,3,2.0,0.05
10686,1_3_1_0,1,6.0,0.05
10687,1_4_0_1,3,1.0,0.05
10688,3_6_0_0,5,2.0,0.05
10689,3_7_0_1,3,1.0,0.05
10690,2_6_0_0,1,0.0,0.05
10691,3_3_0_1,1,3.0,0.05
10692,2_3_1_1,0,9.0,0.05
10693,2_5_0_0,5,2.0,0.05
10694,2_2_0_1,4,1.5,0.05
10695,3_6_0_0,5,2.0,0.05
10696,3_2_1_1,1,9.0,0.05
10697,2_6_0_1,4,1.5,0.05
10698,2_6_1_1,1,9.0,0.05
10699,1_6_1_1,4,7.0,0.05
10700,1_5_1_1,0,9.0,0.05
10701,3_5_1_0,0,3.0,0.05
10702,2_2_0_1,4,1.5,0.05
10703,2_1_0_0,5,2.0,0.05
10704,1_0_0_0,3,2.0,0.05
10705,3_0_0_0,5,2.0,0.05
10706,3_5_1_1,0,9.0,0.05
10707,3_7_1_1,4,7.0,0.05
10708,1_5_0_0,3,2.0,0.05
10709,2_4_0_0,3,2.0,0.05
10710,2_7_1_0,1,6.0,0.05
10711,3_7_1_1,4,7.0,0.05
10712,2_2_0_1,4,1.5,0.05
10713,3_0_1_1,0,5.0,0.05
10714,2_7_1_1,4,7.0,0.05
10715,1_7_0_0,2,2.0,0.05
10716,2_0_0_1,4,1.5,0.05
10717,3_1_0_1,0,1.5,0.05
10718,3_3_1_0,2,-7.0,0.05
10719,3_5_0_1,0,1.5,0.05
10720,3_4_0_0,5,2.0,0.05
10721,2_4_1_0,1,2.0,0.05
10722,3_6_1_1,4,7.0,0.05
10723,3_3_1_0,0,3.0,0.05
10724,3_1_0_0,3,2.0,0.05
10725,2_7_1_0,1,6.0,0.05
10726,3_4_0_0,5,2.0,0.05
10727,1_2_0_0,3,2.0,0.05
10728,3_4_0_1,4,1.5,0.05
10729,1_6_0_0,2,2.0,0.05
10730,3_3_1_0,0,3.0,0.05
10731,3_4_0_0,5,2.0,0.05
10732,2_4_0_1,2,0.0,0.05
10733,1_0_0_1,3,1.0,0.05
10734,1_3_0_1,1,3.0,0.05
10735,1_4_1_1,4,7.0,0.05
10736,3_7_0_0,2,2.0,0.05
10737,1_0_1_0,5,3.0,0.05
10738,2_4_0_1,4,1.5,0.05
10739,2_1_1_0,5,3.0,0.05
10740,2_3_0_1,3,1.0,0.05
10741,2_3_1_1,0,9.0,0.05
10742,2_2_1_1,4,7.0,0.05
10743,3_3_1_0,0,3.0,0.05
10744,1_4_0_0,3,2.0,0.05
10745,2_3_1_0,1,6.0,0.05
10746,2_3_1_0,1,6.0,0.05
10747,3_7_1_1,5,1.0,0.05
10748,2_0_0_1,4,1.5,0.05
10749,3_6_0_1,4,1.5,0.05
10750,3_2_1_0,1,6.0,0.05
10751,1_5_0_1,0,1.5,0.05
10752,2_5_1_0,1,2.0,0.05
10753,3_4_0_1,4,1.5,0.05
10754,2_2_0_0,3,2.0,0.05
10755,3_2_1_0,1,6.0,0.05
10756,2_3_1_0,2,-7.0,0.05
10757,3_1_1_0,0,3.0,0.05
10758,2_6_0_1,4,1.5,0.05
10759,3_7_0_0,4,-4.5,0.05
10760,2_3_0_0,3,2.0,0.05
10761,3_4_1_1,0,5.0,0.05
10762,3_4_0_0,5,2.0,0.05
10763,1_7_0_0,2,2.0,0.05
10764,2_5_1_1,0,9.0,0.05
10765,2_0_1_1,1,5.0,0.05
10766,3_7_0_1,3,1.0,0.05
10767,2_7_0_0,3,2.0,0.05
10768,2_7_0_1,1,3.0,0.05
10769,1_3_0_1,1,3.0,0.05
10770,2_7_1_1,0,9.0,0.05
10771,1_1_1_1,0,9.0,0.05
10772,2_6_1_1,1,9.0,0.05
10773,2_3_0_1,3,1.0,0.05
10774,1_4_1_1,4,7.0,0.05
10775,3_1_0_1,0,1.5,0.05
10776,3_0_0_0,5,2.0,0.05
10777,2_3_1_0,1,6.0,0.05
10778,1_5_0_1,0,1.5,0.05
10779,3_4_0_1,0,-2.5,0.05
10780,3_1_0_1,0,1.5,0.05
10781,3_7_1_0,0,3.0,0.05
10782,3_7_0_1,3,1.0,0.05
10783,3_7_1_0,2,-3.0,0.05
10784,3_1_1_0,0,3.0,0.05
10785,2_7_0_1,1,3.0,0.05
10786,3_7_1_1,4,7.0,0.05
10787,1_6_0_0,2,2.0,0.05
10788,2_0_1_0,5,3.0,0.05
10789,3_3_1_1,1,9.0,0.05
10790,2_7_0_1,1,3.0,0.05
10791,2_4_1_1,0,5.0,0.05
10792,1_6_0_0,2,2.0,0.05
10793,2_1_1_0,2,-7.0,0.05
10794,3_7_1_0,1,6.0,0.05
10795,1_0_1_0,5,3.0,0.05
10796,2_5_1_0,1,2.0,0.05
10797,1_5_0_1,0,1.5,0.05
10798,2_7_1_1,0,9.0,0.05
10799,3_1_1_0,0,3.0,0.05
10800,2_1_0_1,0,1.5,0.05
10801,1_0_0_1,3,1.0,0.05
10802,3_5_0_0,3,2.0,0.05
10803,3_1_1_1,0,9.0,0.05
10804,3_4_1_0,5,3.0,0.05
10805,3_7_0_0,2,2.0,0.05
10806,3_7_0_1,3,1.0,0.05
10807,2_2_1_0,1,6.0,0.05
10808,1_0_0_1,5,0.0,0.05
10809,1_7_0_1,1,3.0,0.05
10810,1_1_0_1,0,1.5,0.05
10811,3_1_1_1,0,9.0,0.05
10812,2_7_1_0,1,6.0,0.05
10813,1_7_0_1,1,3.0,0.05
10814,2_0_0_1,4,1.5,0.05
10815,2_3_0_1,3,1.0,0.05
10816,3_3_0_0,5,2.0,0.05
10817,2_4_1_0,1,2.0,0.05
10818,2_1_1_0,5,3.0,0.05
10819,1_7_1_0,1,6.0,0.05
10820,2_1_1_1,4,7.0,0.05
10821,3_3_1_0,0,3.0,0.05
10822,3_1_0_1,0,1.5,0.05
10823,1_7_0_1,1,3.0,0.05
10824,3_6_1_0,1,6.0,0.05
10825,3_4_0_1,4,1.5,0.05
10826,1_7_1_0,1,6.0,0.05
10827,2_0_1_1,1,5.0,0.05
10828,3_6_0_0,5,2.0,0.05
10829,3_5_0_1,0,1.5,0.05
10830,3_5_0_0,3,2.0,0.05
10831,3_6_1_1,4,7.0,0.05
10832,2_0_0_1,4,1.5,0.05
10833,3_6_0_1,1,3.0,0.05
10834,1_1_1_0,5,3.0,0.05
10835,3_2_1_0,1,6.0,0.05
10836,1_4_1_0,5,3.0,0.05
10837,3_3_1_1,1,9.0,0.05
10838,1_1_0_0,3,2.0,0.05
10839,1_3_1_0,1,6.0,0.05
10840,1_6_1_0,1,6.0,0.05
10841,3_3_1_1,1,9.0,0.05
10842,2_3_0_1,3,1.0,0.05
10843,1_0_1_1,4,7.0,0.05
10844,2_1_1_0,2,-7.0,0.05
10845,1_0_0_1,3,1.0,0.05
10846,3_7_1_1,4,7.0,0.05
10847,1_6_0_0,2,2.0,0.05
10848,1_4_0_1,3,1.0,0.05
10849,2_5_1_0,1,2.0,0.05
10850,2_2_0_1,4,1.5,0.05
10851,1_3_0_1,1,3.0,0.05
10852,1_5_1_1,0,9.0,0.05
10853,2_2_1_1,4,7.0,0.05
10854,3_4_0_1,4,1.5,0.05
10855,3_3_1_0,0,3.0,0.05
10856,3_4_1_1,0,5.0,0.05
10857,3_3_0_0,5,2.0,0.05
10858,1_5_0_0,3,2.0,0.05
10859,3_0_1_0,4,1.0,0.05
10860,3_0_0_0,3,2.0,0.05
10861,2_3_1_1,0,9.0,0.05
10862,1_6_0_1,1,3.0,0.05
10863,1_3_1_1,4,7.0,0.05
10864,2_0_1_0,5,3.0,0.05
10865,1_4_1_1,4,7.0,0.05
10866,1_0_0_0,3,2.0,0.05
10867,3_7_0_0,2,2.0,0.05
10868,1_1_0_1,0,1.5,0.05
10869,3_6_0_0,5,2.0,0.05
10870,3_7_1_0,1,6.0,0.05
10871,1_5_1_1,0,9.0,0.05
10872,2_2_1_0,1,6.0,0.05
10873,3_1_0_1,0,1.5,0.05
10874,2_0_1_1,1,5.0,0.05
10875,2_1_1_0,5,3.0,0.05
10876,3_7_0_1,3,1.0,0.05
10877,3_4_1_1,0,5.0,0.05
10878,1_7_0_1,1,3.0,0.05
10879,2_6_0_0,1,0.0,0.05
10880,3_3_1_1,1,9.0,0.05
10881,1_7_1_0,1,6.0,0.05
10882,3_0_0_1,3,1.0,0.05
10883,2_2_0_1,4,1.5,0.05
10884,2_1_0_0,5,2.0,0.05
10885,2_3_0_0,3,2.0,0.05
10886,1_7_1_1,0,9.0,0.05
10887,2_4_1_0,1,2.0,0.05
10888,1_3_0_0,5,2.0,0.05
10889,2_0_1_0,5,3.0,0.05
10890,1_0_1_1,4,7.0,0.05
10891,3_3_1_0,0,3.0,0.05
10892,2_6_1_1,1,9.0,0.05
10893,1_5_1_0,1,2.0,0.05
10894,1_2_0_0,3,2.0,0.05
10895,2_0_1_1,1,5.0,0.05
10896,1_5_0_1,0,1.5,0.05
10897,2_6_0_1,4,1.5,0.05
10898,1_2_1_1,4,7.0,0.05
10899,3_3_1_0,0,3.0,0.05
10900,1_2_1_1,4,7.0,0.05
10901,2_3_0_0,3,2.0,0.05
10902,3_7_0_0,2,2.0,0.05
10903,3_5_0_1,0,1.5,0.05
10904,2_3_0_0,3,2.0,0.05
10905,1_2_1_1,2,-9.0,0.05
10906,2_1_1_1,4,7.0,0.05
10907,2_0_1_0,5,3.0,0.05
10908,3_2_0_1,4,1.5,0.05
10909,3_1_0_1,0,1.5,0.05
10910,1_1_0_1,0,1.5,0.05
10911,1_3_0_1,5,0.0,0.05
10912,2_0_0_1,4,1.5,0.05
10913,3_3_1_0,0,3.0,0.05
10914,1_5_1_0,1,2.0,0.05
10915,2_1_0_1,0,1.5,0.05
10916,2_1_1_0,5,3.0,0.05
10917,3_1_0_0,3,2.0,0.05
10918,2_7_0_1,1,3.0,0.05
10919,2_3_1_1,0,9.0,0.05
10920,2_2_0_1,4,1.5,0.05
10921,3_2_1_0,1,6.0,0.05
10922,3_6_1_0,1,6.0,0.05
10923,2_2_0_0,3,2.0,0.05
10924,2_3_0_1,2,-4.0,0.05
10925,3_4_1_0,5,3.0,0.05
10926,1_1_1_0,5,3.0,0.05
10927,3_7_0_1,3,1.0,0.05
10928,3_7_1_0,1,6.0,0.05
10929,1_5_1_1,0,9.0,0.05
10930,3_3_0_1,1,3.0,0.05
10931,3_6_0_1,1,3.0,0.05
10932,2_2_1_0,1,6.0,0.05
10933,3_5_1_0,0,3.0,0.05
10934,2_7_1_0,1,6.0,0.05
10935,2_6_1_0,5,3.0,0.05
10936,2_0_0_1,4,1.5,0.05
10937,2_7_1_1,0,9.0,0.05
10938,3_7_0_0,2,2.0,0.05
10939,1_7_1_1,0,9.0,0.05
10940,1_5_0_0,3,2.0,0.05
10941,1_4_0_1,3,1.0,0.05
10942,2_6_0_0,1,0.0,0.05
10943,2_4_1_0,1,2.0,0.05
10944,3_2_1_1,1,9.0,0.05
10945,1_2_1_0,1,6.0,0.05
10946,2_4_1_1,0,5.0,0.05
10947,1_7_0_0,2,2.0,0.05
10948,1_6_0_0,2,2.0,0.05
10949,3_0_0_0,5,2.0,0.05
10950,1_3_0_1,1,3.0,0.05
10951,2_6_1_1,1,9.0,0.05
10952,1_7_0_1,1,3.0,0.05
10953,1_6_0_0,2,2.0,0.05
10954,3_6_1_0,1,6.0,0.05
10955,1_4_1_0,5,3.0,0.05
10956,2_7_0_0,3,2.0,0.05
10957,1_5_0_0,3,2.0,0.05
10958,1_4_1_1,4,7.0,0.05
10959,3_5_0_0,3,2.0,0.05
10960,1_5_0_1,0,1.5,0.05
10961,3_6_1_1,4,7.0,0.05
10962,1_7_1_0,1,6.0,0.05
10963,2_6_0_1,4,1.5,0.05
10964,3_3_0_1,1,3.0,0.05
10965,2_7_1_0,1,6.0,0.05
10966,3_1_1_0,0,3.0,0.05
10967,1_6_1_0,1,6.0,0.05
10968,1_1_0_1,0,1.5,0.05
10969,2_5_0_0,5,2.0,0.05
10970,3_7_0_1,3,1.0,0.05
10971,1_3_0_0,5,2.0,0.05
10972,1_4_1_0,1,2.0,0.05
10973,3_7_0_0,2,2.0,0.05
10974,2_5_1_1,0,9.0,0.05
10975,1_6_1_0,1,6.0,0.05
10976,1_5_0_1,0,1.5,0.05
10977,3_3_0_1,3,1.0,0.05
10978,1_3_0_0,5,2.0,0.05
10979,1_0_1_0,5,3.0,0.05
10980,1_3_0_1,1,3.0,0.05
10981,3_6_1_0,1,6.0,0.05
10982,3_2_1_0,1,6.0,0.05
10983,2_0_1_0,5,3.0,0.05
10984,2_2_1_1,4,7.0,0.05
10985,2_2_0_1,4,1.5,0.05
10986,2_4_0_0,3,2.0,0.05
10987,1_5_0_1,0,1.5,0.05
10988,3_1_1_0,0,3.0,0.05
10989,3_6_0_1,1,3.0,0.05
10990,2_4_1_1,0,5.0,0.05
10991,1_2_1_0,1,6.0,0.05
10992,3_7_0_1,3,1.0,0.05
10993,2_7_0_1,1,3.0,0.05
10994,1_7_1_0,1,6.0,0.05
10995,1_1_0_0,3,2.0,0.05
10996,3_2_0_1,4,1.5,0.05
10997,2_2_0_0,3,2.0,0.05
10998,2_6_1_0,1,6.0,0.05
10999,2_0_1_1,1,5.0,0.05
11000,2_4_0_1,4,1.5,0.05
11001,3_1_1_0,0,3.0,0.05
11002,1_4_0_0,3,2.0,0.05
11003,2_7_1_1,0,9.0,0.05
11004,2_3_0_1,3,1.0,0.05
11005,3_1_1_0,0,3.0,0.05
11006,1_1_0_0,3,2.0,0.05
11007,3_6_0_1,1,3.0,0.05
11008,3_6_0_0,5,2.0,0.05
11009,1_6_1_0,1,6.0,0.05
11010,3_4_1_0,5,3.0,0.05
11011,2_0_1_0,5,3.0,0.05
11012,3_1_1_1,0,9.0,0.05
11013,3_2_0_0,1,0.0,0.05
11014,1_5_0_1,0,1.5,0.05
11015,1_3_1_0,1,6.0,0.05
11016,3_4_0_1,4,1.5,0.05
11017,3_6_1_0,1,6.0,0.05
11018,3_5_1_1,0,9.0,0.05
11019,2_7_1_1,0,9.0,0.05
11020,2_0_0_1,4,1.5,0.05
11021,1_6_1_0,1,6.0,0.05
11022,3_6_1_0,3,-14.0,0.05
11023,1_7_0_1,1,3.0,0.05
11024,2_7_1_1,0,9.0,0.05
11025,1_7_0_1,1,3.0,0.05
11026,1_1_0_1,0,1.5,0.05
11027,3_4_1_0,5,3.0,0.05
11028,3_6_0_0,5,2.0,0.05
11029,2_7_0_0,3,2.0,0.05
11030,3_4_0_1,4,1.5,0.05
11031,3_1_1_0,0,3.0,0.05
11032,1_2_0_0,4,-4.5,0.05
11033,1_1_1_0,5,3.0,0.05
11034,3_5_0_1,3,1.0,0.05
11035,1_1_0_0,3,2.0,0.05
11036,1_6_0_0,2,2.0,0.05
11037,2_3_1_0,1,6.0,0.05
11038,1_3_0_0,5,2.0,0.05
11039,3_4_1_0,5,3.0,0.05
11040,2_2_0_0,3,2.0,0.05
11041,2_0_0_1,4,1.5,0.05
11042,3_4_1_0,5,3.0,0.05
11043,1_4_1_1,4,7.0,0.05
11044,2_2_0_1,4,1.5,0.05
11045,2_5_1_0,1,2.0,0.05
11046,1_7_0_0,2,2.0,0.05
11047,2_1_0_1,0,1.5,0.05
11048,1_0_1_1,4,7.0,0.05
11049,3_1_1_0,0,3.0,0.05
11050,3_5_0_1,0,1.5,0.05
11051,3_0_0_0,5,2.0,0.05
11052,2_1_1_0,5,3.0,0.05
11053,3_3_1_0,0,3.0,0.05
11054,1_0_1_0,5,3.0,0.05
11055,2_2_1_0,1,6.0,0.05
11056,3_7_0_1,3,1.0,0.05
11057,3_3_0_0,5,2.0,0.05
11058,2_1_0_1,0,1.5,0.05
11059,3_5_0_0,3,2.0,0.05
11060,3_6_1_0,1,6.0,0.05
11061,2_2_1_1,4,7.0,0.05
11062,1_3_1_1,4,7.0,0.05
11063,1_0_1_0,5,3.0,0.05
11064,2_0_0_0,5,2.0,0.05
11065,3_7_0_0,2,2.0,0.05
11066,2_4_0_1,4,1.5,0.05
11067,2_6_1_1,1,9.0,0.05
11068,1_2_1_1,4,7.0,0.05
11069,3_5_0_1,0,1.5,0.05
11070,3_3_0_1,1,3.0,0.05
11071,2_1_0_1,0,1.5,0.05
11072,3_0_1_0,3,-14.0,0.05
11073,1_4_0_1,3,1.0,0.05
11074,1_5_0_0,3,2.0,0.05
11075,3_5_0_1,0,1.5,0.05
11076,2_4_0_1,4,1.5,0.05
11077,3_3_0_0,5,2.0,0.05
11078,2_5_0_0,5,2.0,0.05
11079,3_0_0_1,3,1.0,0.05
11080,2_5_1_1,0,9.0,0.05
11081,3_3_1_0,0,3.0,0.05
11082,3_2_1_1,1,9.0,0.05
11083,2_7_1_1,0,9.0,0.05
11084,2_4_1_1,0,5.0,0.05
11085,2_2_1_1,4,7.0,0.05
11086,1_7_0_0,3,2.0,0.05
11087,1_4_1_0,5,3.0,0.05
11088,2_2_1_0,1,6.0,0.05
11089,1_4_1_0,0,-1.0,0.05
11090,3_3_1_1,1,9.0,0.05
11091,3_1_0_0,3,2.0,0.05
11092,1_6_0_1,0,-2.5,0.05
11093,1_2_1_0,1,6.0,0.05
11094,3_3_1_0,0,3.0,0.05
11095,2_1_0_1,0,1.5,0.05
11096,3_6_1_0,1,6.0,0.05
11097,1_2_1_0,1,6.0,0.05
11098,2_7_0_1,1,3.0,0.05
11099,3_3_1_0,0,3.0,0.05
11100,2_7_1_0,1,6.0,0.05
11101,3_6_1_1,4,7.0,0.05
11102,3_7_1_1,4,7.0,0.05
11103,1_3_0_0,5,2.0,0.05
11104,2_7_1_0,1,6.0,0.05
11105,3_4_1_0,5,3.0,0.05
11106,3_4_1_1,0,5.0,0.05
11107,3_2_1_1,1,9.0,0.05
11108,2_0_0_1,4,1.5,0.05
11109,2_4_1_1,0,5.0,0.05
11110,2_7_1_1,0,9.0,0.05
11111,2_3_1_1,0,9.0,0.05
11112,1_7_0_0,2,2.0,0.05
11113,1_2_1_0,1,6.0,0.05
11114,3_4_0_1,4,1.5,0.05
11115,1_5_0_0,3,2.0,0.05
11116,3_7_0_0,2,2.0,0.05
11117,3_6_1_1,4,7.0,0.05
11118,1_4_0_0,3,2.0,0.05
11119,3_6_1_0,1,6.0,0.05
11120,3_3_0_1,2,-4.0,0.05
11121,1_7_0_1,1,3.0,0.05
11122,3_0_1_1,0,5.0,0.05
11123,3_5_0_1,0,1.5,0.05
11124,3_2_0_1,4,1.5,0.05
11125,3_4_1_1,0,5.0,0.05
11126,2_7_1_1,0,9.0,0.05
11127,2_0_1_1,1,5.0,0.05
11128,3_6_1_0,1,6.0,0.05
11129,2_4_1_1,0,5.0,0.05
11130,1_7_1_0,2,-3.0,0.05
11131,2_4_0_0,3,2.0,0.05
11132,2_5_1_0,1,2.0,0.05
11133,1_7_0_1,1,3.0,0.05
11134,2_7_0_1,1,3.0,0.05
11135,3_3_1_0,0,3.0,0.05
11136,3_4_1_1,0,5.0,0.05
11137,3_6_0_0,5,2.0,0.05
11138,2_0_1_1,1,5.0,0.05
11139,1_1_1_1,0,9.0,0.05
11140,2_6_0_0,1,0.0,0.05
11141,3_2_0_0,2,-2.0,0.05
11142,2_7_0_0,3,2.0,0.05
11143,1_7_1_0,1,6.0,0.05
11144,1_4_1_1,0,5.0,0.05
11145,1_2_0_1,3,1.0,0.05
11146,3_6_1_0,1,6.0,0.05
11147,3_6_1_0,1,6.0,0.05
11148,3_1_1_1,0,9.0,0.05
11149,1_1_1_1,0,9.0,0.05
11150,3_6_1_1,4,7.0,0.05
11151,1_4_1_1,4,7.0,0.05
11152,2_6_1_0,1,6.0,0.05
11153,2_3_0_0,3,2.0,0.05
11154,2_4_1_0,1,2.0,0.05
11155,3_7_0_0,2,2.0,0.05
11156,2_3_0_0,3,2.0,0.05
11157,3_3_1_0,0,3.0,0.05
11158,1_6_1_1,4,7.0,0.05
11159,1_2_1_1,4,7.0,0.05
11160,1_0_1_1,4,7.0,0.05
11161,1_2_0_0,3,2.0,0.05
11162,2_0_0_1,4,1.5,0.05
11163,2_4_0_1,4,1.5,0.05
11164,2_7_0_1,1,3.0,0.05
11165,1_0_0_1,3,1.0,0.05
11166,3_4_1_0,5,3.0,0.05
11167,1_0_1_1,4,7.0,0.05
11168,3_7_1_0,1,6.0,0.05
11169,2_7_0_0,3,2.0,0.05
11170,1_4_1_0,5,3.0,0.05
11171,3_0_0_1,3,1.0,0.05
11172,1_6_1_1,4,7.0,0.05
11173,2_6_0_0,1,0.0,0.05
11174,1_7_1_1,0,9.0,0.05
11175,1_0_0_1,3,1.0,0.05
11176,1_4_1_1,4,7.0,0.05
11177,1_0_1_1,4,7.0,0.05
11178,1_2_0_1,3,1.0,0.05
11179,3_7_1_0,1,6.0,0.05
11180,3_0_1_1,0,5.0,0.05
11181,2_1_0_0,5,2.0,0.05
11182,3_7_0_1,3,1.0,0.05
11183,3_5_0_1,0,1.5,0.05
11184,1_0_0_1,1,-1.0,0.05
11185,1_2_1_1,4,7.0,0.05
11186,1_5_1_1,0,9.0,0.05
11187,1_7_0_1,1,3.0,0.05
11188,2_1_1_0,5,3.0,0.05
11189,3_6_0_1,1,3.0,0.05
11190,3_3_1_1,1,9.0,0.05
11191,1_6_1_0,1,6.0,0.05
11192,3_4_1_0,5,3.0,0.05
11193,3_1_0_0,3,2.0,0.05
11194,1_1_1_0,5,3.0,0.05
11195,1_7_1_1,0,9.0,0.05
11196,2_3_0_0,3,2.0,0.05
11197,1_2_1_0,1,6.0,0.05
11198,1_5_1_0,1,2.0,0.05
11199,3_4_1_1,0,5.0,0.05
11200,1_1_0_0,3,2.0,0.05
11201,1_2_0_1,3,1.0,0.05
11202,3_6_0_1,1,3.0,0.05
11203,1_3_0_0,5,2.0,0.05
11204,3_4_0_0,5,2.0,0.05
11205,3_4_1_1,0,5.0,0.05
11206,3_0_1_1,0,5.0,0.05
11207,1_2_1_0,1,6.0,0.05
11208,1_6_0_0,2,2.0,0.05
11209,1_1_1_1,0,9.0,0.05
11210,2_0_1_0,5,3.0,0.05
11211,1_6_1_1,4,7.0,0.05
11212,3_3_0_1,1,3.0,0.05
11213,3_0_1_0,4,1.0,0.05
11214,2_2_0_1,4,1.5,0.05
11215,3_0_0_0,5,2.0,0.05
11216,3_0_0_1,3,1.0,0.05
11217,3_4_1_0,5,3.0,0.05
11218,3_0_1_0,4,1.0,0.05
11219,3_0_0_0,5,2.0,0.05
11220,1_2_1_0,1,6.0,0.05
11221,1_2_0_0,3,2.0,0.05
11222,1_3_0_0,5,2.0,0.05
11223,3_6_1_1,4,7.0,0.05
11224,2_6_1_0,1,6.0,0.05
11225,1_1_1_0,5,3.0,0.05
11226,2_4_0_0,3,2.0,0.05
11227,3_6_0_0,5,2.0,0.05
11228,3_6_1_0,1,6.0,0.05
11229,3_6_0_0,5,2.0,0.05
11230,3_3_0_1,3,1.0,0.05
11231,2_1_0_0,5,2.0,0.05
11232,2_2_0_1,4,1.5,0.05
11233,2_4_0_1,4,1.5,0.05
11234,3_1_0_1,0,1.5,0.05
11235,2_1_0_1,0,1.5,0.05
11236,1_3_1_1,4,7.0,0.05
11237,2_6_1_0,2,-3.0,0.05
11238,1_6_0_1,1,3.0,0.05
11239,1_0_0_0,3,2.0,0.05
11240,1_7_1_1,0,9.0,0.05
11241,3_6_1_0,1,6.0,0.05
11242,2_4_1_1,4,7.0,0.05
11243,1_3_0_1,1,3.0,0.05
11244,1_0_0_0,3,2.0,0.05
11245,1_6_0_0,2,2.0,0.05
11246,1_2_0_1,3,1.0,0.05
11247,1_1_1_1,0,9.0,0.05
11248,3_3_1_0,0,3.0,0.05
11249,2_4_0_0,3,2.0,0.05
11250,1_3_0_1,5,0.0,0.05
11251,2_7_1_0,1,6.0,0.05
11252,2_2_0_0,3,2.0,0.05
11253,3_6_0_0,5,2.0,0.05
11254,2_0_0_1,5,0.0,0.05
11255,3_6_0_1,1,3.0,0.05
11256,3_2_0_0,3,2.0,0.05
11257,2_6_1_1,1,9.0,0.05
11258,2_4_1_0,1,2.0,0.05
11259,2_3_1_1,0,9.0,0.05
11260,1_5_1_0,1,2.0,0.05
11261,3_5_1_1,0,9.0,0.05
11262,1_3_0_1,1,3.0,0.05
11263,3_3_1_1,1,9.0,0.05
11264,3_2_0_0,3,2.0,0.05
11265,3_5_1_1,0,9.0,0.05
11266,1_4_0_0,3,2.0,0.05
11267,2_0_1_1,1,5.0,0.05
11268,2_1_1_1,4,7.0,0.05
11269,2_6_0_1,4,1.5,0.05
11270,3_3_1_0,0,3.0,0.05
11271,1_5_0_1,0,1.5,0.05
11272,2_4_0_0,3,2.0,0.05
11273,3_4_1_0,5,3.0,0.05
11274,3_2_0_0,3,2.0,0.05
11275,3_1_0_1,0,1.5,0.05
11276,2_1_0_1,0,1.5,0.05
11277,1_5_1_1,0,9.0,0.05
11278,2_6_1_1,1,9.0,0.05
11279,1_7_0_0,2,2.0,0.05
11280,1_5_0_1,0,1.5,0.05
11281,2_1_0_0,5,2.0,0.05
11282,3_1_1_0,0,3.0,0.05
11283,3_6_1_1,4,7.0,0.05
11284,2_2_0_1,4,1.5,0.05
11285,2_1_1_0,5,3.0,0.05
11286,2_1_0_0,5,2.0,0.05
11287,2_0_0_0,5,2.0,0.05
11288,3_1_0_0,3,2.0,0.05
11289,1_1_1_1,0,9.0,0.05
11290,2_7_1_1,0,9.0,0.05
11291,2_0_0_1,4,1.5,0.05
11292,2_5_1_1,0,9.0,0.05
11293,2_1_0_0,5,2.0,0.05
11294,3_0_1_0,4,1.0,0.05
11295,1_0_0_1,3,1.0,0.05
11296,2_5_0_1,4,1.5,0.05
11297,3_7_0_0,2,2.0,0.05
11298,1_2_1_0,1,6.0,0.05
11299,3_4_1_0,5,3.0,0.05
11300,3_0_1_1,0,5.0,0.05
11301,1_6_1_0,1,6.0,0.05
11302,1_0_0_1,3,1.0,0.05
11303,3_6_0_1,1,3.0,0.05
11304,1_1_1_0,5,3.0,0.05
11305,1_1_0_0,3,2.0,0.05
11306,3_3_1_0,0,3.0,0.05
11307,3_0_0_0,5,2.0,0.05
11308,2_1_0_0,5,2.0,0.05
11309,1_4_1_1,4,7.0,0.05
11310,3_1_1_1,0,9.0,0.05
11311,3_5_0_1,0,1.5,0.05
11312,2_7_1_0,1,6.0,0.05
11313,3_0_0_0,5,2.0,0.05
11314,2_2_0_1,4,1.5,0.05
11315,1_2_1_1,4,7.0,0.05
11316,3_6_1_0,3,-14.0,0.05
11317,3_5_1_1,0,9.0,0.05
11318,2_0_1_0,5,3.0,0.05
11319,2_2_0_0,3,2.0,0.05
11320,3_6_1_0,1,6.0,0.05
11321,3_5_1_0,0,3.0,0.05
11322,1_4_1_1,4,7.0,0.05
11323,1_3_0_0,5,2.0,0.05
11324,2_4_1_1,0,5.0,0.05
11325,2_2_0_1,4,1.5,0.05
11326,2_2_1_1,3,-15.0,0.05
11327,1_4_0_0,3,2.0,0.05
11328,3_1_1_0,0,3.0,0.05
11329,1_6_1_1,4,7.0,0.05
11330,1_0_1_0,5,3.0,0.05
11331,2_0_0_0,5,2.0,0.05
11332,3_6_0_0,5,2.0,0.05
11333,1_4_0_1,3,1.0,0.05
11334,3_6_0_1,1,3.0,0.05
11335,1_3_0_1,1,3.0,0.05
11336,2_7_1_1,0,9.0,0.05
11337,2_3_0_1,3,1.0,0.05
11338,3_4_1_1,0,5.0,0.05
11339,1_1_1_1,0,9.0,0.05
11340,3_3_1_1,1,9.0,0.05
11341,1_1_0_1,0,1.5,0.05
11342,2_2_1_0,1,6.0,0.05
11343,2_2_1_1,4,7.0,0.05
11344,3_5_1_0,0,3.0,0.05
11345,2_2_1_1,4,7.0,0.05
11346,1_6_1_0,1,6.0,0.05
11347,3_4_0_1,4,1.5,0.05
11348,1_4_1_0,5,3.0,0.05
11349,2_0_0_1,4,1.5,0.05
11350,2_6_1_1,1,9.0,0.05
11351,3_0_1_1,0,5.0,0.05
11352,2_2_1_0,1,6.0,0.05
11353,3_4_1_0,5,3.0,0.05
11354,2_0_1_1,1,5.0,0.05
11355,1_7_1_1,0,9.0,0.05
11356,1_6_1_1,0,5.0,0.05
11357,1_7_1_0,1,6.0,0.05
11358,2_5_1_0,1,2.0,0.05
11359,3_6_1_0,1,6.0,0.05
11360,2_0_0_0,5,2.0,0.05
11361,3_0_1_0,4,1.0,0.05
11362,1_4_0_0,3,2.0,0.05
11363,3_3_1_0,0,3.0,0.05
11364,1_5_0_0,3,2.0,0.05
11365,3_4_0_1,4,1.5,0.05
11366,3_4_0_1,4,1.5,0.05
11367,2_0_1_1,1,5.0,0.05
11368,2_1_1_0,5,3.0,0.05
11369,2_7_0_1,1,3.0,0.05
11370,2_0_0_0,5,2.0,0.05
11371,1_2_0_0,3,2.0,0.05
11372,2_5_1_1,0,9.0,0.05
11373,3_1_0_0,3,2.0,0.05
11374,1_2_0_1,3,1.0,0.05
11375,3_5_1_1,0,9.0,0.05
11376,3_6_0_0,5,2.0,0.05
11377,1_5_0_1,0,1.5,0.05
11378,2_2_0_1,4,1.5,0.05
11379,2_0_0_1,4,1.5,0.05
11380,3_6_0_0,5,2.0,0.05
11381,1_2_1_1,4,7.0,0.05
11382,3_2_1_0,1,6.0,0.05
11383,3_7_0_0,2,2.0,0.05
11384,3_0_0_0,5,2.0,0.05
11385,3_5_0_1,0,1.5,0.05
11386,3_5_1_0,0,3.0,0.05
11387,3_4_1_0,5,3.0,0.05
11388,1_5_1_0,1,2.0,0.05
11389,1_3_0_1,1,3.0,0.05
11390,2_0_0_1,4,1.5,0.05
11391,3_5_1_1,0,9.0,0.05
11392,1_0_1_0,5,3.0,0.05
11393,2_7_1_1,0,9.0,0.05
11394,3_2_0_1,4,1.5,0.05
11395,2_0_0_0,5,2.0,0.05
11396,3_7_1_0,1,6.0,0.05
11397,1_4_0_0,3,2.0,0.05
11398,3_5_0_1,0,1.5,0.05
11399,1_7_0_1,1,3.0,0.05
11400,1_1_1_1,0,9.0,0.05
11401,3_0_1_1,0,5.0,0.05
11402,1_0_1_0,5,3.0,0.05
11403,2_2_0_0,3,2.0,0.05
11404,2_7_0_1,1,3.0,0.05
11405,1_4_1_0,5,3.0,0.05
11406,2_0_0_1,4,1.5,0.05
11407,3_0_0_1,3,1.0,0.05
11408,2_5_0_1,1,-1.0,0.05
11409,2_7_0_1,1,3.0,0.05
11410,2_5_0_1,4,1.5,0.05
11411,3_3_0_1,1,3.0,0.05
11412,2_0_1_1,1,5.0,0.05
11413,1_4_1_1,4,7.0,0.05
11414,2_3_1_0,1,6.0,0.05
11415,2_4_0_0,3,2.0,0.05
11416,2_0_1_0,5,3.0,0.05
11417,1_0_1_0,5,3.0,0.05
11418,1_4_0_0,3,2.0,0.05
11419,3_2_0_0,3,2.0,0.05
11420,1_0_1_0,5,3.0,0.05
11421,1_0_1_1,4,7.0,0.05
11422,2_3_0_1,3,1.0,0.05
11423,3_0_0_0,5,2.0,0.05
11424,2_0_1_1,1,5.0,0.05
11425,2_1_0_0,5,2.0,0.05
11426,1_2_1_1,4,7.0,0.05
11427,2_0_0_0,5,2.0,0.05
11428,1_0_0_1,2,-4.0,0.05
11429,2_4_1_1,0,5.0,0.05
11430,1_2_0_1,3,1.0,0.05
11431,3_1_1_1,1,5.0,0.05
11432,3_0_0_0,5,2.0,0.05
11433,3_0_1_1,0,5.0,0.05
11434,2_2_0_0,3,2.0,0.05
11435,1_1_0_1,0,1.5,0.05
11436,3_5_0_1,0,1.5,0.05
11437,1_0_1_1,4,7.0,0.05
11438,3_3_0_0,5,2.0,0.05
11439,2_7_1_1,0,9.0,0.05
11440,3_7_0_0,0,-4.5,0.05
11441,3_3_0_1,1,3.0,0.05
11442,3_0_0_1,3,1.0,0.05
11443,2_0_1_1,1,5.0,0.05
11444,1_5_0_0,3,2.0,0.05
11445,1_4_1_0,5,3.0,0.05
11446,2_6_0_1,4,1.5,0.05
11447,1_4_1_0,5,3.0,0.05
11448,1_0_0_1,3,1.0,0.05
11449,3_5_1_1,0,9.0,0.05
11450,1_1_0_0,3,2.0,0.05
11451,2_6_0_1,4,1.5,0.05
11452,2_4_0_1,4,1.5,0.05
11453,2_4_0_1,4,1.5,0.05
11454,2_4_0_0,3,2.0,0.05
11455,1_2_0_1,3,1.0,0.05
11456,3_6_1_1,4,7.0,0.05
11457,3_6_0_0,5,2.0,0.05
11458,1_5_0_1,0,1.5,0.05
11459,3_1_1_1,0,9.0,0.05
11460,1_6_1_1,4,7.0,0.05
11461,1_3_0_1,1,3.0,0.05
11462,2_0_1_1,1,5.0,0.05
11463,1_5_1_1,0,9.0,0.05
11464,1_4_1_1,4,7.0,0.05
11465,2_5_0_1,4,1.5,0.05
11466,3_3_1_1,1,9.0,0.05
11467,2_5_1_1,0,9.0,0.05
11468,1_0_1_0,5,3.0,0.05
11469,3_3_1_0,0,3.0,0.05
11470,1_0_0_1,3,1.0,0.05
11471,2_0_0_1,4,1.5,0.05
11472,2_5_0_0,5,2.0,0.05
11473,3_3_0_0,5,2.0,0.05
11474,3_3_1_0,0,3.0,0.05
11475,1_4_0_1,3,1.0,0.05
11476,2_1_1_1,4,7.0,0.05
11477,1_3_0_1,1,3.0,0.05
11478,3_2_0_0,3,2.0,0.05
11479,1_2_0_1,3,1.0,0.05
11480,2_2_1_1,4,7.0,0.05
11481,2_4_1_0,1,2.0,0.05
11482,3_3_1_0,0,3.0,0.05
11483,3_6_1_1,4,7.0,0.05
11484,3_7_1_0,1,6.0,0.05
11485,3_5_0_1,0,1.5,0.05
11486,3_7_1_1,4,7.0,0.05
11487,2_6_0_1,4,1.5,0.05
11488,1_1_0_1,0,1.5,0.05
11489,1_7_0_0,2,2.0,0.05
11490,2_0_1_0,5,3.0,0.05
11491,2_5_0_0,5,2.0,0.05
11492,3_2_1_1,1,9.0,0.05
11493,2_2_1_0,1,6.0,0.05
11494,3_2_0_1,4,1.5,0.05
11495,1_1_1_0,5,3.0,0.05
11496,2_1_0_0,5,2.0,0.05
11497,3_2_0_0,3,2.0,0.05
11498,3_2_1_0,1,6.0,0.05
11499,3_4_1_0,5,3.0,0.05
11500,3_1_0_0,3,2.0,0.05
11501,1_7_0_1,1,3.0,0.05
11502,3_1_1_1,0,9.0,0.05
11503,2_4_1_0,1,2.0,0.05
11504,2_4_1_0,1,2.0,0.05
11505,3_0_0_0,5,2.0,0.05
11506,3_5_0_0,3,2.0,0.05
11507,2_3_0_0,3,2.0,0.05
11508,3_2_0_1,4,1.5,0.05
11509,2_0_1_0,5,3.0,0.05
11510,1_6_1_1,0,5.0,0.05
11511,1_0_1_0,5,3.0,0.05
11512,2_0_0_0,5,2.0,0.05
11513,1_3_1_1,4,7.0,0.05
11514,1_7_0_1,5,0.0,0.05
11515,2_4_0_0,3,2.0,0.05
11516,3_2_0_0,3,2.0,0.05
11517,2_7_1_0,1,6.0,0.05
11518,3_7_1_0,1,6.0,0.05
11519,2_1_0_1,0,1.5,0.05
11520,3_2_0_0,3,2.0,0.05
11521,3_3_0_0,5,2.0,0.05
11522,1_1_0_0,3,2.0,0.05
11523,3_2_1_1,1,9.0,0.05
11524,1_0_1_0,5,3.0,0.05
11525,3_4_1_0,5,3.0,0.05
11526,2_6_1_0,1,6.0,0.05
11527,3_6_1_1,4,7.0,0.05
11528,1_3_0_0,5,2.0,0.05
11529,1_1_0_1,0,1.5,0.05
11530,1_1_0_0,3,2.0,0.05
11531,2_6_0_0,1,0.0,0.05
11532,1_7_1_1,0,9.0,0.05
11533,1_4_1_0,5,3.0,0.05
11534,3_5_1_0,0,3.0,0.05
11535,3_0_0_1,3,1.0,0.05
11536,3_3_1_0,0,3.0,0.05
11537,3_6_0_1,1,3.0,0.05
11538,2_4_0_0,3,2.0,0.05
11539,3_7_1_1,4,7.0,0.05
11540,3_2_0_1,4,1.5,0.05
11541,2_7_1_1,0,9.0,0.05
11542,2_5_1_1,0,9.0,0.05
11543,3_6_1_1,4,7.0,0.05
11544,1_1_1_0,5,3.0,0.05
11545,3_7_0_0,2,2.0,0.05
11546,2_2_1_1,4,7.0,0.05
11547,2_7_0_0,3,2.0,0.05
11548,2_2_1_1,4,7.0,0.05
11549,3_0_1_1,0,5.0,0.05
11550,1_5_0_1,0,1.5,0.05
11551,3_0_0_1,3,1.0,0.05
11552,1_6_1_1,4,7.0,0.05
11553,2_3_0_1,3,1.0,0.05
11554,1_6_1_1,4,7.0,0.05
11555,1_1_0_1,0,1.5,0.05
11556,2_0_0_1,4,1.5,0.05
11557,1_2_1_0,1,6.0,0.05
11558,2_5_0_1,4,1.5,0.05
11559,1_7_1_1,0,9.0,0.05
11560,1_4_1_0,5,3.0,0.05
11561,1_7_1_0,1,6.0,0.05
11562,2_3_1_1,0,9.0,0.05
11563,3_3_1_1,1,9.0,0.05
11564,3_2_1_0,1,6.0,0.05
11565,3_4_0_0,5,2.0,0.05
11566,3_6_0_1,1,3.0,0.05
11567,1_5_1_1,0,9.0,0.05
11568,1_1_1_1,0,9.0,0.05
11569,1_1_1_1,0,9.0,0.05
11570,2_4_1_0,1,2.0,0.05
11571,1_1_0_0,4,-4.5,0.05
11572,2_3_1_0,1,6.0,0.05
11573,2_5_0_1,4,1.5,0.05
11574,2_3_0_0,3,2.0,0.05
11575,3_6_1_0,1,6.0,0.05
11576,2_2_0_1,4,1.5,0.05
11577,2_6_0_1,4,1.5,0.05
11578,2_7_0_1,1,3.0,0.05
11579,1_0_1_1,4,7.0,0.05
11580,3_7_1_1,4,7.0,0.05
11581,1_5_1_1,0,9.0,0.05
11582,1_1_1_1,0,9.0,0.05
11583,1_1_1_1,0,9.0,0.05
11584,2_4_1_1,0,5.0,0.05
11585,3_2_1_1,1,9.0,0.05
11586,1_5_1_1,0,9.0,0.05
11587,1_2_0_0,3,2.0,0.05
11588,1_6_0_0,2,2.0,0.05
11589,3_1_0_0,3,2.0,0.05
11590,3_5_0_1,0,1.5,0.05
11591,1_2_0_0,3,2.0,0.05
11592,2_0_1_1,1,5.0,0.05
11593,2_2_0_0,3,2.0,0.05
11594,1_4_0_1,3,1.0,0.05
11595,2_1_0_1,0,1.5,0.05
11596,1_0_1_0,5,3.0,0.05
11597,3_1_1_1,0,9.0,0.05
11598,1_1_1_1,0,9.0,0.05
11599,2_5_0_0,5,2.0,0.05
11600,2_4_0_0,3,2.0,0.05
11601,1_2_1_1,4,7.0,0.05
11602,2_2_1_0,1,6.0,0.05
11603,3_3_0_0,5,2.0,0.05
11604,3_0_0_0,5,2.0,0.05
11605,2_6_1_0,1,6.0,0.05
11606,1_7_1_1,0,9.0,0.05
11607,1_4_1_0,5,3.0,0.05
11608,2_0_0_0,5,2.0,0.05
11609,1_0_1_1,4,7.0,0.05
11610,2_7_0_0,3,2.0,0.05
11611,1_2_0_0,3,2.0,0.05
11612,3_3_1_0,0,3.0,0.05
11613,1_2_0_0,3,2.0,0.05
11614,2_6_1_0,1,6.0,0.05
11615,3_2_1_0,1,6.0,0.05
11616,1_5_1_0,1,2.0,0.05
11617,2_3_1_0,1,6.0,0.05
11618,2_6_0_1,4,1.5,0.05
11619,3_3_0_0,5,2.0,0.05
11620,3_0_1_0,4,1.0,0.05
11621,3_5_1_0,0,3.0,0.05
11622,3_1_1_1,0,9.0,0.05
11623,3_5_1_0,0,3.0,0.05
11624,1_1_0_0,3,2.0,0.05
11625,2_7_1_1,0,9.0,0.05
11626,3_1_1_1,0,9.0,0.05
11627,1_3_1_0,1,6.0,0.05
11628,1_6_0_1,1,3.0,0.05
11629,3_4_1_0,5,3.0,0.05
11630,1_2_0_1,3,1.0,0.05
11631,2_6_0_0,1,0.0,0.05
11632,2_7_1_0,1,6.0,0.05
11633,2_3_0_1,3,1.0,0.05
11634,2_4_0_0,3,2.0,0.05
11635,1_3_0_1,1,3.0,0.05
11636,3_6_1_1,4,7.0,0.05
11637,3_7_1_0,1,6.0,0.05
11638,3_4_0_1,4,1.5,0.05
11639,3_4_1_1,0,5.0,0.05
11640,2_2_0_0,3,2.0,0.05
11641,3_2_1_0,1,6.0,0.05
11642,3_6_1_1,4,7.0,0.05
11643,1_4_1_1,4,7.0,0.05
11644,2_1_1_1,4,7.0,0.05
11645,3_4_0_1,4,1.5,0.05
11646,1_5_0_0,3,2.0,0.05
11647,3_0_1_0,4,1.0,0.05
11648,1_3_1_1,4,7.0,0.05
11649,3_0_0_1,3,1.0,0.05
11650,3_0_0_1,3,1.0,0.05
11651,2_6_1_1,1,9.0,0.05
11652,3_6_0_1,1,3.0,0.05
11653,1_5_1_0,1,2.0,0.05
11654,1_7_0_1,1,3.0,0.05
11655,1_4_0_1,3,1.0,0.05
11656,2_5_0_1,4,1.5,0.05
11657,1_0_1_0,5,3.0,0.05
11658,2_1_0_1,0,1.5,0.05
11659,1_1_1_1,0,9.0,0.05
11660,3_2_0_1,0,-2.5,0.05
11661,2_1_1_1,4,7.0,0.05
11662,3_2_1_1,1,9.0,0.05
11663,1_2_1_1,4,7.0,0.05
11664,3_3_1_0,0,3.0,0.05
11665,2_2_0_1,4,1.5,0.05
11666,3_7_0_1,3,1.0,0.05
11667,1_5_1_0,1,2.0,0.05
11668,2_7_0_0,3,2.0,0.05
11669,3_3_0_1,1,3.0,0.05
11670,2_6_1_0,1,6.0,0.05
11671,1_1_1_0,5,3.0,0.05
11672,3_5_0_0,3,2.0,0.05
11673,3_7_0_1,3,1.0,0.05
11674,3_0_0_0,5,2.0,0.05
11675,3_7_0_0,2,2.0,0.05
11676,1_6_1_1,4,7.0,0.05
11677,1_2_0_0,0,-8.5,0.05
11678,2_2_1_1,4,7.0,0.05
11679,3_7_0_1,3,1.0,0.05
11680,3_1_0_1,0,1.5,0.05
11681,3_5_1_1,0,9.0,0.05
11682,1_3_0_1,1,3.0,0.05
11683,3_5_1_0,0,3.0,0.05
11684,1_2_0_1,3,1.0,0.05
11685,3_6_1_0,4,1.0,0.05
11686,3_7_0_0,2,2.0,0.05
11687,1_3_1_0,1,6.0,0.05
11688,1_5_1_0,1,2.0,0.05
11689,2_0_0_0,5,2.0,0.05
11690,3_4_0_0,5,2.0,0.05
11691,1_2_0_1,4,1.5,0.05
11692,3_5_1_0,0,3.0,0.05
11693,3_2_0_0,3,2.0,0.05
11694,2_6_1_0,1,6.0,0.05
11695,1_4_1_1,4,7.0,0.05
11696,2_7_0_1,1,3.0,0.05
11697,1_4_1_1,4,7.0,0.05
11698,2_5_1_1,0,9.0,0.05
11699,3_4_1_0,5,3.0,0.05
11700,1_3_1_1,4,7.0,0.05
11701,1_0_0_1,3,1.0,0.05
11702,3_3_0_0,5,2.0,0.05
11703,3_3_0_1,1,3.0,0.05
11704,3_7_1_1,4,7.0,0.05
11705,3_5_1_0,0,3.0,0.05
11706,1_5_1_0,1,2.0,0.05
11707,2_6_1_0,1,6.0,0.05
11708,3_2_1_1,1,9.0,0.05
11709,2_1_1_0,1,2.0,0.05
11710,1_0_1_1,4,7.0,0.05
11711,1_2_0_1,3,1.0,0.05
11712,1_2_0_1,3,1.0,0.05
11713,2_6_0_0,1,0.0,0.05
11714,3_6_1_1,4,7.0,0.05
11715,3_1_1_0,0,3.0,0.05
11716,1_5_1_0,1,2.0,0.05
11717,1_5_0_0,3,2.0,0.05
11718,3_0_1_0,4,1.0,0.05
11719,3_6_0_0,5,2.0,0.05
11720,1_7_1_0,5,3.0,0.05
11721,3_0_0_1,3,1.0,0.05
11722,1_4_1_1,4,7.0,0.05
11723,3_7_1_1,4,7.0,0.05
11724,3_5_1_0,0,3.0,0.05
11725,3_3_1_0,0,3.0,0.05
11726,3_5_0_1,0,1.5,0.05
11727,3_5_1_1,0,9.0,0.05
11728,1_2_0_0,3,2.0,0.05
11729,1_1_1_1,0,9.0,0.05
11730,3_0_1_0,4,1.0,0.05
11731,2_3_0_1,3,1.0,0.05
11732,1_0_1_0,5,3.0,0.05
11733,3_0_0_1,3,1.0,0.05
11734,1_0_1_0,5,3.0,0.05
11735,3_1_0_1,1,-1.0,0.05
11736,1_2_0_0,3,2.0,0.05
11737,3_3_0_1,1,3.0,0.05
11738,1_4_0_0,3,2.0,0.05
11739,2_3_1_1,0,9.0,0.05
11740,2_5_0_1,4,1.5,0.05
11741,3_0_1_1,0,5.0,0.05
11742,2_5_0_1,4,1.5,0.05
11743,3_1_1_1,0,9.0,0.05
11744,3_7_0_1,3,1.0,0.05
11745,1_0_1_0,5,3.0,0.05
11746,1_5_0_0,3,2.0,0.05
11747,2_5_0_0,5,2.0,0.05
11748,1_6_0_1,1,3.0,0.05
11749,2_4_1_0,1,2.0,0.05
11750,1_5_0_0,2,2.0,0.05
11751,2_4_1_0,1,2.0,0.05
11752,1_1_0_1,0,1.5,0.05
11753,1_2_0_1,3,1.0,0.05
11754,3_1_0_1,0,1.5,0.05
11755,3_2_0_1,4,1.5,0.05
11756,2_7_0_0,3,2.0,0.05
11757,2_7_0_1,1,3.0,0.05
11758,2_4_1_0,1,2.0,0.05
11759,2_2_0_1,4,1.5,0.05
11760,3_3_0_0,5,2.0,0.05
11761,2_0_1_0,5,3.0,0.05
11762,3_4_0_0,5,2.0,0.05
11763,1_7_0_1,1,3.0,0.05
11764,1_7_1_1,0,9.0,0.05
11765,3_4_1_0,5,3.0,0.05
11766,2_1_1_0,5,3.0,0.05
11767,3_1_0_0,3,2.0,0.05
11768,2_6_1_1,1,9.0,0.05
11769,2_2_1_0,1,6.0,0.05
11770,1_0_0_0,3,2.0,0.05
11771,1_6_0_1,1,3.0,0.05
11772,3_0_1_0,4,1.0,0.05
11773,3_0_1_0,4,1.0,0.05
11774,3_0_1_1,0,5.0,0.05
11775,3_6_0_1,1,3.0,0.05
11776,2_5_0_0,5,2.0,0.05
11777,2_3_0_0,3,2.0,0.05
11778,3_6_1_1,4,7.0,0.05
11779,3_2_1_1,1,9.0,0.05
11780,3_3_1_0,0,3.0,0.05
11781,2_5_0_1,4,1.5,0.05
11782,1_1_0_1,0,1.5,0.05
11783,1_0_0_1,3,1.0,0.05
11784,2_3_1_1,0,9.0,0.05
11785,1_3_1_1,4,7.0,0.05
11786,2_7_0_0,3,2.0,0.05
11787,2_4_0_1,4,1.5,0.05
11788,3_0_1_0,4,1.0,0.05
11789,3_4_0_1,4,1.5,0.05
11790,1_0_0_0,3,2.0,0.05
11791,1_6_0_0,2,2.0,0.05
11792,3_3_0_0,5,2.0,0.05
11793,3_7_1_1,4,7.0,0.05
11794,3_1_1_1,5,1.0,0.05
11795,3_1_1_1,0,9.0,0.05
11796,1_1_1_0,5,3.0,0.05
11797,2_0_0_0,5,2.0,0.05
11798,3_3_1_0,0,3.0,0.05
11799,3_2_1_0,1,6.0,0.05
11800,3_1_0_0,3,2.0,0.05
11801,3_1_0_0,3,2.0,0.05
11802,1_3_0_0,5,2.0,0.05
11803,3_6_0_1,1,3.0,0.05
11804,3_1_0_0,3,2.0,0.05
11805,2_5_0_1,4,1.5,0.05
11806,3_0_0_0,5,2.0,0.05
11807,1_7_1_1,0,9.0,0.05
11808,2_0_0_0,5,2.0,0.05
11809,3_7_0_1,3,1.0,0.05
11810,3_3_1_0,0,3.0,0.05
11811,2_3_1_1,0,9.0,0.05
11812,3_6_1_0,1,6.0,0.05
11813,2_3_0_1,3,1.0,0.05
11814,3_7_0_1,3,1.0,0.05
11815,2_2_0_1,4,1.5,0.05
11816,1_5_0_1,0,1.5,0.05
11817,2_2_1_1,4,7.0,0.05
11818,1_2_1_0,1,6.0,0.05
11819,1_6_1_0,1,6.0,0.05
11820,1_1_0_0,3,2.0,0.05
11821,1_6_0_1,1,3.0,0.05
11822,2_2_0_1,4,1.5,0.05
11823,2_0_1_1,1,5.0,0.05
11824,3_5_0_1,0,1.5,0.05
11825,1_7_1_1,3,-15.0,0.05
11826,2_5_0_0,5,2.0,0.05
11827,2_7_0_1,1,3.0,0.05
11828,3_2_0_1,4,1.5,0.05
11829,3_6_0_0,5,2.0,0.05
11830,3_0_1_0,4,1.0,0.05
11831,1_3_1_1,4,7.0,0.05
11832,3_3_0_0,5,2.0,0.05
11833,1_6_1_1,4,7.0,0.05
11834,1_7_0_0,2,2.0,0.05
11835,2_0_1_0,5,3.0,0.05
11836,3_6_1_0,1,6.0,0.05
11837,1_6_0_1,1,3.0,0.05
11838,2_4_0_1,4,1.5,0.05
11839,3_0_0_1,3,1.0,0.05
11840,2_4_1_1,0,5.0,0.05
11841,2_7_1_1,0,9.0,0.05
11842,2_0_0_1,4,1.5,0.05
11843,3_6_1_1,4,7.0,0.05
11844,1_0_0_0,3,2.0,0.05
11845,3_7_0_0,2,2.0,0.05
11846,1_3_1_1,4,7.0,0.05
11847,1_7_0_1,1,3.0,0.05
11848,1_0_1_0,5,3.0,0.05
11849,2_3_0_0,3,2.0,0.05
11850,2_7_0_0,3,2.0,0.05
11851,1_1_0_1,0,1.5,0.05
11852,2_5_0_0,5,2.0,0.05
11853,1_4_0_0,3,2.0,0.05
11854,2_2_0_0,3,2.0,0.05
11855,2_1_1_0,5,3.0,0.05
11856,3_4_0_0,5,2.0,0.05
11857,2_0_0_1,4,1.5,0.05
11858,2_1_0_0,4,-4.5,0.05
11859,2_3_0_0,3,2.0,0.05
11860,1_0_1_1,4,7.0,0.05
11861,2_7_0_0,3,2.0,0.05
11862,2_7_1_0,1,6.0,0.05
11863,3_0_1_0,4,1.0,0.05
11864,1_1_1_1,0,9.0,0.05
11865,1_0_1_0,5,3.0,0.05
11866,3_3_0_1,1,3.0,0.05
11867,1_0_1_0,5,3.0,0.05
11868,1_3_1_0,1,6.0,0.05
11869,1_3_0_0,5,2.0,0.05
11870,2_4_1_0,1,2.0,0.05
11871,1_5_1_0,1,2.0,0.05
11872,2_5_0_0,5,2.0,0.05
11873,3_1_1_1,0,9.0,0.05
11874,2_6_0_1,4,1.5,0.05
11875,2_2_1_1,4,7.0,0.05
11876,2_6_0_1,4,1.5,0.05
11877,1_2_0_0,3,2.0,0.05
11878,1_2_1_1,4,7.0,0.05
11879,1_6_1_1,4,7.0,0.05
11880,2_0_0_1,4,1.5,0.05
11881,3_2_1_1,1,9.0,0.05
11882,1_0_1_0,5,3.0,0.05
11883,3_2_1_1,1,9.0,0.05
11884,1_0_0_1,3,1.0,0.05
11885,2_5_0_1,4,1.5,0.05
11886,3_7_0_0,2,2.0,0.05
11887,3_1_1_0,0,3.0,0.05
11888,3_3_0_0,5,2.0,0.05
11889,2_3_1_1,0,9.0,0.05
11890,3_3_1_0,0,3.0,0.05
11891,3_5_1_1,0,9.0,0.05
11892,3_5_1_0,0,3.0,0.05
11893,1_6_0_1,1,3.0,0.05
11894,2_5_0_0,0,-4.5,0.05
11895,1_5_0_0,3,2.0,0.05
11896,3_0_0_0,5,2.0,0.05
11897,2_2_1_0,1,6.0,0.05
11898,3_0_0_0,5,2.0,0.05
11899,2_4_1_0,1,2.0,0.05
11900,1_1_0_1,0,1.5,0.05
11901,2_7_1_0,1,6.0,0.05
11902,2_1_1_0,5,3.0,0.05
11903,2_5_1_0,1,2.0,0.05
11904,3_0_0_0,5,2.0,0.05
11905,3_4_1_1,0,5.0,0.05
11906,1_5_0_1,0,1.5,0.05
11907,3_5_1_1,1,5.0,0.05
11908,3_2_0_0,3,2.0,0.05
11909,2_5_1_0,1,2.0,0.05
11910,1_3_0_0,5,2.0,0.05
11911,1_1_0_1,0,1.5,0.05
11912,1_6_1_1,4,7.0,0.05
11913,3_3_1_1,1,9.0,0.05
11914,2_6_1_0,1,6.0,0.05
11915,2_7_0_0,3,2.0,0.05
11916,1_4_0_0,3,2.0,0.05
11917,2_1_1_0,5,3.0,0.05
11918,1_2_1_0,1,6.0,0.05
11919,2_6_1_0,1,6.0,0.05
11920,1_6_0_1,1,3.0,0.05
11921,3_1_1_0,0,3.0,0.05
11922,1_6_0_1,1,3.0,0.05
11923,1_5_1_1,0,9.0,0.05
11924,3_5_1_0,0,3.0,0.05
11925,2_2_0_1,4,1.5,0.05
11926,1_4_0_1,3,1.0,0.05
11927,3_0_1_0,4,1.0,0.05
11928,3_3_1_0,0,3.0,0.05
11929,3_7_1_0,3,-14.0,0.05
11930,3_1_1_0,0,3.0,0.05
11931,3_0_1_1,0,5.0,0.05
11932,2_2_0_1,1,3.0,0.05
11933,2_1_1_0,0,3.0,0.05
11934,2_3_0_0,3,2.0,0.05
11935,2_5_1_1,0,9.0,0.05
11936,3_4_0_0,5,2.0,0.05
11937,2_1_0_0,3,2.0,0.05
11938,1_5_0_1,0,1.5,0.05
11939,2_2_0_0,1,0.0,0.05
11940,3_2_0_1,4,1.5,0.05
11941,3_2_1_0,1,6.0,0.05
11942,1_1_0_0,3,2.0,0.05
11943,3_5_0_0,3,2.0,0.05
11944,2_4_0_0,3,2.0,0.05
11945,1_3_1_1,4,7.0,0.05
11946,2_6_0_0,1,0.0,0.05
11947,1_7_0_1,1,3.0,0.05
11948,3_7_0_0,2,2.0,0.05
11949,2_2_0_0,3,2.0,0.05
11950,2_3_0_1,3,1.0,0.05
11951,2_3_1_0,1,6.0,0.05
11952,1_0_1_1,4,7.0,0.05
11953,3_0_0_1,3,1.0,0.05
11954,2_2_0_0,3,2.0,0.05
11955,1_1_0_1,0,1.5,0.05
11956,3_1_0_1,0,1.5,0.05
11957,1_1_0_1,0,1.5,0.05
11958,3_7_0_1,3,1.0,0.05
11959,1_4_0_1,3,1.0,0.05
11960,1_4_0_0,3,2.0,0.05
11961,2_0_0_0,5,2.0,0.05
11962,3_5_0_1,0,1.5,0.05
11963,2_5_1_0,1,2.0,0.05
11964,3_1_1_0,0,3.0,0.05
11965,2_4_1_1,0,5.0,0.05
11966,3_7_0_0,2,2.0,0.05
11967,2_3_0_0,3,2.0,0.05
11968,1_7_0_0,2,2.0,0.05
11969,2_0_1_1,1,5.0,0.05
11970,1_5_0_1,0,1.5,0.05
11971,1_2_1_1,4,7.0,0.05
11972,3_5_0_1,0,1.5,0.05
11973,1_4_1_1,4,7.0,0.05
11974,2_4_0_1,4,1.5,0.05
11975,2_5_0_0,5,2.0,0.05
11976,3_0_0_1,3,1.0,0.05
11977,3_5_0_0,3,2.0,0.05
11978,2_5_1_0,1,2.0,0.05
11979,1_2_0_1,3,1.0,0.05
11980,3_7_1_0,1,6.0,0.05
11981,2_1_0_0,5,2.0,0.05
11982,3_6_0_1,1,3.0,0.05
11983,1_3_0_0,5,2.0,0.05
11984,3_4_0_0,5,2.0,0.05
11985,1_7_0_0,2,2.0,0.05
11986,3_5_1_1,0,9.0,0.05
11987,3_4_0_0,5,2.0,0.05
11988,2_2_1_0,1,6.0,0.05
11989,3_0_1_0,4,1.0,0.05
11990,2_1_0_0,3,2.0,0.05
11991,2_1_1_0,5,3.0,0.05
11992,3_3_0_1,1,3.0,0.05
11993,3_0_0_0,5,2.0,0.05
11994,3_0_1_1,0,5.0,0.05
11995,3_3_1_0,0,3.0,0.05
11996,3_6_0_0,0,-8.5,0.05
11997,3_5_1_0,0,3.0,0.05
11998,1_0_1_0,5,3.0,0.05
11999,2_3_1_1,0,9.0,0.05
12000,3_1_0_1,0,1.5,0.05
12001,3_1_0_1,0,1.5,0.05
12002,1_5_1_0,1,2.0,0.05
12003,1_4_0_0,3,2.0,0.05
12004,3_4_0_1,4,1.5,0.05
12005,3_3_0_1,1,3.0,0.05
12006,3_4_1_1,0,5.0,0.05
12007,1_3_0_0,5,2.0,0.05
12008,1_6_1_1,4,7.0,0.05
12009,3_0_0_1,3,1.0,0.05
12010,3_3_0_1,1,3.0,0.05
12011,1_2_1_0,1,6.0,0.05
12012,2_2_1_1,4,7.0,0.05
12013,2_2_1_1,5,1.0,0.05
12014,2_1_0_0,5,2.0,0.05
12015,3_4_0_0,5,2.0,0.05
12016,2_0_1_0,5,3.0,0.05
12017,3_6_0_0,5,2.0,0.05
12018,3_6_0_0,5,2.0,0.05
12019,1_0_0_0,3,2.0,0.05
12020,1_7_1_0,1,6.0,0.05
12021,3_7_1_0,1,6.0,0.05
12022,2_0_0_0,5,2.0,0.05
12023,1_4_1_0,5,3.0,0.05
12024,2_1_1_1,4,7.0,0.05
12025,3_1_0_0,3,2.0,0.05
12026,2_7_1_0,1,6.0,0.05
12027,1_7_1_1,0,9.0,0.05
12028,1_7_1_0,1,6.0,0.05
12029,2_0_1_1,1,5.0,0.05
12030,3_7_0_1,3,1.0,0.05
12031,2_6_0_0,1,0.0,0.05
12032,2_6_0_0,1,0.0,0.05
12033,1_1_0_0,3,2.0,0.05
12034,2_7_0_1,1,3.0,0.05
12035,2_2_0_1,4,1.5,0.05
12036,3_0_0_0,5,2.0,0.05
12037,3_5_0_1,0,1.5,0.05
12038,1_1_1_0,5,3.0,0.05
12039,3_1_0_0,2,-2.0,0.05
12040,3_6_1_1,4,7.0,0.05
12041,3_2_1_0,1,6.0,0.05
12042,3_5_1_0,0,3.0,0.05
12043,2_2_0_0,3,2.0,0.05
12044,1_2_1_0,1,6.0,0.05
12045,1_5_0_1,0,1.5,0.05
12046,3_6_1_0,1,6.0,0.05
12047,3_3_1_0,0,3.0,0.05
12048,3_4_0_0,5,2.0,0.05
12049,3_3_1_1,1,9.0,0.05
12050,3_3_0_1,1,3.0,0.05
12051,1_1_0_1,0,1.5,0.05
12052,2_0_1_0,5,3.0,0.05
12053,1_2_1_1,4,7.0,0.05
12054,2_3_1_0,1,6.0,0.05
12055,1_2_0_0,3,2.0,0.05
12056,3_1_1_0,0,3.0,0.05
12057,3_0_1_0,4,1.0,0.05
12058,2_5_0_1,4,1.5,0.05
12059,2_0_0_0,5,2.0,0.05
12060,3_7_1_1,4,7.0,0.05
12061,2_3_1_0,1,6.0,0.05
12062,3_1_1_0,0,3.0,0.05
12063,2_1_0_0,5,2.0,0.05
12064,1_1_1_1,0,9.0,0.05
12065,2_3_1_1,0,9.0,0.05
12066,1_6_0_0,3,2.0,0.05
12067,3_6_0_0,5,2.0,0.05
12068,2_7_1_1,0,9.0,0.05
12069,1_6_1_0,1,6.0,0.05
12070,1_6_0_1,1,3.0,0.05
12071,1_0_1_0,5,3.0,0.05
12072,2_1_1_0,5,3.0,0.05
12073,2_7_0_0,3,2.0,0.05
12074,2_3_0_1,3,1.0,0.05
12075,2_6_0_1,4,1.5,0.05
12076,3_7_1_1,4,7.0,0.05
12077,3_1_0_0,3,2.0,0.05
12078,3_6_0_0,5,2.0,0.05
12079,1_2_1_1,4,7.0,0.05
12080,2_2_1_0,1,6.0,0.05
12081,2_5_0_0,5,2.0,0.05
12082,3_7_0_0,2,2.0,0.05
12083,1_2_0_1,3,1.0,0.05
12084,3_7_1_0,1,6.0,0.05
12085,3_3_1_0,0,3.0,0.05
12086,1_6_1_1,4,7.0,0.05
12087,3_7_1_1,4,7.0,0.05
12088,1_7_1_1,0,9.0,0.05
12089,3_1_1_1,4,7.0,0.05
12090,2_1_1_1,4,7.0,0.05
12091,3_7_1_0,1,6.0,0.05
12092,2_5_1_1,0,9.0,0.05
12093,2_3_0_1,3,1.0,0.05
12094,1_6_1_0,1,6.0,0.05
12095,1_0_0_0,3,2.0,0.05
12096,2_1_1_0,5,3.0,0.05
12097,1_5_1_1,0,9.0,0.05
12098,3_7_1_1,4,7.0,0.05
12099,3_5_1_0,0,3.0,0.05
12100,1_4_1_1,4,7.0,0.05
12101,2_3_0_0,5,2.0,0.05
12102,2_4_1_1,0,5.0,0.05
12103,2_3_0_1,3,1.0,0.05
12104,3_5_0_0,3,2.0,0.05
12105,3_3_0_1,1,3.0,0.05
12106,1_6_0_1,1,3.0,0.05
12107,2_2_1_0,1,6.0,0.05
12108,1_1_0_0,3,2.0,0.05
12109,3_2_0_0,3,2.0,0.05
12110,1_3_1_0,1,6.0,0.05
12111,1_4_0_1,3,1.0,0.05
12112,1_0_1_0,4,1.0,0.05
12113,3_0_1_0,4,1.0,0.05
12114,1_6_0_0,2,2.0,0.05
12115,1_7_0_0,2,2.0,0.05
12116,3_3_1_0,0,3.0,0.05
12117,3_6_0_0,5,2.0,0.05
12118,3_3_0_0,2,-2.0,0.05
12119,2_6_0_0,1,0.0,0.05
12120,3_0_0_0,5,2.0,0.05
12121,3_0_0_0,5,2.0,0.05
12122,3_7_1_1,4,7.0,0.05
12123,3_1_1_0,0,3.0,0.05
12124,3_1_0_0,3,2.0,0.05
12125,3_2_0_1,4,1.5,0.05
12126,1_0_0_1,3,1.0,0.05
12127,1_3_0_0,5,2.0,0.05
12128,2_4_0_1,4,1.5,0.05
12129,2_3_1_1,0,9.0,0.05
12130,3_1_1_1,0,9.0,0.05
12131,3_3_0_0,3,2.0,0.05
12132,3_2_1_1,1,9.0,0.05
12133,3_6_1_0,1,6.0,0.05
12134,1_2_0_1,3,1.0,0.05
12135,3_7_1_1,4,7.0,0.05
12136,2_6_1_0,1,6.0,0.05
12137,2_5_0_0,5,2.0,0.05
12138,2_7_0_0,3,2.0,0.05
12139,3_7_0_1,3,1.0,0.05
12140,2_5_1_1,0,9.0,0.05
12141,1_1_0_1,0,1.5,0.05
12142,2_0_0_0,5,2.0,0.05
12143,2_7_1_0,1,6.0,0.05
12144,2_5_1_0,1,2.0,0.05
12145,2_6_1_0,1,6.0,0.05
12146,3_0_0_1,3,1.0,0.05
12147,3_0_1_1,0,5.0,0.05
12148,3_3_1_0,0,3.0,0.05
12149,3_5_1_1,0,9.0,0.05
12150,3_4_1_0,5,3.0,0.05
12151,2_6_0_1,4,1.5,0.05
12152,3_3_1_0,0,3.0,0.05
12153,1_3_1_1,4,7.0,0.05
12154,1_5_0_0,3,2.0,0.05
12155,2_7_1_1,4,7.0,0.05
12156,2_3_0_0,3,2.0,0.05
12157,2_1_1_1,4,7.0,0.05
12158,2_6_1_0,1,6.0,0.05
12159,3_1_1_1,0,9.0,0.05
12160,2_6_0_1,4,1.5,0.05
12161,2_2_1_0,1,6.0,0.05
12162,1_6_0_1,1,3.0,0.05
12163,2_2_1_1,4,7.0,0.05
12164,2_3_1_0,1,6.0,0.05
12165,1_1_1_1,0,9.0,0.05
12166,3_6_1_1,4,7.0,0.05
12167,1_7_0_0,2,2.0,0.05
12168,1_1_1_1,0,9.0,0.05
12169,2_0_1_1,1,5.0,0.05
12170,2_6_0_0,1,0.0,0.05
12171,1_0_1_0,5,3.0,0.05
12172,3_7_1_0,1,6.0,0.05
12173,3_2_1_1,1,9.0,0.05
12174,1_7_0_0,2,2.0,0.05
12175,3_2_0_1,4,1.5,0.05
12176,2_6_0_0,1,0.0,0.05
12177,1_5_1_0,1,2.0,0.05
12178,2_6_0_1,4,1.5,0.05
12179,2_5_1_1,0,9.0,0.05
12180,2_3_1_1,4,7.0,0.05
12181,3_2_1_1,1,9.0,0.05
12182,3_6_0_1,1,3.0,0.05
12183,3_7_0_0,2,2.0,0.05
12184,3_1_1_0,0,3.0,0.05
12185,1_2_1_1,4,7.0,0.05
12186,2_2_1_1,4,7.0,0.05
12187,3_2_1_1,4,7.0,0.05
12188,1_3_0_0,0,-4.5,0.05
12189,3_7_1_0,1,6.0,0.05
12190,3_1_1_1,0,9.0,0.05
12191,2_1_0_0,5,2.0,0.05
12192,2_3_0_1,3,1.0,0.05
12193,3_4_1_1,0,5.0,0.05
12194,2_5_1_0,1,2.0,0.05
12195,1_7_1_1,0,9.0,0.05
12196,3_6_0_0,5,2.0,0.05
12197,3_0_1_0,4,1.0,0.05
12198,2_3_0_0,3,2.0,0.05
12199,2_3_0_1,3,1.0,0.05
12200,3_4_1_1,0,5.0,0.05
12201,3_4_1_1,0,5.0,0.05
12202,1_7_1_1,1,9.0,0.05
12203,3_6_1_0,1,6.0,0.05
12204,3_3_0_0,5,2.0,0.05
12205,3_7_0_0,2,2.0,0.05
12206,3_2_0_1,4,1.5,0.05
12207,1_4_1_0,5,3.0,0.05
12208,3_5_1_0,0,3.0,0.05
12209,2_5_0_0,5,2.0,0.05
12210,2_1_0_0,5,2.0,0.05
12211,1_2_1_0,1,6.0,0.05
12212,2_3_1_1,0,9.0,0.05
12213,1_2_0_0,3,2.0,0.05
12214,1_6_1_0,1,6.0,0.05
12215,2_6_1_0,1,6.0,0.05
12216,1_2_1_1,4,7.0,0.05
12217,2_4_0_0,3,2.0,0.05
12218,1_4_1_1,4,7.0,0.05
12219,1_6_0_0,2,2.0,0.05
12220,1_3_0_0,5,2.0,0.05
12221,3_4_1_1,0,5.0,0.05
12222,1_7_0_0,5,2.0,0.05
12223,2_6_1_1,1,9.0,0.05
12224,2_0_0_0,5,2.0,0.05
12225,1_4_0_0,3,2.0,0.05
12226,3_6_1_0,1,6.0,0.05
12227,2_3_0_1,3,1.0,0.05
12228,3_0_0_1,3,1.0,0.05
12229,2_4_0_0,3,2.0,0.05
12230,2_0_0_0,5,2.0,0.05
12231,3_2_0_0,3,2.0,0.05
12232,2_5_0_1,4,1.5,0.05
12233,1_0_1_0,5,3.0,0.05
12234,2_6_1_0,1,6.0,0.05
12235,2_4_1_1,0,5.0,0.05
12236,3_3_1_1,1,9.0,0.05
12237,2_1_0_0,5,2.0,0.05
12238,1_3_1_0,1,6.0,0.05
12239,3_2_1_0,1,6.0,0.05
12240,1_6_1_0,1,6.0,0.05
12241,3_2_1_0,1,6.0,0.05
12242,1_0_1_1,4,7.0,0.05
12243,3_1_0_1,0,1.5,0.05
12244,2_3_0_0,3,2.0,0.05
12245,1_6_1_1,4,7.0,0.05
12246,1_7_1_0,1,6.0,0.05
12247,3_3_1_0,0,3.0,0.05
12248,2_7_0_1,1,3.0,0.05
12249,1_7_0_0,2,2.0,0.05
12250,2_6_0_0,1,0.0,0.05
12251,3_2_0_0,3,2.0,0.05
12252,1_7_0_1,1,3.0,0.05
12253,3_0_1_1,0,5.0,0.05
12254,1_5_0_1,0,1.5,0.05
12255,3_0_0_0,5,2.0,0.05
12256,3_1_1_1,0,9.0,0.05
12257,1_7_1_0,1,6.0,0.05
12258,1_5_1_0,1,2.0,0.05
12259,3_7_0_1,3,1.0,0.05
12260,1_7_1_1,1,9.0,0.05
12261,3_6_0_0,5,2.0,0.05
12262,3_2_1_0,1,6.0,0.05
12263,1_6_1_0,5,3.0,0.05
12264,1_2_1_1,4,7.0,0.05
12265,1_3_1_0,1,6.0,0.05
12266,3_6_1_1,4,7.0,0.05
12267,2_6_0_1,4,1.5,0.05
12268,3_2_1_0,1,6.0,0.05
12269,2_1_1_0,5,3.0,0.05
12270,3_2_0_1,4,1.5,0.05
12271,2_5_0_0,5,2.0,0.05
12272,1_6_0_0,1,0.0,0.05
12273,3_7_1_0,1,6.0,0.05
12274,3_2_1_0,1,6.0,0.05
12275,1_3_0_0,5,2.0,0.05
12276,3_1_0_0,3,2.0,0.05
12277,1_4_1_1,0,5.0,0.05
12278,3_5_1_0,0,3.0,0.05
12279,2_0_0_1,4,1.5,0.05
12280,3_1_0_1,4,1.5,0.05
12281,1_7_0_0,2,2.0,0.05
12282,3_0_1_1,0,5.0,0.05
12283,1_7_1_0,1,6.0,0.05
12284,3_4_0_1,4,1.5,0.05
12285,2_0_0_1,4,1.5,0.05
12286,2_0_1_1,1,5.0,0.05
12287,2_2_0_1,4,1.5,0.05
12288,1_0_1_1,4,7.0,0.05
12289,3_7_1_0,1,6.0,0.05
12290,2_1_0_1,0,1.5,0.05
12291,1_3_1_1,4,7.0,0.05
12292,3_0_0_0,5,2.0,0.05
12293,3_7_1_0,1,6.0,0.05
12294,3_1_0_1,0,1.5,0.05
12295,2_6_1_1,1,9.0,0.05
12296,2_4_1_1,0,5.0,0.05
12297,2_5_1_0,1,2.0,0.05
12298,2_6_1_1,0,5.0,0.05
12299,3_6_1_1,4,7.0,0.05
12300,2_6_0_1,4,1.5,0.05
12301,1_3_0_0,5,2.0,0.05
12302,2_5_1_1,0,9.0,0.05
12303,2_3_0_1,3,1.0,0.05
12304,1_6_1_0,1,6.0,0.05
12305,3_0_1_0,4,1.0,0.05
12306,3_1_1_0,0,3.0,0.05
12307,3_5_1_1,0,9.0,0.05
12308,2_1_0_0,1,-4.0,0.05
12309,3_7_1_0,1,6.0,0.05
12310,1_1_0_0,3,2.0,0.05
12311,1_5_0_0,3,2.0,0.05
12312,3_6_0_1,1,3.0,0.05
12313,2_0_0_0,5,2.0,0.05
12314,3_3_1_0,0,3.0,0.05
12315,3_5_0_1,0,1.5,0.05
12316,3_6_0_0,5,2.0,0.05
12317,2_0_0_1,4,1.5,0.05
12318,2_5_1_0,3,-14.0,0.05
12319,2_2_0_0,3,2.0,0.05
12320,1_0_0_0,3,2.0,0.05
12321,3_1_1_0,0,3.0,0.05
12322,1_7_1_0,1,6.0,0.05
12323,1_4_0_0,3,2.0,0.05
12324,3_6_0_0,5,2.0,0.05
12325,3_0_1_1,0,5.0,0.05
12326,3_2_1_1,1,9.0,0.05
12327,1_1_0_1,0,1.5,0.05
12328,3_3_0_0,5,2.0,0.05
12329,1_1_1_0,5,3.0,0.05
12330,3_5_0_0,3,2.0,0.05
12331,1_7_0_0,2,2.0,0.05
12332,2_5_1_1,0,9.0,0.05
12333,1_5_0_1,0,1.5,0.05
12334,3_7_0_0,2,2.0,0.05
12335,1_4_0_1,3,1.0,0.05
12336,1_5_1_1,0,9.0,0.05
12337,3_2_0_0,3,2.0,0.05
12338,2_6_1_1,1,9.0,0.05
12339,2_4_0_0,3,2.0,0.05
12340,2_7_1_1,0,9.0,0.05
12341,2_4_1_1,0,5.0,0.05
12342,1_6_1_0,1,6.0,0.05
12343,1_4_1_0,5,3.0,0.05
12344,2_3_0_0,3,2.0,0.05
12345,1_2_0_1,3,1.0,0.05
12346,1_5_0_0,3,2.0,0.05
12347,2_2_0_0,3,2.0,0.05
12348,2_6_0_0,1,0.0,0.05
12349,1_1_1_1,5,1.0,0.05
12350,3_3_1_1,1,9.0,0.05
12351,3_2_1_0,1,6.0,0.05
12352,3_4_0_1,4,1.5,0.05
12353,2_4_0_0,3,2.0,0.05
12354,2_3_0_0,3,2.0,0.05
12355,2_4_0_0,3,2.0,0.05
12356,3_5_0_1,0,1.5,0.05
12357,2_4_0_0,3,2.0,0.05
12358,2_7_1_1,0,9.0,0.05
12359,3_0_1_1,0,5.0,0.05
12360,3_6_0_1,3,1.0,0.05
12361,3_1_0_0,3,2.0,0.05
12362,2_7_0_1,1,3.0,0.05
12363,1_2_1_0,1,6.0,0.05
12364,1_5_1_1,0,9.0,0.05
12365,2_3_0_1,3,1.0,0.05
12366,1_6_0_0,2,2.0,0.05
12367,2_5_1_0,1,2.0,0.05
12368,1_0_0_0,2,-2.0,0.05
12369,1_6_0_1,1,3.0,0.05
12370,1_4_1_1,4,7.0,0.05
12371,1_2_0_0,3,2.0,0.05
12372,3_2_0_1,4,1.5,0.05
12373,1_0_0_0,3,2.0,0.05
12374,3_3_0_0,5,2.0,0.05
12375,3_6_1_1,4,7.0,0.05
12376,2_6_1_1,1,9.0,0.05
12377,2_3_1_1,0,9.0,0.05
12378,3_5_1_1,0,9.0,0.05
12379,2_7_0_1,1,3.0,0.05
12380,2_6_0_0,1,0.0,0.05
12381,2_7_1_0,1,6.0,0.05
12382,1_2_1_0,1,6.0,0.05
12383,1_3_0_1,5,0.0,0.05
12384,3_2_0_0,3,2.0,0.05
12385,1_5_1_0,1,2.0,0.05
12386,1_5_1_0,1,2.0,0.05
12387,1_7_0_0,2,2.0,0.05
12388,3_4_0_1,4,1.5,0.05
12389,3_2_1_0,1,6.0,0.05
12390,1_2_1_0,1,6.0,0.05
12391,3_6_1_1,4,7.0,0.05
12392,2_4_0_1,4,1.5,0.05
12393,2_0_0_1,0,-2.5,0.05
12394,2_3_0_1,3,1.0,0.05
12395,1_5_1_0,1,2.0,0.05
12396,1_2_1_0,1,6.0,0.05
12397,1_0_1_0,5,3.0,0.05
12398,1_7_0_1,1,3.0,0.05
12399,3_3_0_1,1,3.0,0.05
12400,2_0_0_1,4,1.5,0.05
12401,3_0_1_0,1,2.0,0.05
12402,1_0_0_1,3,1.0,0.05
12403,1_6_1_1,4,7.0,0.05
12404,3_5_1_0,0,3.0,0.05
12405,2_1_0_1,0,1.5,0.05
12406,1_3_1_0,1,6.0,0.05
12407,3_3_1_0,0,3.0,0.05
12408,2_0_0_0,5,2.0,0.05
12409,1_2_0_0,3,2.0,0.05
12410,2_5_1_0,1,2.0,0.05
12411,3_7_1_0,1,6.0,0.05
12412,1_3_0_0,5,2.0,0.05
12413,1_7_1_0,1,6.0,0.05
12414,2_7_0_0,3,2.0,0.05
12415,2_4_1_1,0,5.0,0.05
12416,2_7_0_0,3,2.0,0.05
12417,1_3_1_0,1,6.0,0.05
12418,3_6_1_1,4,7.0,0.05
12419,2_0_0_0,5,2.0,0.05
12420,3_6_0_1,1,3.0,0.05
12421,1_3_1_0,1,6.0,0.05
12422,2_5_1_0,1,2.0,0.05
12423,2_1_1_0,5,3.0,0.05
12424,2_4_0_1,4,1.5,0.05
12425,1_7_0_1,2,0.0,0.05
12426,3_1_0_1,0,1.5,0.05
12427,2_4_0_1,4,1.5,0.05
12428,1_5_0_0,3,2.0,0.05
12429,2_2_1_1,4,7.0,0.05
12430,2_1_0_1,0,1.5,0.05
12431,1_4_0_1,3,1.0,0.05
12432,2_6_0_0,1,0.0,0.05
12433,2_6_1_1,1,9.0,0.05
12434,1_4_0_0,3,2.0,0.05
12435,3_2_1_1,1,9.0,0.05
12436,2_1_1_0,5,3.0,0.05
12437,2_0_1_0,5,3.0,0.05
12438,1_5_0_0,3,2.0,0.05
12439,1_6_0_1,1,3.0,0.05
12440,2_2_1_1,4,7.0,0.05
12441,1_5_1_1,0,9.0,0.05
12442,1_6_1_0,1,6.0,0.05
12443,2_4_1_0,1,2.0,0.05
12444,2_4_1_1,0,5.0,0.05
12445,2_0_0_0,5,2.0,0.05
12446,2_0_1_1,1,5.0,0.05
12447,1_4_1_1,4,7.0,0.05
12448,2_6_1_1,1,9.0,0.05
12449,1_1_0_0,3,2.0,0.05
12450,2_2_0_1,4,1.5,0.05
12451,2_4_1_1,0,5.0,0.05
12452,3_2_0_1,4,1.5,0.05
12453,3_5_1_0,0,3.0,0.05
12454,1_5_0_1,0,1.5,0.05
12455,2_6_0_1,4,1.5,0.05
12456,1_7_0_0,2,2.0,0.05
12457,2_7_0_0,3,2.0,0.05
12458,3_6_1_0,1,6.0,0.05
12459,1_0_1_0,5,3.0,0.05
12460,1_6_1_0,1,6.0,0.05
12461,1_1_0_0,3,2.0,0.05
12462,1_7_1_1,0,9.0,0.05
12463,1_0_0_0,3,2.0,0.05
12464,1_0_1_1,4,7.0,0.05
12465,2_6_1_1,1,9.0,0.05
12466,3_7_0_1,3,1.0,0.05
12467,3_7_0_1,3,1.0,0.05
12468,1_6_1_1,4,7.0,0.05
12469,3_6_1_0,1,6.0,0.05
12470,2_6_0_0,1,0.0,0.05
12471,2_6_1_0,1,6.0,0.05
12472,1_5_1_1,0,9.0,0.05
12473,1_1_0_0,3,2.0,0.05
12474,2_7_1_1,0,9.0,0.05
12475,1_1_0_1,0,1.5,0.05
12476,2_3_0_0,3,2.0,0.05
12477,2_4_1_1,0,5.0,0.05
12478,3_4_1_0,3,-14.0,0.05
12479,2_3_1_1,0,9.0,0.05
12480,3_0_0_1,3,1.0,0.05
12481,2_1_1_0,5,3.0,0.05
12482,3_6_1_0,1,6.0,0.05
12483,1_2_0_0,3,2.0,0.05
12484,2_1_0_0,5,2.0,0.05
12485,3_7_1_1,4,7.0,0.05
12486,2_2_1_1,3,-15.0,0.05
12487,2_2_0_0,3,2.0,0.05
12488,1_0_0_0,3,2.0,0.05
12489,1_7_1_0,1,6.0,0.05
12490,1_6_1_0,4,1.0,0.05
12491,2_2_0_0,3,2.0,0.05
12492,3_6_1_0,1,6.0,0.05
12493,1_2_1_0,1,6.0,0.05
12494,1_2_0_1,3,1.0,0.05
12495,3_3_1_1,1,9.0,0.05
12496,3_3_0_0,5,2.0,0.05
12497,3_3_1_1,1,9.0,0.05
12498,1_6_0_1,1,3.0,0.05
12499,1_7_0_0,2,2.0,0.05
12500,2_7_1_0,1,6.0,0.05
12501,2_4_1_0,1,2.0,0.05
12502,3_6_0_0,5,2.0,0.05
12503,2_1_0_1,0,1.5,0.05
12504,3_6_0_1,1,3.0,0.05
12505,1_0_1_1,4,7.0,0.05
12506,3_2_0_0,3,2.0,0.05
12507,1_7_0_1,1,3.0,0.05
12508,3_4_1_1,0,5.0,0.05
12509,3_6_0_0,5,2.0,0.05
12510,1_1_0_0,3,2.0,0.05
12511,3_7_1_1,4,7.0,0.05
12512,1_3_1_0,1,6.0,0.05
12513,3_2_1_1,1,9.0,0.05
12514,1_4_1_1,4,7.0,0.05
12515,2_0_0_1,4,1.5,0.05
12516,3_1_1_1,0,9.0,0.05
12517,3_1_0_0,3,2.0,0.05
12518,2_0_0_1,4,1.5,0.05
12519,3_1_1_1,0,9.0,0.05
12520,3_7_1_1,4,7.0,0.05
12521,3_4_0_0,5,2.0,0.05
12522,2_6_0_0,1,0.0,0.05
12523,3_6_0_0,5,2.0,0.05
12524,1_0_1_1,4,7.0,0.05
12525,1_5_0_1,0,1.5,0.05
12526,3_0_0_1,3,1.0,0.05
12527,3_7_0_1,3,1.0,0.05
12528,1_0_1_1,4,7.0,0.05
12529,2_1_1_1,4,7.0,0.05
12530,3_0_0_0,5,2.0,0.05
12531,2_1_1_0,5,3.0,0.05
12532,1_1_0_1,0,1.5,0.05
12533,2_0_0_0,5,2.0,0.05
12534,3_1_0_1,0,1.5,0.05
12535,3_1_0_0,1,-4.0,0.05
12536,3_0_1_0,4,1.0,0.05
12537,3_2_1_1,1,9.0,0.05
12538,1_2_1_0,1,6.0,0.05
12539,1_7_1_0,1,6.0,0.05
12540,3_1_1_1,0,9.0,0.05
12541,3_7_1_0,1,6.0,0.05
12542,2_1_1_0,5,3.0,0.05
12543,3_5_0_1,0,1.5,0.05
12544,3_1_1_1,0,9.0,0.05
12545,2_4_0_1,4,1.5,0.05
12546,3_7_1_1,4,7.0,0.05
12547,1_6_1_1,4,7.0,0.05
12548,2_1_1_1,4,7.0,0.05
12549,3_1_1_1,0,9.0,0.05
12550,2_6_0_1,4,1.5,0.05
12551,3_0_1_1,0,5.0,0.05
12552,2_2_1_0,1,6.0,0.05
12553,2_0_1_1,1,5.0,0.05
12554,1_4_0_0,3,2.0,0.05
12555,3_1_1_1,0,9.0,0.05
12556,2_3_0_0,3,2.0,0.05
12557,3_6_1_0,1,6.0,0.05
12558,2_7_0_0,1,0.0,0.05
12559,1_6_1_0,1,6.0,0.05
12560,3_1_1_0,0,3.0,0.05
12561,2_5_0_0,5,2.0,0.05
12562,3_6_0_0,5,2.0,0.05
12563,3_1_1_0,0,3.0,0.05
12564,1_7_0_1,1,3.0,0.05
12565,1_6_1_1,4,7.0,0.05
12566,3_5_1_1,0,9.0,0.05
12567,2_7_0_1,1,3.0,0.05
12568,3_0_1_1,0,5.0,0.05
12569,2_6_0_1,4,1.5,0.05
12570,1_0_1_1,4,7.0,0.05
12571,2_6_1_0,1,6.0,0.05
12572,1_3_0_1,1,3.0,0.05
12573,1_7_1_1,0,9.0,0.05
12574,2_2_0_1,4,1.5,0.05
12575,3_7_0_1,3,1.0,0.05
12576,1_4_1_1,4,7.0,0.05
12577,3_3_1_0,0,3.0,0.05
12578,2_0_0_1,4,1.5,0.05
12579,2_0_1_1,1,5.0,0.05
12580,2_3_0_0,3,2.0,0.05
12581,3_3_0_0,5,2.0,0.05
12582,2_1_0_0,5,2.0,0.05
12583,3_6_1_0,1,6.0,0.05
12584,3_4_0_0,5,2.0,0.05
12585,1_1_0_0,3,2.0,0.05
12586,3_5_0_1,0,1.5,0.05
12587,2_1_0_0,5,2.0,0.05
12588,1_5_1_1,0,9.0,0.05
12589,3_0_0_1,3,1.0,0.05
12590,1_2_1_0,1,6.0,0.05
12591,1_2_0_1,3,1.0,0.05
12592,3_4_1_0,5,3.0,0.05
12593,3_5_1_0,0,3.0,0.05
12594,2_1_0_1,0,1.5,0.05
12595,2_3_0_0,3,2.0,0.05
12596,1_6_1_1,4,7.0,0.05
12597,3_3_0_1,1,3.0,0.05
12598,1_3_1_0,1,6.0,0.05
12599,1_2_1_0,1,6.0,0.05
12600,2_1_1_1,4,7.0,0.05
12601,3_6_1_1,4,7.0,0.05
12602,2_1_0_0,5,2.0,0.05
12603,3_4_0_1,4,1.5,0.05
12604,3_0_0_0,5,2.0,0.05
12605,3_4_1_0,5,3.0,0.05
12606,2_0_1_1,1,5.0,0.05
12607,1_5_0_0,3,2.0,0.05
12608,3_6_0_1,1,3.0,0.05
12609,1_2_0_0,3,2.0,0.05
12610,3_7_0_0,2,2.0,0.05
12611,3_3_1_0,0,3.0,0.05
12612,2_5_1_1,0,9.0,0.05
12613,1_7_1_0,1,6.0,0.05
12614,1_1_0_1,0,1.5,0.05
12615,2_4_1_0,1,2.0,0.05
12616,1_7_0_1,1,3.0,0.05
12617,1_6_1_1,4,7.0,0.05
12618,2_5_0_0,5,2.0,0.05
12619,3_7_0_0,2,2.0,0.05
12620,2_1_0_0,5,2.0,0.05
12621,3_7_0_1,3,1.0,0.05
12622,3_4_0_1,4,1.5,0.05
12623,2_1_0_0,5,2.0,0.05
12624,3_6_0_1,1,3.0,0.05
12625,2_5_1_1,0,9.0,0.05
12626,3_0_0_0,5,2.0,0.05
12627,2_2_0_0,3,2.0,0.05
12628,2_1_1_1,4,7.0,0.05
12629,2_3_1_0,1,6.0,0.05
12630,3_5_1_1,0,9.0,0.05
12631,2_4_1_1,0,5.0,0.05
12632,2_7_0_1,1,3.0,0.05
12633,1_1_1_0,5,3.0,0.05
12634,2_6_1_1,1,9.0,0.05
12635,3_7_1_1,4,7.0,0.05
12636,2_3_1_1,0,9.0,0.05
12637,3_3_0_0,5,2.0,0.05
12638,3_2_1_0,1,6.0,0.05
12639,2_7_0_0,3,2.0,0.05
12640,3_6_0_0,5,2.0,0.05
12641,1_3_0_0,5,2.0,0.05
12642,3_0_1_1,0,5.0,0.05
12643,1_4_1_0,5,3.0,0.05
12644,3_1_1_0,0,3.0,0.05
12645,1_3_0_1,1,3.0,0.05
12646,1_4_1_0,5,3.0,0.05
12647,3_5_0_0,3,2.0,0.05
12648,2_2_0_1,4,1.5,0.05
12649,1_4_1_1,4,7.0,0.05
12650,1_3_1_0,1,6.0,0.05
12651,2_2_0_1,4,1.5,0.05
12652,1_7_1_0,1,6.0,0.05
12653,1_1_0_1,0,1.5,0.05
12654,1_0_0_1,3,1.0,0.05
12655,2_3_0_1,3,1.0,0.05
12656,1_7_1_1,0,9.0,0.05
12657,1_4_0_0,3,2.0,0.05
12658,2_1_0_1,0,1.5,0.05
12659,3_5_0_1,0,1.5,0.05
12660,3_4_0_0,5,2.0,0.05
12661,1_7_1_0,1,6.0,0.05
12662,2_7_1_1,0,9.0,0.05
12663,2_3_0_1,3,1.0,0.05
12664,2_1_0_1,0,1.5,0.05
12665,2_1_0_1,0,1.5,0.05
12666,1_6_0_1,2,0.0,0.05
12667,2_0_1_0,5,3.0,0.05
12668,1_7_0_1,1,3.0,0.05
12669,3_2_0_1,4,1.5,0.05
12670,3_4_1_0,5,3.0,0.05
12671,3_5_1_0,0,3.0,0.05
12672,1_1_0_1,0,1.5,0.05
12673,2_2_0_0,3,2.0,0.05
12674,1_1_1_0,5,3.0,0.05
12675,2_6_1_0,1,6.0,0.05
12676,2_3_1_1,0,9.0,0.05
12677,2_4_0_0,3,2.0,0.05
12678,2_6_0_1,4,1.5,0.05
12679,2_2_0_1,4,1.5,0.05
12680,1_0_0_0,3,2.0,0.05
12681,2_2_0_0,3,2.0,0.05
12682,2_3_1_1,0,9.0,0.05
12683,3_6_0_0,5,2.0,0.05
12684,3_3_1_0,0,3.0,0.05
12685,1_2_0_0,3,2.0,0.05
12686,1_7_1_0,1,6.0,0.05
12687,2_3_1_0,1,6.0,0.05
12688,3_2_1_0,1,6.0,0.05
12689,1_1_1_1,0,9.0,0.05
12690,3_2_0_0,3,2.0,0.05
12691,1_0_0_1,3,1.0,0.05
12692,1_2_0_1,3,1.0,0.05
12693,1_2_1_1,4,7.0,0.05
12694,3_7_0_0,2,2.0,0.05
12695,1_7_0_1,1,3.0,0.05
12696,3_5_1_1,0,9.0,0.05
12697,2_5_0_0,5,2.0,0.05
12698,1_6_0_1,1,3.0,0.05
12699,3_6_0_1,1,3.0,0.05
12700,2_1_1_1,4,7.0,0.05
12701,1_0_0_1,3,1.0,0.05
12702,3_4_0_1,4,1.5,0.05
12703,3_6_1_0,1,6.0,0.05
12704,1_4_1_0,5,3.0,0.05
12705,3_4_0_0,5,2.0,0.05
12706,3_7_0_1,3,1.0,0.05
12707,2_2_1_1,4,7.0,0.05
12708,2_5_0_1,4,1.5,0.05
12709,3_7_1_1,4,7.0,0.05
12710,3_2_1_1,1,9.0,0.05
12711,1_0_1_1,4,7.0,0.05
12712,2_5_0_0,5,2.0,0.05
12713,2_3_1_0,1,6.0,0.05
12714,1_7_1_0,1,6.0,0.05
12715,2_4_0_1,4,1.5,0.05
12716,3_4_1_1,0,5.0,0.05
12717,1_2_0_1,3,1.0,0.05
12718,2_3_0_0,3,2.0,0.05
12719,1_5_1_1,0,9.0,0.05
12720,3_6_1_0,1,6.0,0.05
12721,2_6_0_0,1,0.0,0.05
12722,2_0_1_1,1,5.0,0.05
12723,2_3_0_1,3,1.0,0.05
12724,1_6_0_1,1,3.0,0.05
12725,1_2_1_1,4,7.0,0.05
12726,2_0_0_0,5,2.0,0.05
12727,3_0_0_1,3,1.0,0.05
12728,1_0_0_1,3,1.0,0.05
12729,2_2_0_1,4,1.5,0.05
12730,2_6_1_0,1,6.0,0.05
12731,3_4_1_0,5,3.0,0.05
12732,2_3_0_1,3,1.0,0.05
12733,2_5_1_1,0,9.0,0.05
12734,1_3_0_1,1,3.0,0.05
12735,3_0_1_1,0,5.0,0.05
12736,1_2_0_0,3,2.0,0.05
12737,3_4_0_1,4,1.5,0.05
12738,3_0_0_0,5,2.0,0.05
12739,3_6_1_1,4,7.0,0.05
12740,2_7_0_0,3,2.0,0.05
12741,3_3_1_0,0,3.0,0.05
12742,1_0_0_0,3,2.0,0.05
12743,3_5_0_0,3,2.0,0.05
12744,3_4_1_0,5,3.0,0.05
12745,2_2_0_1,4,1.5,0.05
12746,1_7_1_1,0,9.0,0.05
12747,1_0_1_1,4,7.0,0.05
12748,2_0_0_1,4,1.5,0.05
12749,3_3_0_0,5,2.0,0.05
12750,1_3_1_1,4,7.0,0.05
12751,3_5_0_0,3,2.0,0.05
12752,3_3_1_1,1,9.0,0.05
12753,3_7_1_1,4,7.0,0.05
12754,3_6_1_0,1,6.0,0.05
12755,1_5_1_1,0,9.0,0.05
12756,3_3_0_1,1,3.0,0.05
12757,2_2_1_1,4,7.0,0.05
12758,2_7_1_1,0,9.0,0.05
12759,1_3_1_0,1,6.0,0.05
12760,2_7_0_1,1,3.0,0.05
12761,2_0_0_1,4,1.5,0.05
12762,1_7_1_0,1,6.0,0.05
12763,3_6_1_0,1,6.0,0.05
12764,2_0_1_0,0,-1.0,0.05
12765,3_2_1_1,1,9.0,0.05
12766,2_2_1_1,4,7.0,0.05
12767,2_0_0_0,5,2.0,0.05
12768,3_6_1_1,4,7.0,0.05
12769,2_3_0_0,3,2.0,0.05
12770,2_0_1_1,1,5.0,0.05
12771,2_5_1_1,0,9.0,0.05
12772,2_7_1_0,1,6.0,0.05
12773,1_4_1_1,4,7.0,0.05
12774,2_2_1_1,4,7.0,0.05
12775,1_1_0_0,3,2.0,0.05
12776,3_2_1_1,1,9.0,0.05
12777,2_5_1_1,0,9.0,0.05
12778,2_0_0_0,5,2.0,0.05
12779,3_2_0_1,4,1.5,0.05
12780,3_7_0_1,3,1.0,0.05
12781,3_3_1_0,0,3.0,0.05
12782,1_1_0_0,2,-2.0,0.05
12783,3_4_1_0,5,3.0,0.05
12784,2_3_1_0,1,6.0,0.05
12785,1_5_0_1,0,1.5,0.05
12786,1_5_0_0,3,2.0,0.05
12787,2_0_1_1,0,5.0,0.05
12788,1_6_0_1,1,3.0,0.05
12789,2_1_1_0,5,3.0,0.05
12790,1_2_0_0,3,2.0,0.05
12791,2_4_0_0,3,2.0,0.05
12792,3_6_1_0,1,6.0,0.05
12793,1_0_1_1,4,7.0,0.05
12794,2_4_0_0,3,2.0,0.05
12795,1_1_0_1,0,1.5,0.05
12796,1_3_0_0,5,2.0,0.05
12797,3_2_1_0,1,6.0,0.05
12798,2_2_1_0,1,6.0,0.05
12799,3_3_0_1,1,3.0,0.05
12800,3_0_1_1,0,5.0,0.05
12801,2_6_0_0,1,0.0,0.05
12802,3_7_1_1,4,7.0,0.05
12803,3_1_1_1,0,9.0,0.05
12804,1_6_0_1,1,3.0,0.05
12805,1_5_1_1,0,9.0,0.05
12806,2_5_0_1,4,1.5,0.05
12807,1_7_0_0,2,2.0,0.05
12808,2_1_1_1,5,1.0,0.05
12809,2_7_0_1,1,3.0,0.05
12810,2_0_0_1,4,1.5,0.05
12811,2_5_0_1,4,1.5,0.05
12812,2_1_1_1,4,7.0,0.05
12813,2_2_0_1,4,1.5,0.05
12814,2_2_1_1,4,7.0,0.05
12815,2_5_0_1,4,1.5,0.05
12816,3_7_0_0,2,2.0,0.05
12817,3_5_0_0,0,-4.5,0.05
12818,2_7_1_1,0,9.0,0.05
12819,1_7_1_1,0,9.0,0.05
12820,3_7_1_1,4,7.0,0.05
12821,2_0_1_1,1,5.0,0.05
12822,1_4_0_1,3,1.0,0.05
12823,3_1_1_1,0,9.0,0.05
12824,2_6_0_1,4,1.5,0.05
12825,3_6_1_0,1,6.0,0.05
12826,1_0_0_1,5,0.0,0.05
12827,3_2_1_0,1,6.0,0.05
12828,2_2_1_1,4,7.0,0.05
12829,2_0_0_0,5,2.0,0.05
12830,2_4_0_1,4,1.5,0.05
12831,1_0_0_1,3,1.0,0.05
12832,3_2_1_1,1,9.0,0.05
12833,1_5_1_1,0,9.0,0.05
12834,3_6_1_1,4,7.0,0.05
12835,3_7_1_0,1,6.0,0.05
12836,3_4_1_1,0,5.0,0.05
12837,2_1_0_0,5,2.0,0.05
12838,3_1_1_0,0,3.0,0.05
12839,3_3_0_1,1,3.0,0.05
12840,2_2_0_1,4,1.5,0.05
12841,2_0_1_0,5,3.0,0.05
12842,3_6_1_1,4,7.0,0.05
12843,1_3_1_0,1,6.0,0.05
12844,1_0_0_0,3,2.0,0.05
12845,3_6_0_1,1,3.0,0.05
12846,1_6_0_0,2,2.0,0.05
12847,3_5_0_1,0,1.5,0.05
12848,2_6_1_1,1,9.0,0.05
12849,3_0_1_1,0,5.0,0.05
12850,3_2_1_1,5,1.0,0.05
12851,3_7_1_1,4,7.0,0.05
12852,2_2_1_0,1,6.0,0.05
12853,2_2_0_0,3,2.0,0.05
12854,3_4_0_1,4,1.5,0.05
12855,3_7_0_1,3,1.0,0.05
12856,2_4_1_0,1,2.0,0.05
12857,2_5_0_1,4,1.5,0.05
12858,2_3_1_0,1,6.0,0.05
12859,1_0_1_1,2,-9.0,0.05
12860,1_7_0_1,1,3.0,0.05
12861,2_0_1_1,1,5.0,0.05
12862,3_7_0_1,3,1.0,0.05
12863,3_5_0_0,3,2.0,0.05
12864,3_4_1_1,0,5.0,0.05
12865,3_1_1_1,0,9.0,0.05
12866,3_1_1_0,0,3.0,0.05
12867,2_2_1_1,4,7.0,0.05
12868,3_7_1_0,1,6.0,0.05
12869,1_0_0_0,3,2.0,0.05
12870,3_5_1_0,0,3.0,0.05
12871,2_3_0_1,3,1.0,0.05
12872,3_0_1_1,0,5.0,0.05
12873,3_6_0_1,1,3.0,0.05
12874,2_4_1_1,0,5.0,0.05
12875,3_0_0_0,5,2.0,0.05
12876,3_0_0_1,3,1.0,0.05
12877,3_4_0_1,4,1.5,0.05
12878,3_5_0_0,3,2.0,0.05
12879,2_3_1_0,1,6.0,0.05
12880,3_3_0_0,5,2.0,0.05
12881,2_5_0_0,5,2.0,0.05
12882,1_2_1_0,4,1.0,0.05
12883,3_4_1_1,0,5.0,0.05
12884,2_2_1_0,5,3.0,0.05
12885,3_2_0_1,4,1.5,0.05
12886,1_4_0_0,3,2.0,0.05
12887,1_7_1_1,0,9.0,0.05
12888,3_4_1_1,0,5.0,0.05
12889,3_4_1_0,5,3.0,0.05
12890,3_6_1_0,1,6.0,0.05
12891,3_6_0_0,5,2.0,0.05
12892,1_6_0_0,3,2.0,0.05
12893,3_0_0_0,5,2.0,0.05
12894,1_3_1_1,4,7.0,0.05
12895,2_0_1_0,5,3.0,0.05
12896,1_1_1_1,0,9.0,0.05
12897,3_3_0_1,1,3.0,0.05
12898,2_7_1_0,1,6.0,0.05
12899,3_7_1_0,1,6.0,0.05
12900,2_0_0_1,4,1.5,0.05
12901,1_6_1_0,1,6.0,0.05
12902,3_0_1_1,0,5.0,0.05
12903,1_2_1_1,4,7.0,0.05
12904,1_3_0_1,1,3.0,0.05
12905,3_4_0_1,4,1.5,0.05
12906,3_0_1_0,4,1.0,0.05
12907,1_2_1_0,1,6.0,0.05
12908,2_1_1_0,5,3.0,0.05
12909,1_4_1_0,5,3.0,0.05
12910,1_1_0_0,3,2.0,0.05
12911,1_0_1_1,4,7.0,0.05
12912,2_3_0_1,3,1.0,0.05
12913,1_3_0_0,5,2.0,0.05
12914,2_3_1_0,1,6.0,0.05
12915,1_5_0_0,3,2.0,0.05
12916,2_2_1_0,1,6.0,0.05
12917,2_3_1_0,1,6.0,0.05
12918,1_2_0_0,3,2.0,0.05
12919,2_6_0_0,1,0.0,0.05
12920,2_4_1_1,0,5.0,0.05
12921,2_1_1_1,4,7.0,0.05
12922,2_5_1_0,1,2.0,0.05
12923,3_1_1_1,0,9.0,0.05
12924,1_6_0_0,2,2.0,0.05
12925,3_0_0_1,3,1.0,0.05
12926,3_6_1_0,1,6.0,0.05
12927,3_4_0_0,5,2.0,0.05
12928,1_4_1_1,4,7.0,0.05
12929,2_5_1_0,1,2.0,0.05
12930,2_5_0_1,4,1.5,0.05
12931,3_4_1_1,0,5.0,0.05
12932,3_0_0_1,3,1.0,0.05
12933,3_4_1_1,0,5.0,0.05
12934,3_0_1_1,0,5.0,0.05
12935,3_6_0_0,5,2.0,0.05
12936,1_6_0_0,2,2.0,0.05
12937,1_5_0_0,3,2.0,0.05
12938,1_2_1_0,1,6.0,0.05
12939,2_1_0_1,4,1.5,0.05
12940,3_2_0_1,4,1.5,0.05
12941,1_0_1_0,5,3.0,0.05
12942,3_6_0_0,5,2.0,0.05
12943,2_6_0_1,4,1.5,0.05
12944,2_3_0_0,3,2.0,0.05
12945,1_6_0_1,1,3.0,0.05
12946,2_0_1_0,5,3.0,0.05
12947,2_2_1_1,4,7.0,0.05
12948,2_7_1_0,1,6.0,0.05
12949,1_2_1_1,4,7.0,0.05
12950,2_5_1_0,1,2.0,0.05
12951,2_7_1_0,1,6.0,0.05
12952,2_0_1_1,1,5.0,0.05
12953,2_4_1_1,0,5.0,0.05
12954,2_3_1_1,0,9.0,0.05
12955,2_5_0_0,1,-4.0,0.05
12956,2_3_1_0,1,6.0,0.05
12957,1_5_0_0,3,2.0,0.05
12958,1_0_0_1,3,1.0,0.05
12959,1_6_1_0,1,6.0,0.05
12960,3_1_0_0,3,2.0,0.05
12961,3_7_0_1,5,0.0,0.05
12962,2_6_1_1,1,9.0,0.05
12963,3_3_1_1,1,9.0,0.05
12964,2_5_0_0,5,2.0,0.05
12965,1_0_1_1,4,7.0,0.05
12966,1_3_1_1,4,7.0,0.05
12967,3_6_0_1,1,3.0,0.05
12968,3_1_1_0,0,3.0,0.05
12969,1_4_1_0,5,3.0,0.05
12970,1_1_1_1,0,9.0,0.05
12971,2_3_1_1,0,9.0,0.05
12972,2_6_1_1,1,9.0,0.05
12973,1_5_1_1,0,9.0,0.05
12974,3_4_0_0,5,2.0,0.05
12975,2_0_1_0,5,3.0,0.05
12976,2_3_1_1,0,9.0,0.05
12977,3_1_1_0,0,3.0,0.05
12978,1_2_0_0,3,2.0,0.05
12979,2_4_1_1,0,5.0,0.05
12980,2_7_1_1,0,9.0,0.05
12981,1_4_0_0,3,2.0,0.05
12982,3_3_1_0,0,3.0,0.05
12983,3_0_1_1,0,5.0,0.05
12984,2_0_0_1,4,1.5,0.05
12985,3_5_0_0,3,2.0,0.05
12986,3_3_0_1,1,3.0,0.05
12987,2_2_1_0,1,6.0,0.05
12988,3_3_1_1,1,9.0,0.05
12989,2_7_1_1,3,-15.0,0.05
12990,1_4_0_0,3,2.0,0.05
12991,3_3_1_1,1,9.0,0.05
12992,2_0_1_1,1,5.0,0.05
12993,2_4_0_0,3,2.0,0.05
12994,1_1_1_1,0,9.0,0.05
12995,1_4_0_1,3,1.0,0.05
12996,1_2_1_1,4,7.0,0.05
12997,1_6_0_0,2,2.0,0.05
12998,2_4_0_0,3,2.0,0.05
12999,3_4_0_0,5,2.0,0.05
13000,1_6_1_0,1,6.0,0.05
13001,1_0_1_1,4,7.0,0.05
13002,2_0_0_1,4,1.5,0.05
13003,1_5_0_1,0,1.5,0.05
13004,2_4_1_1,0,5.0,0.05
13005,3_7_0_1,3,1.0,0.05
13006,2_1_1_0,5,3.0,0.05
13007,1_5_0_1,0,1.5,0.05
13008,3_3_1_1,1,9.0,0.05
13009,1_2_1_0,1,6.0,0.05
13010,3_2_0_0,3,2.0,0.05
13011,2_6_1_0,2,-3.0,0.05
13012,2_7_1_1,1,9.0,0.05
13013,1_3_0_1,1,3.0,0.05
13014,3_0_1_0,4,1.0,0.05
13015,1_2_1_1,4,7.0,0.05
13016,1_4_0_1,3,1.0,0.05
13017,3_1_0_1,0,1.5,0.05
13018,3_7_1_0,1,6.0,0.05
13019,1_0_1_1,4,7.0,0.05
13020,3_7_0_0,2,2.0,0.05
13021,1_1_1_1,0,9.0,0.05
13022,2_1_1_1,4,7.0,0.05
13023,1_2_0_0,3,2.0,0.05
13024,1_4_0_0,3,2.0,0.05
13025,3_1_0_0,3,2.0,0.05
13026,1_1_0_1,0,1.5,0.05
13027,1_6_0_1,1,3.0,0.05
13028,1_7_1_1,0,9.0,0.05
13029,1_0_1_0,5,3.0,0.05
13030,2_4_0_1,4,1.5,0.05
13031,3_5_0_1,0,1.5,0.05
13032,3_3_1_1,1,9.0,0.05
13033,2_6_1_1,1,9.0,0.05
13034,1_1_1_1,0,9.0,0.05
13035,1_0_1_1,4,7.0,0.05
13036,3_0_1_0,4,1.0,0.05
13037,3_5_1_1,0,9.0,0.05
13038,2_4_1_1,0,5.0,0.05
13039,3_4_1_1,0,5.0,0.05
13040,1_7_1_0,1,6.0,0.05
13041,2_4_1_1,0,5.0,0.05
13042,3_7_1_0,1,6.0,0.05
13043,2_5_1_1,0,9.0,0.05
13044,2_5_0_1,4,1.5,0.05
13045,3_5_1_1,0,9.0,0.05
13046,2_3_1_1,0,9.0,0.05
13047,1_5_1_1,0,9.0,0.05
13048,3_3_1_0,0,3.0,0.05
13049,3_5_0_1,0,1.5,0.05
13050,1_1_0_1,0,1.5,0.05
13051,3_5_1_1,0,9.0,0.05
13052,3_6_1_1,4,7.0,0.05
13053,2_1_1_0,1,2.0,0.05
13054,3_0_1_0,5,3.0,0.05
13055,3_3_0_1,1,3.0,0.05
13056,3_6_0_1,1,3.0,0.05
13057,1_0_0_0,3,2.0,0.05
13058,1_4_1_0,5,3.0,0.05
13059,2_7_0_0,3,2.0,0.05
13060,3_6_1_0,1,6.0,0.05
13061,2_3_1_1,0,9.0,0.05
13062,3_3_1_0,3,-14.0,0.05
13063,2_0_0_0,5,2.0,0.05
13064,2_3_0_1,3,1.0,0.05
13065,2_4_0_1,4,1.5,0.05
13066,3_6_0_0,5,2.0,0.05
13067,1_2_0_0,3,2.0,0.05
13068,3_7_0_1,3,1.0,0.05
13069,3_3_0_0,5,2.0,0.05
13070,3_5_1_1,0,9.0,0.05
13071,3_6_0_1,1,3.0,0.05
13072,1_2_0_1,3,1.0,0.05
13073,3_4_0_1,4,1.5,0.05
13074,1_3_1_0,1,6.0,0.05
13075,1_2_0_1,3,1.0,0.05
13076,2_1_0_1,0,1.5,0.05
13077,1_5_0_0,3,2.0,0.05
13078,1_2_0_1,3,1.0,0.05
13079,3_0_1_0,4,1.0,0.05
13080,3_3_1_0,0,3.0,0.05
13081,3_4_1_0,5,3.0,0.05
13082,1_6_0_1,1,3.0,0.05
13083,3_0_1_1,0,5.0,0.05
13084,3_2_0_1,4,1.5,0.05
13085,3_5_0_1,0,1.5,0.05
13086,2_0_0_1,4,1.5,0.05
13087,3_7_0_0,2,2.0,0.05
13088,1_1_0_1,0,1.5,0.05
13089,2_7_0_1,3,1.0,0.05
13090,3_0_0_0,5,2.0,0.05
13091,1_4_1_1,4,7.0,0.05
13092,2_0_0_0,5,2.0,0.05
13093,2_0_1_0,5,3.0,0.05
13094,1_6_1_1,4,7.0,0.05
13095,3_7_1_0,1,6.0,0.05
13096,3_2_0_1,4,1.5,0.05
13097,3_0_0_0,5,2.0,0.05
13098,2_1_1_1,4,7.0,0.05
13099,1_2_0_0,3,2.0,0.05
13100,3_2_0_1,4,1.5,0.05
13101,3_2_1_1,1,9.0,0.05
13102,3_6_0_1,1,3.0,0.05
13103,1_4_1_1,4,7.0,0.05
13104,1_6_1_1,4,7.0,0.05
13105,1_3_1_1,4,7.0,0.05
13106,3_3_1_0,0,3.0,0.05
13107,1_5_1_1,0,9.0,0.05
13108,3_0_0_0,5,2.0,0.05
13109,1_4_1_1,4,7.0,0.05
13110,3_2_0_1,4,1.5,0.05
13111,1_2_1_1,4,7.0,0.05
13112,3_3_1_1,1,9.0,0.05
13113,1_2_1_0,1,6.0,0.05
13114,2_5_0_1,4,1.5,0.05
13115,3_4_1_1,0,5.0,0.05
13116,1_3_1_1,4,7.0,0.05
13117,3_3_0_0,5,2.0,0.05
13118,3_5_0_1,0,1.5,0.05
13119,1_4_0_0,3,2.0,0.05
13120,1_6_0_1,1,3.0,0.05
13121,1_1_0_0,3,2.0,0.05
13122,1_6_1_1,4,7.0,0.05
13123,1_6_1_1,4,7.0,0.05
13124,2_1_1_0,5,3.0,0.05
13125,2_7_0_0,3,2.0,0.05
13126,3_1_0_0,3,2.0,0.05
13127,1_7_0_1,1,3.0,0.05
13128,1_6_1_0,2,-3.0,0.05
13129,3_6_0_0,4,-4.5,0.05
13130,3_7_1_0,1,6.0,0.05
13131,1_6_1_0,1,6.0,0.05
13132,3_4_0_0,5,2.0,0.05
13133,3_7_0_1,3,1.0,0.05
13134,3_6_0_1,1,3.0,0.05
13135,2_7_1_1,0,9.0,0.05
13136,2_7_1_0,1,6.0,0.05
13137,3_6_0_0,5,2.0,0.05
13138,1_6_0_0,2,2.0,0.05
13139,2_0_0_1,2,-4.0,0.05
13140,1_2_1_1,4,7.0,0.05
13141,3_4_0_0,5,2.0,0.05
13142,2_2_1_0,1,6.0,0.05
13143,3_6_1_1,4,7.0,0.05
13144,3_4_1_0,5,3.0,0.05
13145,1_4_0_0,3,2.0,0.05
13146,2_0_0_1,4,1.5,0.05
13147,3_5_0_0,3,2.0,0.05
13148,1_0_1_1,4,7.0,0.05
13149,1_1_0_1,0,1.5,0.05
13150,3_1_1_1,0,9.0,0.05
13151,3_0_1_0,4,1.0,0.05
13152,1_2_1_1,4,7.0,0.05
13153,3_5_0_1,0,1.5,0.05
13154,2_2_1_1,4,7.0,0.05
13155,3_2_1_0,5,3.0,0.05
13156,2_4_0_1,4,1.5,0.05
13157,1_5_0_1,0,1.5,0.05
13158,2_2_1_1,4,7.0,0.05
13159,2_6_1_1,1,9.0,0.05
13160,2_5_1_0,1,2.0,0.05
13161,3_3_0_0,5,2.0,0.05
13162,1_3_0_0,5,2.0,0.05
13163,1_5_1_1,0,9.0,0.05
13164,3_6_1_0,1,6.0,0.05
13165,3_4_0_0,1,-4.0,0.05
13166,3_3_0_0,5,2.0,0.05
13167,1_0_0_0,3,2.0,0.05
13168,1_2_0_0,3,2.0,0.05
13169,1_4_1_0,5,3.0,0.05
13170,2_2_1_0,1,6.0,0.05
13171,3_7_0_1,3,1.0,0.05
13172,3_4_0_1,4,1.5,0.05
13173,3_0_1_0,4,1.0,0.05
13174,1_3_1_1,4,7.0,0.05
13175,3_2_0_1,4,1.5,0.05
13176,1_6_0_1,1,3.0,0.05
13177,2_1_1_0,5,3.0,0.05
13178,1_3_0_1,1,3.0,0.05
13179,2_1_0_1,0,1.5,0.05
13180,2_3_1_0,1,6.0,0.05
13181,1_2_0_0,3,2.0,0.05
13182,1_2_1_0,1,6.0,0.05
13183,1_0_0_0,3,2.0,0.05
13184,3_1_1_1,5,1.0,0.05
13185,2_4_0_1,4,1.5,0.05
13186,2_1_0_0,5,2.0,0.05
13187,3_7_0_0,2,2.0,0.05
13188,3_2_1_1,1,9.0,0.05
13189,2_4_1_1,2,-5.0,0.05
13190,2_1_0_1,0,1.5,0.05
13191,2_3_0_0,3,2.0,0.05
13192,3_6_1_0,5,3.0,0.05
13193,1_3_0_0,5,2.0,0.05
13194,1_4_0_1,3,1.0,0.05
13195,2_4_0_0,3,2.0,0.05
13196,2_6_1_1,1,9.0,0.05
13197,2_0_0_1,4,1.5,0.05
13198,2_5_0_1,4,1.5,0.05
13199,1_0_0_1,3,1.0,0.05
13200,2_7_0_1,1,3.0,0.05
13201,3_0_1_0,4,1.0,0.05
13202,2_5_1_0,1,2.0,0.05
13203,2_7_1_1,0,9.0,0.05
13204,1_4_1_0,5,3.0,0.05
13205,1_3_0_1,1,3.0,0.05
13206,3_4_0_1,4,1.5,0.05
13207,2_5_0_1,4,1.5,0.05
13208,3_4_1_0,2,-3.0,0.05
13209,2_1_1_0,5,3.0,0.05
13210,1_7_1_1,0,9.0,0.05
13211,2_7_1_0,1,6.0,0.05
13212,3_3_1_1,1,9.0,0.05
13213,1_7_1_1,0,9.0,0.05
13214,3_1_1_0,0,3.0,0.05
13215,3_2_0_1,4,1.5,0.05
13216,3_5_1_1,0,9.0,0.05
13217,3_1_0_1,0,1.5,0.05
13218,2_3_0_0,3,2.0,0.05
13219,1_6_0_0,2,2.0,0.05
13220,3_2_0_0,3,2.0,0.05
13221,2_1_1_0,5,3.0,0.05
13222,3_1_1_1,0,9.0,0.05
13223,1_7_0_1,1,3.0,0.05
13224,2_7_0_1,1,3.0,0.05
13225,2_6_0_0,1,0.0,0.05
13226,3_1_1_0,0,3.0,0.05
13227,3_2_0_1,4,1.5,0.05
13228,1_1_0_0,3,2.0,0.05
13229,2_1_0_1,0,1.5,0.05
13230,2_6_0_0,1,0.0,0.05
13231,3_3_0_0,5,2.0,0.05
13232,1_2_0_1,3,1.0,0.05
13233,2_7_1_1,0,9.0,0.05
13234,2_6_0_1,4,1.5,0.05
13235,1_5_0_1,0,1.5,0.05
13236,1_6_0_0,2,2.0,0.05
13237,1_5_0_1,2,0.0,0.05
13238,1_0_0_0,3,2.0,0.05
13239,3_0_0_0,5,2.0,0.05
13240,1_7_1_0,1,6.0,0.05
13241,3_4_0_1,4,1.5,0.05
13242,3_7_1_1,4,7.0,0.05
13243,1_7_0_1,1,3.0,0.05
13244,2_2_1_1,4,7.0,0.05
13245,1_0_1_1,4,7.0,0.05
13246,2_3_1_1,0,9.0,0.05
13247,1_7_0_0,2,2.0,0.05
13248,2_1_0_0,5,2.0,0.05
13249,3_1_0_1,0,1.5,0.05
13250,1_0_0_0,3,2.0,0.05
13251,2_0_1_0,5,3.0,0.05
13252,1_2_1_0,1,6.0,0.05
13253,2_7_0_0,3,2.0,0.05
13254,2_7_0_1,1,3.0,0.05
13255,3_6_1_1,4,7.0,0.05
13256,1_3_1_1,4,7.0,0.05
13257,2_7_1_0,1,6.0,0.05
13258,3_0_1_0,4,1.0,0.05
13259,3_5_0_1,0,1.5,0.05
13260,1_7_0_0,2,2.0,0.05
13261,3_2_1_0,4,1.0,0.05
13262,1_1_1_1,0,9.0,0.05
13263,1_5_0_1,0,1.5,0.05
13264,1_0_1_1,4,7.0,0.05
13265,1_3_0_1,1,3.0,0.05
13266,2_2_1_0,1,6.0,0.05
13267,2_5_1_1,0,9.0,0.05
13268,3_6_1_1,4,7.0,0.05
13269,3_4_1_1,0,5.0,0.05
13270,1_4_0_0,3,2.0,0.05
13271,2_2_1_0,1,6.0,0.05
13272,1_6_1_0,1,6.0,0.05
13273,2_3_1_0,1,6.0,0.05
13274,3_3_0_1,1,3.0,0.05
13275,1_1_1_1,0,9.0,0.05
13276,3_4_0_0,5,2.0,0.05
13277,1_5_0_1,0,1.5,0.05
13278,2_4_0_1,4,1.5,0.05
13279,2_5_0_0,5,2.0,0.05
13280,3_7_1_1,4,7.0,0.05
13281,1_5_1_0,1,2.0,0.05
13282,1_4_1_0,5,3.0,0.05
13283,1_7_1_0,1,6.0,0.05
13284,2_4_1_0,1,2.0,0.05
13285,3_1_1_0,0,3.0,0.05
13286,2_6_1_1,1,9.0,0.05
13287,1_6_0_0,2,2.0,0.05
13288,1_3_0_1,1,3.0,0.05
13289,1_0_0_1,3,1.0,0.05
13290,1_7_1_1,0,9.0,0.05
13291,3_5_0_1,0,1.5,0.05
13292,1_3_1_1,4,7.0,0.05
13293,3_5_0_1,0,1.5,0.05
13294,2_1_0_0,5,2.0,0.05
13295,3_4_1_1,0,5.0,0.05
13296,3_2_0_0,3,2.0,0.05
13297,3_1_0_0,3,2.0,0.05
13298,2_4_0_1,4,1.5,0.05
13299,3_2_1_1,1,9.0,0.05
13300,2_0_0_1,4,1.5,0.05
13301,2_4_1_0,1,2.0,0.05
13302,3_3_1_0,0,3.0,0.05
13303,3_7_0_1,3,1.0,0.05
13304,1_3_0_1,1,3.0,0.05
13305,3_1_0_1,0,1.5,0.05
13306,1_0_1_0,5,3.0,0.05
13307,2_5_1_1,0,9.0,0.05
13308,1_7_0_0,2,2.0,0.05
13309,1_3_1_1,4,7.0,0.05
13310,1_4_0_0,3,2.0,0.05
13311,2_6_0_1,4,1.5,0.05
13312,1_7_1_1,0,9.0,0.05
13313,2_6_1_0,1,6.0,0.05
13314,3_5_1_1,0,9.0,0.05
13315,1_5_1_1,0,9.0,0.05
13316,3_6_1_0,1,6.0,0.05
13317,2_0_0_1,4,1.5,0.05
13318,3_2_0_0,4,-4.5,0.05
13319,1_0_1_1,4,7.0,0.05
13320,3_3_1_0,0,3.0,0.05
13321,1_3_0_1,1,3.0,0.05
13322,3_6_1_0,1,6.0,0.05
13323,2_5_0_0,5,2.0,0.05
13324,2_1_1_1,4,7.0,0.05
13325,2_6_1_0,1,6.0,0.05
13326,2_5_1_0,1,2.0,0.05
13327,2_0_0_1,4,1.5,0.05
13328,1_1_0_0,3,2.0,0.05
13329,2_2_1_0,1,6.0,0.05
13330,3_4_1_0,5,3.0,0.05
13331,3_0_1_1,0,5.0,0.05
13332,3_4_1_1,0,5.0,0.05
13333,1_3_0_0,5,2.0,0.05
13334,3_1_0_0,3,2.0,0.05
13335,1_6_0_1,1,3.0,0.05
13336,3_0_1_0,4,1.0,0.05
13337,1_3_1_0,1,6.0,0.05
13338,1_4_1_1,4,7.0,0.05
13339,1_4_1_1,4,7.0,0.05
13340,1_1_1_1,0,9.0,0.05
13341,1_7_0_1,1,3.0,0.05
13342,1_6_1_0,1,6.0,0.05
13343,3_4_0_1,4,1.5,0.05
13344,3_6_1_0,1,6.0,0.05
13345,2_4_0_0,3,2.0,0.05
13346,3_6_1_1,4,7.0,0.05
13347,1_3_1_0,3,-14.0,0.05
13348,2_0_1_0,5,3.0,0.05
13349,2_6_0_1,4,1.5,0.05
13350,3_1_1_0,0,3.0,0.05
13351,2_0_0_0,5,2.0,0.05
13352,2_6_1_1,1,9.0,0.05
13353,3_7_0_0,2,2.0,0.05
13354,3_3_1_0,0,3.0,0.05
13355,1_7_1_0,1,6.0,0.05
13356,1_3_1_1,4,7.0,0.05
13357,2_5_1_0,1,2.0,0.05
13358,1_5_0_0,4,-4.5,0.05
13359,1_2_0_1,3,1.0,0.05
13360,3_4_0_0,5,2.0,0.05
13361,3_2_1_1,1,9.0,0.05
13362,2_6_0_0,1,0.0,0.05
13363,3_3_0_1,1,3.0,0.05
13364,2_3_1_0,1,6.0,0.05
13365,1_2_0_1,3,1.0,0.05
13366,3_6_1_1,4,7.0,0.05
13367,1_1_1_0,5,3.0,0.05
13368,1_5_1_1,0,9.0,0.05
13369,3_0_0_1,3,1.0,0.05
13370,1_5_1_0,1,2.0,0.05
13371,1_5_1_0,1,2.0,0.05
13372,1_4_1_1,4,7.0,0.05
13373,3_2_0_0,3,2.0,0.05
13374,2_5_0_0,5,2.0,0.05
13375,2_1_0_1,0,1.5,0.05
13376,1_0_0_1,3,1.0,0.05
13377,3_6_1_1,4,7.0,0.05
13378,3_4_0_1,4,1.5,0.05
13379,1_0_0_0,3,2.0,0.05
13380,3_6_1_1,4,7.0,0.05
13381,2_4_0_1,4,1.5,0.05
13382,3_3_1_0,0,3.0,0.05
13383,3_1_1_0,0,3.0,0.05
13384,1_2_0_0,3,2.0,0.05
13385,2_4_1_1,2,-5.0,0.05
13386,1_1_1_1,0,9.0,0.05
13387,1_6_0_0,2,2.0,0.05
13388,1_7_1_0,1,6.0,0.05
13389,3_0_1_0,4,1.0,0.05
13390,1_4_1_0,5,3.0,0.05
13391,3_1_0_0,3,2.0,0.05
13392,3_5_1_1,0,9.0,0.05
13393,2_7_0_1,1,3.0,0.05
13394,3_7_1_1,4,7.0,0.05
13395,3_2_0_1,4,1.5,0.05
13396,1_6_0_1,1,3.0,0.05
13397,1_5_1_0,1,2.0,0.05
13398,2_1_1_1,4,7.0,0.05
13399,1_0_0_0,3,2.0,0.05
13400,3_4_1_0,5,3.0,0.05
13401,3_6_0_1,1,3.0,0.05
13402,1_7_1_0,1,6.0,0.05
13403,1_4_1_0,0,-1.0,0.05
13404,3_6_0_1,1,3.0,0.05
13405,3_5_1_0,0,3.0,0.05
13406,2_3_0_1,3,1.0,0.05
13407,1_5_1_1,0,9.0,0.05
13408,1_5_0_0,3,2.0,0.05
13409,3_5_1_1,0,9.0,0.05
13410,3_2_0_1,4,1.5,0.05
13411,1_3_0_1,1,3.0,0.05
13412,2_3_1_1,0,9.0,0.05
13413,1_4_0_1,3,1.0,0.05
13414,3_3_0_0,5,2.0,0.05
13415,2_6_1_0,1,6.0,0.05
13416,3_3_1_0,0,3.0,0.05
13417,1_2_1_1,4,7.0,0.05
13418,3_7_1_0,1,6.0,0.05
13419,2_2_0_0,3,2.0,0.05
13420,1_5_0_1,5,0.0,0.05
13421,2_0_1_1,1,5.0,0.05
13422,1_5_0_0,3,2.0,0.05
13423,3_2_1_1,1,9.0,0.05
13424,2_2_1_1,4,7.0,0.05
13425,2_6_0_1,4,1.5,0.05
13426,1_4_0_0,3,2.0,0.05
13427,1_1_0_1,3,1.0,0.05
13428,2_1_1_1,4,7.0,0.05
13429,1_3_1_1,4,7.0,0.05
13430,1_6_0_1,1,3.0,0.05
13431,1_3_0_1,1,3.0,0.05
13432,3_2_0_0,3,2.0,0.05
13433,2_1_1_1,4,7.0,0.05
13434,1_7_1_0,1,6.0,0.05
13435,1_1_1_1,0,9.0,0.05
13436,1_6_1_1,4,7.0,0.05
13437,3_6_1_0,1,6.0,0.05
13438,1_4_1_1,4,7.0,0.05
13439,1_7_1_0,1,6.0,0.05
13440,1_0_0_0,3,2.0,0.05
13441,1_1_0_1,0,1.5,0.05
13442,3_0_0_1,3,1.0,0.05
13443,1_6_1_0,1,6.0,0.05
13444,3_5_0_0,3,2.0,0.05
13445,1_2_1_0,1,6.0,0.05
13446,2_3_1_1,0,9.0,0.05
13447,2_3_0_0,3,2.0,0.05
13448,3_1_1_1,0,9.0,0.05
13449,3_3_0_1,1,3.0,0.05
13450,2_5_0_1,4,1.5,0.05
13451,2_6_1_1,1,9.0,0.05
13452,2_4_0_0,3,2.0,0.05
13453,2_4_1_0,1,2.0,0.05
13454,3_2_0_0,3,2.0,0.05
13455,2_5_0_0,5,2.0,0.05
13456,1_7_0_1,1,3.0,0.05
13457,2_2_0_1,2,-4.0,0.05
13458,2_1_1_0,5,3.0,0.05
13459,2_1_1_1,4,7.0,0.05
13460,3_1_0_1,0,1.5,0.05
13461,1_6_0_1,1,3.0,0.05
13462,3_3_1_0,3,-14.0,0.05
13463,2_2_1_0,1,6.0,0.05
13464,1_6_1_0,1,6.0,0.05
13465,2_5_1_1,0,9.0,0.05
13466,3_6_1_0,1,6.0,0.05
13467,2_6_1_1,1,9.0,0.05
13468,1_5_0_0,3,2.0,0.05
13469,2_3_1_0,1,6.0,0.05
13470,3_3_0_0,5,2.0,0.05
13471,2_0_0_0,5,2.0,0.05
13472,2_1_1_0,5,3.0,0.05
13473,1_2_1_0,1,6.0,0.05
13474,1_2_1_1,4,7.0,0.05
13475,2_4_0_1,4,1.5,0.05
13476,3_5_0_1,0,1.5,0.05
13477,2_3_1_1,0,9.0,0.05
13478,2_6_0_1,4,1.5,0.05
13479,3_5_1_0,0,3.0,0.05
13480,2_1_0_1,0,1.5,0.05
13481,3_2_1_0,1,6.0,0.05
13482,1_6_1_1,4,7.0,0.05
13483,2_2_0_0,3,2.0,0.05
13484,2_5_1_0,1,2.0,0.05
13485,2_0_1_0,5,3.0,0.05
13486,2_0_0_0,4,-4.5,0.05
13487,3_0_0_0,5,2.0,0.05
13488,3_2_1_1,1,9.0,0.05
13489,3_7_0_1,3,1.0,0.05
13490,1_6_0_1,1,3.0,0.05
13491,2_2_1_0,1,6.0,0.05
13492,3_6_1_1,4,7.0,0.05
13493,1_3_1_0,1,6.0,0.05
13494,3_6_1_0,1,6.0,0.05
13495,1_6_1_0,1,6.0,0.05
13496,2_5_0_1,4,1.5,0.05
13497,3_2_0_0,3,2.0,0.05
13498,2_6_0_1,4,1.5,0.05
13499,1_3_0_1,1,3.0,0.05
13500,2_2_0_0,3,2.0,0.05
13501,1_0_0_0,3,2.0,0.05
13502,3_2_1_0,1,6.0,0.05
13503,2_3_1_0,1,6.0,0.05
13504,3_3_1_0,0,3.0,0.05
13505,3_6_1_0,1,6.0,0.05
13506,1_1_0_0,3,2.0,0.05
13507,1_2_0_1,3,1.0,0.05
13508,3_6_1_1,4,7.0,0.05
13509,2_4_1_1,0,5.0,0.05
13510,3_1_0_0,3,2.0,0.05
13511,3_1_1_1,0,9.0,0.05
13512,3_0_0_0,5,2.0,0.05
13513,2_2_1_1,4,7.0,0.05
13514,2_5_0_1,4,1.5,0.05
13515,3_0_0_0,5,2.0,0.05
13516,3_2_0_1,4,1.5,0.05
13517,1_1_0_0,3,2.0,0.05
13518,3_7_0_1,3,1.0,0.05
13519,3_3_0_0,5,2.0,0.05
13520,1_4_0_0,3,2.0,0.05
13521,1_3_0_1,2,-4.0,0.05
13522,2_3_1_1,0,9.0,0.05
13523,2_0_0_0,5,2.0,0.05
13524,3_3_0_0,5,2.0,0.05
13525,1_7_0_1,1,3.0,0.05
13526,1_0_1_1,4,7.0,0.05
13527,2_5_0_1,4,1.5,0.05
13528,1_3_0_0,5,2.0,0.05
13529,1_1_0_1,0,1.5,0.05
13530,2_0_0_0,5,2.0,0.05
13531,3_0_0_1,3,1.0,0.05
13532,2_2_0_1,4,1.5,0.05
13533,1_6_0_0,2,2.0,0.05
13534,2_6_0_0,1,0.0,0.05
13535,2_4_0_0,3,2.0,0.05
13536,3_7_1_1,4,7.0,0.05
13537,3_3_1_0,0,3.0,0.05
13538,3_4_1_1,0,5.0,0.05
13539,3_1_1_1,0,9.0,0.05
13540,2_7_1_0,1,6.0,0.05
13541,2_5_1_0,1,2.0,0.05
13542,3_0_0_1,3,1.0,0.05
13543,1_0_0_0,3,2.0,0.05
13544,2_1_0_1,0,1.5,0.05
13545,3_2_0_1,4,1.5,0.05
13546,3_5_0_0,3,2.0,0.05
13547,3_4_1_1,0,5.0,0.05
13548,1_3_1_1,4,7.0,0.05
13549,1_3_1_0,1,6.0,0.05
13550,3_7_1_1,4,7.0,0.05
13551,2_4_1_1,0,5.0,0.05
13552,2_0_1_0,5,3.0,0.05
13553,1_3_1_1,4,7.0,0.05
13554,1_0_1_1,4,7.0,0.05
13555,2_1_0_0,3,2.0,0.05
13556,3_4_0_0,5,2.0,0.05
13557,2_2_1_0,5,3.0,0.05
13558,1_3_0_1,1,3.0,0.05
13559,3_5_1_0,0,3.0,0.05
13560,3_7_1_1,4,7.0,0.05
13561,1_7_1_0,1,6.0,0.05
13562,2_0_0_0,5,2.0,0.05
13563,3_1_0_0,3,2.0,0.05
13564,2_1_1_0,5,3.0,0.05
13565,3_1_1_0,0,3.0,0.05
13566,3_1_0_1,0,1.5,0.05
13567,3_7_0_1,3,1.0,0.05
13568,2_0_0_1,4,1.5,0.05
13569,2_3_1_1,0,9.0,0.05
13570,3_4_0_0,5,2.0,0.05
13571,3_7_0_1,3,1.0,0.05
13572,2_0_0_0,5,2.0,0.05
13573,1_1_0_0,3,2.0,0.05
13574,3_6_1_1,4,7.0,0.05
13575,1_6_0_1,1,3.0,0.05
13576,3_1_1_0,0,3.0,0.05
13577,3_2_0_1,4,1.5,0.05
13578,2_5_0_1,4,1.5,0.05
13579,2_4_1_0,1,2.0,0.05
13580,3_2_1_1,1,9.0,0.05
13581,3_6_1_1,0,5.0,0.05
13582,1_1_1_1,0,9.0,0.05
13583,3_7_1_0,1,6.0,0.05
13584,1_4_0_1,4,1.5,0.05
13585,3_6_1_1,4,7.0,0.05
13586,3_0_0_0,5,2.0,0.05
13587,2_6_1_0,1,6.0,0.05
13588,3_5_1_0,0,3.0,0.05
13589,2_4_0_0,3,2.0,0.05
13590,2_5_0_0,5,2.0,0.05
13591,1_0_1_1,4,7.0,0.05
13592,2_0_0_0,5,2.0,0.05
13593,1_4_0_0,3,2.0,0.05
13594,3_2_0_0,3,2.0,0.05
13595,2_0_1_0,5,3.0,0.05
13596,3_6_1_0,1,6.0,0.05
13597,2_4_1_1,0,5.0,0.05
13598,1_2_1_0,1,6.0,0.05
13599,2_4_0_1,4,1.5,0.05
13600,3_5_0_1,0,1.5,0.05
13601,2_5_1_1,0,9.0,0.05
13602,2_6_1_0,1,6.0,0.05
13603,3_5_1_0,0,3.0,0.05
13604,2_2_0_0,3,2.0,0.05
13605,3_7_1_0,1,6.0,0.05
13606,2_1_0_0,5,2.0,0.05
13607,3_0_0_0,5,2.0,0.05
13608,1_0_1_1,4,7.0,0.05
13609,2_2_0_1,4,1.5,0.05
13610,2_0_0_1,4,1.5,0.05
13611,2_2_0_1,4,1.5,0.05
13612,1_6_0_0,2,2.0,0.05
13613,1_1_1_1,0,9.0,0.05
13614,2_0_1_1,1,5.0,0.05
13615,1_7_1_0,1,6.0,0.05
13616,3_5_1_1,0,9.0,0.05
13617,3_4_0_0,5,2.0,0.05
13618,2_4_0_1,4,1.5,0.05
13619,1_1_0_1,0,1.5,0.05
13620,3_2_1_0,1,6.0,0.05
13621,1_3_0_1,1,3.0,0.05
13622,2_5_0_1,4,1.5,0.05
13623,2_2_1_1,4,7.0,0.05
13624,3_3_1_0,0,3.0,0.05
13625,1_4_1_0,5,3.0,0.05
13626,3_3_1_0,0,3.0,0.05
13627,3_5_0_1,0,1.5,0.05
13628,1_4_1_0,5,3.0,0.05
13629,2_0_0_1,4,1.5,0.05
13630,3_3_0_0,5,2.0,0.05
13631,2_3_0_1,3,1.0,0.05
13632,2_2_1_1,4,7.0,0.05
13633,2_3_1_0,1,6.0,0.05
13634,3_7_0_0,2,2.0,0.05
13635,1_1_1_0,5,3.0,0.05
13636,3_6_0_0,5,2.0,0.05
13637,3_6_1_1,4,7.0,0.05
13638,2_3_1_0,1,6.0,0.05
13639,2_4_1_1,3,-15.0,0.05
13640,2_1_0_1,0,1.5,0.05
13641,1_5_1_0,1,2.0,0.05
13642,2_0_0_1,4,1.5,0.05
13643,3_3_0_1,1,3.0,0.05
13644,3_5_1_1,0,9.0,0.05
13645,3_5_1_0,0,3.0,0.05
13646,3_4_0_0,5,2.0,0.05
13647,2_3_0_0,3,2.0,0.05
13648,2_7_0_1,1,3.0,0.05
13649,3_2_1_0,1,6.0,0.05
13650,2_4_0_1,4,1.5,0.05
13651,3_0_0_0,5,2.0,0.05
13652,1_5_1_0,1,2.0,0.05
13653,2_1_1_1,4,7.0,0.05
13654,3_1_1_0,0,3.0,0.05
13655,3_1_0_1,0,1.5,0.05
13656,2_4_1_0,1,2.0,0.05
13657,1_1_0_0,3,2.0,0.05
13658,2_6_0_0,1,0.0,0.05
13659,3_4_0_0,5,2.0,0.05
13660,1_5_1_1,0,9.0,0.05
13661,3_7_0_1,3,1.0,0.05
13662,1_4_1_1,4,7.0,0.05
13663,2_5_1_1,5,1.0,0.05
13664,2_7_1_1,0,9.0,0.05
13665,2_3_1_0,1,6.0,0.05
13666,1_7_1_1,0,9.0,0.05
13667,3_0_0_0,5,2.0,0.05
13668,2_3_1_1,0,9.0,0.05
13669,3_4_1_0,5,3.0,0.05
13670,3_0_0_0,5,2.0,0.05
13671,2_1_0_1,0,1.5,0.05
13672,2_1_1_0,5,3.0,0.05
13673,3_5_1_0,3,-14.0,0.05
13674,3_0_1_0,4,1.0,0.05
13675,3_5_1_1,0,9.0,0.05
13676,3_1_1_0,0,3.0,0.05
13677,1_6_0_0,2,2.0,0.05
13678,2_5_0_0,5,2.0,0.05
13679,2_2_1_0,1,6.0,0.05
13680,3_6_0_1,1,3.0,0.05
13681,2_5_1_1,0,9.0,0.05
13682,3_3_1_0,0,3.0,0.05
13683,1_5_0_0,3,2.0,0.05
13684,3_5_1_1,0,9.0,0.05
13685,2_3_1_0,1,6.0,0.05
13686,3_4_1_1,0,5.0,0.05
13687,2_2_1_1,4,7.0,0.05
13688,1_5_0_0,3,2.0,0.05
13689,2_5_0_0,5,2.0,0.05
13690,3_6_0_1,1,3.0,0.05
13691,3_5_0_0,3,2.0,0.05
13692,1_2_0_1,3,1.0,0.05
13693,3_2_0_0,3,2.0,0.05
13694,2_0_0_1,4,1.5,0.05
13695,1_6_0_0,2,2.0,0.05
13696,1_5_0_1,0,1.5,0.05
13697,3_4_0_1,4,1.5,0.05
13698,2_4_1_1,0,5.0,0.05
13699,2_0_0_0,5,2.0,0.05
13700,2_5_1_1,0,9.0,0.05
13701,1_0_0_1,3,1.0,0.05
13702,1_4_0_1,3,1.0,0.05
13703,2_4_1_1,0,5.0,0.05
13704,2_0_0_1,4,1.5,0.05
13705,1_1_1_1,0,9.0,0.05
13706,2_2_1_0,1,6.0,0.05
13707,2_3_1_0,1,6.0,0.05
13708,2_1_0_1,0,1.5,0.05
13709,3_3_1_0,0,3.0,0.05
13710,3_7_1_1,4,7.0,0.05
13711,3_4_1_0,5,3.0,0.05
13712,3_3_1_0,0,3.0,0.05
13713,1_6_0_0,2,2.0,0.05
13714,3_4_0_0,5,2.0,0.05
13715,2_6_1_0,1,6.0,0.05
13716,1_6_0_0,2,2.0,0.05
13717,2_4_1_1,0,5.0,0.05
13718,1_2_0_1,3,1.0,0.05
13719,1_3_1_0,1,6.0,0.05
13720,2_1_1_1,4,7.0,0.05
13721,2_3_0_0,3,2.0,0.05
13722,1_3_0_0,5,2.0,0.05
13723,1_5_0_0,3,2.0,0.05
13724,1_7_1_1,0,9.0,0.05
13725,3_2_1_0,1,6.0,0.05
13726,3_1_0_0,3,2.0,0.05
13727,1_6_0_0,2,2.0,0.05
13728,1_6_0_0,2,2.0,0.05
13729,3_3_1_0,0,3.0,0.05
13730,3_5_1_1,0,9.0,0.05
13731,1_5_0_0,3,2.0,0.05
13732,1_7_0_1,1,3.0,0.05
13733,1_6_1_0,1,6.0,0.05
13734,1_5_1_0,1,2.0,0.05
13735,2_2_0_1,4,1.5,0.05
13736,3_7_1_1,4,7.0,0.05
13737,3_3_0_1,1,3.0,0.05
13738,2_6_0_1,4,1.5,0.05
13739,2_6_0_0,1,0.0,0.05
13740,1_6_0_1,1,3.0,0.05
13741,2_6_0_1,4,1.5,0.05
13742,3_3_0_1,1,3.0,0.05
13743,3_7_1_0,1,6.0,0.05
13744,3_5_1_0,0,3.0,0.05
13745,1_2_0_0,3,2.0,0.05
13746,1_3_0_1,1,3.0,0.05
13747,1_5_0_0,4,-4.5,0.05
13748,2_6_1_1,1,9.0,0.05
13749,2_1_0_0,5,2.0,0.05
13750,1_4_1_1,4,7.0,0.05
13751,3_4_0_1,4,1.5,0.05
13752,1_7_1_0,1,6.0,0.05
13753,2_2_1_1,4,7.0,0.05
13754,3_4_0_0,0,-8.5,0.05
13755,3_4_1_0,5,3.0,0.05
13756,3_4_1_1,0,5.0,0.05
13757,1_6_1_0,1,6.0,0.05
13758,1_6_0_0,2,2.0,0.05
13759,2_4_1_1,0,5.0,0.05
13760,1_7_1_0,1,6.0,0.05
13761,3_5_0_1,0,1.5,0.05
13762,2_5_1_0,1,2.0,0.05
13763,3_0_0_1,3,1.0,0.05
13764,2_0_1_1,1,5.0,0.05
13765,1_3_0_1,1,3.0,0.05
13766,2_5_0_0,5,2.0,0.05
13767,3_1_0_0,3,2.0,0.05
13768,3_5_1_0,0,3.0,0.05
13769,1_4_0_1,3,1.0,0.05
13770,3_7_0_0,2,2.0,0.05
13771,2_7_0_0,3,2.0,0.05
13772,3_3_1_1,1,9.0,0.05
13773,1_0_0_1,3,1.0,0.05
13774,1_7_1_1,0,9.0,0.05
13775,2_7_0_0,3,2.0,0.05
13776,2_3_1_1,0,9.0,0.05
13777,3_1_0_1,0,1.5,0.05
13778,1_2_0_1,3,1.0,0.05
13779,3_7_1_0,1,6.0,0.05
13780,2_4_1_1,0,5.0,0.05
13781,1_3_1_1,4,7.0,0.05
13782,3_7_1_0,1,6.0,0.05
13783,2_6_0_0,1,0.0,0.05
13784,3_1_0_0,3,2.0,0.05
13785,1_6_0_0,2,2.0,0.05
13786,3_3_1_1,1,9.0,0.05
13787,2_0_0_0,5,2.0,0.05
13788,1_4_1_0,5,3.0,0.05
13789,2_0_0_1,4,1.5,0.05
13790,1_6_0_1,1,3.0,0.05
13791,2_7_0_0,3,2.0,0.05
13792,1_7_0_1,1,3.0,0.05
13793,1_3_0_1,1,3.0,0.05
13794,1_3_1_0,1,6.0,0.05
13795,3_7_0_1,3,1.0,0.05
13796,3_2_1_1,3,-15.0,0.05
13797,2_1_1_0,5,3.0,0.05
13798,2_4_1_1,0,5.0,0.05
13799,2_7_0_1,1,3.0,0.05
13800,3_0_1_1,0,5.0,0.05
13801,3_1_0_0,3,2.0,0.05
13802,1_4_0_0,3,2.0,0.05
13803,1_1_0_1,0,1.5,0.05
13804,1_4_1_1,4,7.0,0.05
13805,2_4_0_0,3,2.0,0.05
13806,3_4_0_1,4,1.5,0.05
13807,1_5_1_1,0,9.0,0.05
13808,3_3_1_0,0,3.0,0.05
13809,3_5_1_1,0,9.0,0.05
13810,3_0_0_0,5,2.0,0.05
13811,2_3_1_1,0,9.0,0.05
13812,3_5_0_1,0,1.5,0.05
13813,3_2_0_1,4,1.5,0.05
13814,1_5_1_0,1,2.0,0.05
13815,3_4_0_1,4,1.5,0.05
13816,3_3_1_1,1,9.0,0.05
13817,2_0_1_1,1,5.0,0.05
13818,3_2_0_1,4,1.5,0.05
13819,3_0_0_0,5,2.0,0.05
13820,3_2_0_0,3,2.0,0.05
13821,1_5_0_1,0,1.5,0.05
13822,3_0_0_1,3,1.0,0.05
13823,2_1_1_0,5,3.0,0.05
13824,2_4_0_0,3,2.0,0.05
13825,1_3_1_1,4,7.0,0.05
13826,3_0_0_1,3,1.0,0.05
13827,2_3_0_0,3,2.0,0.05
13828,3_2_0_1,4,1.5,0.05
13829,2_3_1_1,0,9.0,0.05
13830,2_6_0_1,4,1.5,0.05
13831,3_7_0_1,3,1.0,0.05
13832,1_4_1_0,5,3.0,0.05
13833,3_1_1_1,0,9.0,0.05
13834,2_2_0_1,4,1.5,0.05
13835,2_4_1_1,0,5.0,0.05
13836,1_2_0_1,3,1.0,0.05
13837,2_1_0_0,5,2.0,0.05
13838,1_1_0_1,0,1.5,0.05
13839,1_2_1_0,1,6.0,0.05
13840,3_3_0_1,1,3.0,0.05
13841,3_5_1_1,0,9.0,0.05
13842,3_2_1_0,1,6.0,0.05
13843,1_4_0_0,3,2.0,0.05
13844,1_3_1_1,4,7.0,0.05
13845,3_4_1_1,0,5.0,0.05
13846,1_1_1_1,0,9.0,0.05
13847,2_5_1_1,0,9.0,0.05
13848,3_7_1_1,4,7.0,0.05
13849,1_4_0_0,3,2.0,0.05
13850,3_7_1_1,4,7.0,0.05
13851,2_4_0_0,3,2.0,0.05
13852,1_7_1_1,0,9.0,0.05
13853,1_3_0_0,5,2.0,0.05
13854,3_2_0_0,3,2.0,0.05
13855,1_6_1_1,4,7.0,0.05
13856,2_1_0_1,0,1.5,0.05
13857,1_5_1_0,1,2.0,0.05
13858,3_7_0_1,3,1.0,0.05
13859,3_4_1_1,0,5.0,0.05
13860,1_7_1_0,1,6.0,0.05
13861,1_6_0_1,1,3.0,0.05
13862,1_0_0_0,3,2.0,0.05
13863,2_2_1_0,1,6.0,0.05
13864,2_0_1_0,5,3.0,0.05
13865,1_4_1_1,4,7.0,0.05
13866,2_3_1_1,0,9.0,0.05
13867,1_7_0_0,2,2.0,0.05
13868,1_0_0_1,3,1.0,0.05
13869,3_5_1_0,0,3.0,0.05
13870,1_7_0_1,1,3.0,0.05
13871,1_3_0_0,5,2.0,0.05
13872,3_5_1_1,0,9.0,0.05
13873,2_5_0_0,5,2.0,0.05
13874,2_5_1_1,0,9.0,0.05
13875,2_4_1_0,1,2.0,0.05
13876,3_5_0_0,3,2.0,0.05
13877,3_5_0_0,3,2.0,0.05
13878,2_5_1_0,1,2.0,0.05
13879,1_4_1_1,4,7.0,0.05
13880,1_7_1_1,0,9.0,0.05
13881,1_4_0_0,3,2.0,0.05
13882,3_4_0_0,5,2.0,0.05
13883,1_2_1_0,1,6.0,0.05
13884,1_1_1_0,5,3.0,0.05
13885,2_5_1_1,0,9.0,0.05
13886,3_1_0_1,0,1.5,0.05
13887,1_4_1_1,4,7.0,0.05
13888,3_7_1_0,1,6.0,0.05
13889,1_1_1_0,5,3.0,0.05
13890,2_7_0_0,3,2.0,0.05
13891,1_1_0_0,3,2.0,0.05
13892,2_1_0_0,5,2.0,0.05
13893,1_2_1_0,1,6.0,0.05
13894,3_6_1_0,1,6.0,0.05
13895,3_3_0_0,5,2.0,0.05
13896,3_3_0_0,5,2.0,0.05
13897,2_3_0_1,3,1.0,0.05
13898,3_3_1_0,0,3.0,0.05
13899,1_1_1_1,0,9.0,0.05
13900,2_3_1_0,1,6.0,0.05
13901,3_4_0_0,5,2.0,0.05
13902,3_7_1_0,1,6.0,0.05
13903,2_5_0_1,4,1.5,0.05
13904,2_3_0_0,3,2.0,0.05
13905,2_3_1_0,1,6.0,0.05
13906,1_7_1_1,0,9.0,0.05
13907,1_6_1_1,4,7.0,0.05
13908,3_3_1_0,0,3.0,0.05
13909,2_3_0_0,3,2.0,0.05
13910,1_0_1_1,4,7.0,0.05
13911,3_5_1_0,0,3.0,0.05
13912,3_7_0_0,2,2.0,0.05
13913,2_7_0_1,1,3.0,0.05
13914,3_0_0_0,5,2.0,0.05
13915,2_2_0_1,4,1.5,0.05
13916,2_4_1_1,0,5.0,0.05
13917,3_0_1_1,0,5.0,0.05
13918,2_7_0_0,3,2.0,0.05
13919,2_3_0_1,3,1.0,0.05
13920,3_2_1_1,1,9.0,0.05
13921,2_5_0_0,5,2.0,0.05
13922,3_6_1_1,4,7.0,0.05
13923,1_7_0_1,1,3.0,0.05
13924,2_5_1_0,1,2.0,0.05
13925,3_2_1_1,1,9.0,0.05
13926,2_1_0_0,5,2.0,0.05
13927,2_7_1_1,0,9.0,0.05
13928,3_0_0_0,5,2.0,0.05
13929,3_7_0_1,3,1.0,0.05
13930,2_5_1_1,0,9.0,0.05
13931,3_2_1_0,1,6.0,0.05
13932,3_1_1_1,0,9.0,0.05
13933,2_2_0_1,4,1.5,0.05
13934,3_4_0_1,4,1.5,0.05
13935,1_6_0_0,2,2.0,0.05
13936,1_1_1_1,0,9.0,0.05
13937,2_1_0_0,5,2.0,0.05
13938,1_5_0_1,0,1.5,0.05
13939,1_6_1_1,4,7.0,0.05
13940,3_2_0_0,3,2.0,0.05
13941,2_2_1_0,1,6.0,0.05
13942,1_6_0_1,1,3.0,0.05
13943,1_4_0_0,3,2.0,0.05
13944,1_7_0_0,2,2.0,0.05
13945,3_0_0_0,5,2.0,0.05
13946,1_3_0_0,5,2.0,0.05
13947,1_7_0_0,2,2.0,0.05
13948,3_7_1_0,1,6.0,0.05
13949,2_2_0_1,4,1.5,0.05
13950,3_3_1_0,0,3.0,0.05
13951,1_0_1_0,5,3.0,0.05
13952,2_7_1_0,1,6.0,0.05
13953,2_7_0_0,3,2.0,0.05
13954,2_1_0_0,5,2.0,0.05
13955,3_6_0_1,1,3.0,0.05
13956,1_6_0_0,2,2.0,0.05
13957,1_3_1_0,1,6.0,0.05
13958,1_2_0_1,3,1.0,0.05
13959,1_0_0_1,3,1.0,0.05
13960,3_1_0_0,3,2.0,0.05
13961,2_3_0_1,3,1.0,0.05
13962,3_0_1_0,4,1.0,0.05
13963,1_0_0_0,1,-4.0,0.05
13964,2_3_0_0,3,2.0,0.05
13965,1_1_0_1,0,1.5,0.05
13966,1_5_0_0,3,2.0,0.05
13967,2_1_0_0,5,2.0,0.05
13968,3_2_0_1,4,1.5,0.05
13969,2_4_0_1,4,1.5,0.05
13970,1_2_0_0,3,2.0,0.05
13971,3_2_1_0,1,6.0,0.05
13972,1_6_0_0,2,2.0,0.05
13973,2_0_0_1,4,1.5,0.05
13974,1_6_1_1,4,7.0,0.05
13975,1_2_1_1,4,7.0,0.05
13976,1_0_1_1,4,7.0,0.05
13977,2_4_0_0,3,2.0,0.05
13978,2_4_1_1,0,5.0,0.05
13979,3_1_0_0,3,2.0,0.05
13980,2_6_0_0,1,0.0,0.05
13981,1_6_1_1,4,7.0,0.05
13982,1_1_1_0,5,3.0,0.05
13983,3_6_1_1,4,7.0,0.05
13984,1_1_1_1,0,9.0,0.05
13985,1_4_1_0,5,3.0,0.05
13986,2_1_0_0,5,2.0,0.05
13987,2_2_1_0,1,6.0,0.05
13988,2_1_1_0,5,3.0,0.05
13989,2_6_0_1,4,1.5,0.05
13990,3_6_0_1,1,3.0,0.05
13991,3_3_0_0,5,2.0,0.05
13992,2_1_0_1,0,1.5,0.05
13993,1_5_0_1,0,1.5,0.05
13994,3_2_1_0,1,6.0,0.05
13995,1_0_0_0,3,2.0,0.05
13996,3_0_0_0,5,2.0,0.05
13997,3_5_0_0,3,2.0,0.05
13998,2_3_0_1,3,1.0,0.05
13999,2_4_0_0,3,2.0,0.05
14000,3_5_1_1,0,9.0,0.05
14001,2_4_1_1,0,5.0,0.05
14002,2_7_1_1,0,9.0,0.05
14003,2_6_0_1,4,1.5,0.05
14004,3_4_0_0,5,2.0,0.05
14005,3_3_1_1,0,9.0,0.05
14006,1_0_0_0,3,2.0,0.05
14007,2_2_0_1,4,1.5,0.05
14008,3_1_1_1,0,9.0,0.05
14009,2_5_1_0,3,-14.0,0.05
14010,3_5_1_1,0,9.0,0.05
14011,3_4_0_0,5,2.0,0.05
14012,3_0_1_1,1,5.0,0.05
14013,2_4_1_0,1,2.0,0.05
14014,1_0_0_1,3,1.0,0.05
14015,3_6_1_1,4,7.0,0.05
14016,3_1_1_1,0,9.0,0.05
14017,2_4_1_1,0,5.0,0.05
14018,2_5_0_0,1,-4.0,0.05
14019,3_5_1_1,0,9.0,0.05
14020,3_7_1_0,1,6.0,0.05
14021,3_1_0_0,3,2.0,0.05
14022,3_5_0_0,3,2.0,0.05
14023,1_2_0_1,3,1.0,0.05
14024,1_4_1_0,5,3.0,0.05
14025,2_0_0_1,4,1.5,0.05
14026,1_6_0_1,1,3.0,0.05
14027,1_2_1_0,1,6.0,0.05
14028,1_6_1_1,4,7.0,0.05
14029,3_7_0_0,2,2.0,0.05
14030,1_3_1_1,4,7.0,0.05
14031,2_7_1_1,0,9.0,0.05
14032,3_5_1_1,0,9.0,0.05
14033,1_2_0_1,3,1.0,0.05
14034,1_2_1_0,1,6.0,0.05
14035,2_7_0_1,1,3.0,0.05
14036,3_3_1_1,1,9.0,0.05
14037,3_2_1_1,1,9.0,0.05
14038,1_1_0_0,3,2.0,0.05
14039,3_0_0_0,5,2.0,0.05
14040,1_1_1_1,0,9.0,0.05
14041,3_0_1_0,4,1.0,0.05
14042,3_7_0_0,2,2.0,0.05
14043,3_2_1_0,1,6.0,0.05
14044,1_0_0_1,3,1.0,0.05
14045,3_2_1_0,1,6.0,0.05
14046,3_5_0_1,0,1.5,0.05
14047,1_3_0_1,1,3.0,0.05
14048,1_1_1_0,5,3.0,0.05
14049,3_3_0_1,1,3.0,0.05
14050,3_7_0_0,2,2.0,0.05
14051,3_5_0_1,0,1.5,0.05
14052,2_6_0_1,4,1.5,0.05
14053,3_4_1_1,4,7.0,0.05
14054,2_0_0_0,5,2.0,0.05
14055,2_0_1_1,1,5.0,0.05
14056,1_0_0_1,3,1.0,0.05
14057,1_6_1_1,4,7.0,0.05
14058,2_0_1_1,1,5.0,0.05
14059,3_7_0_1,3,1.0,0.05
14060,1_1_1_0,5,3.0,0.05
14061,2_7_0_0,3,2.0,0.05
14062,3_2_0_0,3,2.0,0.05
14063,2_7_0_1,1,3.0,0.05
14064,1_4_0_0,3,2.0,0.05
14065,1_7_0_1,1,3.0,0.05
14066,1_5_1_1,0,9.0,0.05
14067,1_7_0_0,2,2.0,0.05
14068,2_7_1_1,0,9.0,0.05
14069,2_7_1_0,1,6.0,0.05
14070,1_5_0_0,3,2.0,0.05
14071,3_3_1_0,0,3.0,0.05
14072,2_7_0_0,3,2.0,0.05
14073,2_3_0_0,3,2.0,0.05
14074,2_3_0_0,3,2.0,0.05
14075,2_1_0_1,0,1.5,0.05
14076,2_0_1_0,5,3.0,0.05
14077,3_7_1_0,2,-3.0,0.05
14078,2_6_1_0,1,6.0,0.05
14079,3_2_0_1,4,1.5,0.05
14080,1_0_0_0,3,2.0,0.05
14081,3_1_1_0,0,3.0,0.05
14082,2_2_0_0,3,2.0,0.05
14083,1_2_1_1,4,7.0,0.05
14084,3_0_0_1,3,1.0,0.05
14085,1_1_0_1,0,1.5,0.05
14086,3_3_0_1,1,3.0,0.05
14087,1_0_0_0,3,2.0,0.05
14088,2_2_0_0,3,2.0,0.05
14089,1_0_1_0,5,3.0,0.05
14090,2_2_1_0,1,6.0,0.05
14091,1_5_0_1,0,1.5,0.05
14092,1_0_1_0,5,3.0,0.05
14093,1_6_0_0,2,2.0,0.05
14094,2_5_0_0,5,2.0,0.05
14095,2_5_0_1,4,1.5,0.05
14096,2_5_0_1,4,1.5,0.05
14097,2_5_1_0,1,2.0,0.05
14098,3_1_0_0,3,2.0,0.05
14099,1_2_0_1,3,1.0,0.05
14100,3_1_0_0,3,2.0,0.05
14101,2_3_0_1,3,1.0,0.05
14102,1_2_1_1,4,7.0,0.05
14103,1_7_1_0,1,6.0,0.05
14104,3_4_0_1,4,1.5,0.05
14105,1_1_1_0,5,3.0,0.05
14106,1_1_1_1,0,9.0,0.05
14107,3_7_1_0,1,6.0,0.05
14108,3_1_0_1,0,1.5,0.05
14109,2_0_0_1,4,1.5,0.05
14110,3_2_0_0,3,2.0,0.05
14111,1_4_0_0,3,2.0,0.05
14112,1_3_0_0,2,-2.0,0.05
14113,3_0_0_1,3,1.0,0.05
14114,1_6_0_1,1,3.0,0.05
14115,1_4_0_1,3,1.0,0.05
14116,2_4_1_1,0,5.0,0.05
14117,2_2_1_1,4,7.0,0.05
14118,3_2_0_1,4,1.5,0.05
14119,1_6_1_0,1,6.0,0.05
14120,2_6_0_1,4,1.5,0.05
14121,3_4_0_1,4,1.5,0.05
14122,3_4_1_1,0,5.0,0.05
14123,1_3_1_0,1,6.0,0.05
14124,3_4_1_0,5,3.0,0.05
14125,2_4_0_1,4,1.5,0.05
14126,2_0_0_1,4,1.5,0.05
14127,2_7_0_1,1,3.0,0.05
14128,1_6_0_1,1,3.0,0.05
14129,1_4_0_0,3,2.0,0.05
14130,2_7_1_0,1,6.0,0.05
14131,1_1_0_1,0,1.5,0.05
14132,3_0_1_1,0,5.0,0.05
14133,2_0_0_1,4,1.5,0.05
14134,2_5_1_1,0,9.0,0.05
14135,1_2_1_0,1,6.0,0.05
14136,2_1_1_0,5,3.0,0.05
14137,3_5_1_1,0,9.0,0.05
14138,3_0_1_1,0,5.0,0.05
14139,3_5_0_1,0,1.5,0.05
14140,2_3_1_1,0,9.0,0.05
14141,3_1_0_0,3,2.0,0.05
14142,2_6_0_1,4,1.5,0.05
14143,3_3_1_1,1,9.0,0.05
14144,1_1_1_0,5,3.0,0.05
14145,2_4_1_1,0,5.0,0.05
14146,1_5_1_1,0,9.0,0.05
14147,1_5_0_1,0,1.5,0.05
14148,1_2_0_0,3,2.0,0.05
14149,2_6_0_1,4,1.5,0.05
14150,3_2_1_0,1,6.0,0.05
14151,2_7_0_1,1,3.0,0.05
14152,2_4_0_1,4,1.5,0.05
14153,1_1_1_0,5,3.0,0.05
14154,3_5_0_0,3,2.0,0.05
14155,1_5_0_0,3,2.0,0.05
14156,1_6_0_0,2,2.0,0.05
14157,3_3_0_0,5,2.0,0.05
14158,3_7_0_1,3,1.0,0.05
14159,3_4_0_0,5,2.0,0.05
14160,2_1_1_1,4,7.0,0.05
14161,1_3_0_1,1,3.0,0.05
14162,1_4_0_0,3,2.0,0.05
14163,3_5_1_1,0,9.0,0.05
14164,1_3_1_1,4,7.0,0.05
14165,2_2_1_0,1,6.0,0.05
14166,2_1_0_0,5,2.0,0.05
14167,2_5_0_1,5,0.0,0.05
14168,3_2_0_1,4,1.5,0.05
14169,3_6_0_0,5,2.0,0.05
14170,2_4_0_0,3,2.0,0.05
14171,2_0_1_0,5,3.0,0.05
14172,1_6_1_1,4,7.0,0.05
14173,2_3_0_1,3,1.0,0.05
14174,3_6_0_0,5,2.0,0.05
14175,3_4_1_1,0,5.0,0.05
14176,1_1_1_0,5,3.0,0.05
14177,3_5_1_1,0,9.0,0.05
14178,2_7_0_1,1,3.0,0.05
14179,3_0_0_0,5,2.0,0.05
14180,3_6_1_0,1,6.0,0.05
14181,1_7_0_1,1,3.0,0.05
14182,1_7_0_1,1,3.0,0.05
14183,1_1_0_0,3,2.0,0.05
14184,2_0_0_0,5,2.0,0.05
14185,1_2_1_0,1,6.0,0.05
14186,1_0_1_0,5,3.0,0.05
14187,3_1_0_1,0,1.5,0.05
14188,1_5_0_0,3,2.0,0.05
14189,3_5_1_1,0,9.0,0.05
14190,2_0_0_0,5,2.0,0.05
14191,3_1_0_0,3,2.0,0.05
14192,1_3_0_1,1,3.0,0.05
14193,1_3_1_1,4,7.0,0.05
14194,1_5_0_0,3,2.0,0.05
14195,1_6_0_0,2,2.0,0.05
14196,3_0_0_0,5,2.0,0.05
14197,1_4_0_1,3,1.0,0.05
14198,1_0_0_1,5,0.0,0.05
14199,2_2_1_0,1,6.0,0.05
14200,3_5_0_0,3,2.0,0.05
14201,1_2_1_1,4,7.0,0.05
14202,1_3_0_1,1,3.0,0.05
14203,3_2_1_0,1,6.0,0.05
14204,2_3_0_0,3,2.0,0.05
14205,3_4_0_0,5,2.0,0.05
14206,1_4_0_0,3,2.0,0.05
14207,1_2_0_0,3,2.0,0.05
14208,1_0_0_1,3,1.0,0.05
14209,3_4_0_1,4,1.5,0.05
14210,2_4_0_1,4,1.5,0.05
14211,3_0_1_0,0,-1.0,0.05
14212,2_7_1_0,1,6.0,0.05
14213,2_1_0_0,5,2.0,0.05
14214,2_3_1_0,1,6.0,0.05
14215,1_2_1_0,1,6.0,0.05
14216,1_4_1_0,5,3.0,0.05
14217,1_0_1_1,4,7.0,0.05
14218,2_1_1_1,4,7.0,0.05
14219,1_3_1_1,4,7.0,0.05
14220,2_6_1_1,1,9.0,0.05
14221,3_3_0_1,1,3.0,0.05
14222,2_6_1_0,1,6.0,0.05
14223,2_4_1_1,0,5.0,0.05
14224,3_3_1_1,1,9.0,0.05
14225,1_4_0_0,3,2.0,0.05
14226,1_6_1_0,1,6.0,0.05
14227,2_1_0_1,0,1.5,0.05
14228,3_6_1_1,4,7.0,0.05
14229,1_4_1_0,3,-14.0,0.05
14230,2_3_1_1,0,9.0,0.05
14231,1_1_1_1,0,9.0,0.05
14232,1_1_0_1,0,1.5,0.05
14233,1_0_1_1,4,7.0,0.05
14234,1_5_1_0,1,2.0,0.05
14235,3_6_0_0,5,2.0,0.05
14236,2_0_0_1,4,1.5,0.05
14237,1_1_1_1,0,9.0,0.05
14238,1_5_1_1,0,9.0,0.05
14239,2_5_1_0,1,2.0,0.05
14240,2_5_1_0,1,2.0,0.05
14241,3_0_0_0,5,2.0,0.05
14242,3_5_0_0,3,2.0,0.05
14243,2_2_0_1,4,1.5,0.05
14244,3_2_0_1,4,1.5,0.05
14245,3_6_1_1,4,7.0,0.05
14246,1_2_0_0,3,2.0,0.05
14247,1_2_1_0,1,6.0,0.05
14248,3_7_1_0,1,6.0,0.05
14249,3_5_1_1,0,9.0,0.05
14250,1_0_1_0,5,3.0,0.05
14251,2_0_0_1,4,1.5,0.05
14252,2_5_0_1,4,1.5,0.05
14253,2_4_1_0,1,2.0,0.05
14254,2_6_1_1,1,9.0,0.05
14255,1_2_0_1,3,1.0,0.05
14256,2_2_0_1,4,1.5,0.05
14257,2_3_1_1,0,9.0,0.05
14258,2_1_1_1,4,7.0,0.05
14259,2_4_0_1,4,1.5,0.05
14260,1_2_0_0,3,2.0,0.05
14261,1_0_1_1,4,7.0,0.05
14262,2_0_1_1,1,5.0,0.05
14263,1_6_0_1,1,3.0,0.05
14264,2_4_0_1,4,1.5,0.05
14265,1_4_1_1,4,7.0,0.05
14266,1_3_1_0,1,6.0,0.05
14267,2_1_1_0,5,3.0,0.05
14268,3_3_1_1,1,9.0,0.05
14269,3_0_0_1,3,1.0,0.05
14270,3_0_0_1,3,1.0,0.05
14271,3_2_0_1,4,1.5,0.05
14272,2_7_0_1,1,3.0,0.05
14273,2_5_1_1,0,9.0,0.05
14274,1_1_0_0,3,2.0,0.05
14275,3_1_0_1,3,1.0,0.05
14276,1_5_0_1,0,1.5,0.05
14277,2_6_0_0,1,0.0,0.05
14278,1_3_0_1,1,3.0,0.05
14279,3_2_0_1,4,1.5,0.05
14280,1_5_1_1,0,9.0,0.05
14281,1_5_1_0,1,2.0,0.05
14282,3_0_0_1,3,1.0,0.05
14283,2_7_0_1,1,3.0,0.05
14284,3_1_1_0,0,3.0,0.05
14285,3_3_0_0,5,2.0,0.05
14286,2_7_0_0,3,2.0,0.05
14287,2_4_0_1,4,1.5,0.05
14288,2_7_0_0,3,2.0,0.05
14289,2_4_1_1,0,5.0,0.05
14290,2_6_1_1,1,9.0,0.05
14291,1_1_0_1,0,1.5,0.05
14292,2_4_0_1,4,1.5,0.05
14293,3_7_0_1,1,3.0,0.05
14294,3_4_1_0,5,3.0,0.05
14295,1_7_0_1,1,3.0,0.05
14296,1_6_1_0,1,6.0,0.05
14297,3_3_1_1,1,9.0,0.05
14298,1_4_1_1,4,7.0,0.05
14299,2_1_0_0,5,2.0,0.05
14300,2_1_0_1,0,1.5,0.05
14301,3_6_1_1,4,7.0,0.05
14302,2_0_1_0,5,3.0,0.05
14303,1_7_0_1,1,3.0,0.05
14304,2_7_0_1,1,3.0,0.05
14305,2_1_1_1,4,7.0,0.05
14306,3_7_1_1,4,7.0,0.05
14307,3_7_0_0,2,2.0,0.05
14308,2_6_1_0,1,6.0,0.05
14309,1_4_0_1,3,1.0,0.05
14310,1_5_0_1,0,1.5,0.05
14311,2_2_1_0,1,6.0,0.05
14312,3_1_0_0,3,2.0,0.05
14313,3_0_1_1,0,5.0,0.05
14314,1_3_0_0,5,2.0,0.05
14315,3_5_1_1,0,9.0,0.05
14316,3_6_0_1,1,3.0,0.05
14317,3_0_1_0,4,1.0,0.05
14318,3_5_1_0,0,3.0,0.05
14319,3_0_1_1,0,5.0,0.05
14320,2_4_0_1,4,1.5,0.05
14321,1_4_1_1,4,7.0,0.05
14322,1_1_0_1,0,1.5,0.05
14323,3_3_1_1,1,9.0,0.05
14324,2_3_0_1,3,1.0,0.05
14325,3_6_0_0,5,2.0,0.05
14326,2_0_1_0,5,3.0,0.05
14327,3_1_1_0,0,3.0,0.05
14328,3_2_0_1,4,1.5,0.05
14329,3_0_0_1,3,1.0,0.05
14330,2_1_0_0,5,2.0,0.05
14331,1_1_0_0,3,2.0,0.05
14332,2_5_0_0,5,2.0,0.05
14333,2_6_1_1,1,9.0,0.05
14334,1_5_1_1,0,9.0,0.05
14335,2_0_1_1,1,5.0,0.05
14336,3_4_0_0,5,2.0,0.05
14337,3_2_0_1,4,1.5,0.05
14338,3_6_0_0,5,2.0,0.05
14339,1_4_1_0,5,3.0,0.05
14340,1_0_0_0,3,2.0,0.05
14341,2_7_0_1,1,3.0,0.05
14342,2_6_0_0,1,0.0,0.05
14343,2_6_1_1,1,9.0,0.05
14344,2_1_0_0,5,2.0,0.05
14345,2_4_0_1,4,1.5,0.05
14346,1_4_1_1,4,7.0,0.05
14347,3_0_0_1,3,1.0,0.05
14348,2_6_1_1,1,9.0,0.05
14349,3_1_1_1,0,9.0,0.05
14350,2_5_0_0,5,2.0,0.05
14351,3_4_1_1,0,5.0,0.05
14352,3_7_1_0,1,6.0,0.05
14353,2_4_0_1,4,1.5,0.05
14354,1_1_0_1,0,1.5,0.05
14355,1_3_1_1,4,7.0,0.05
14356,3_7_1_1,4,7.0,0.05
14357,1_1_0_0,3,2.0,0.05
14358,3_3_1_0,0,3.0,0.05
14359,2_7_0_1,1,3.0,0.05
14360,1_7_1_0,5,3.0,0.05
14361,3_6_0_1,1,3.0,0.05
14362,3_7_0_0,5,2.0,0.05
14363,2_7_0_0,3,2.0,0.05
14364,2_6_0_0,1,0.0,0.05
14365,1_2_0_0,3,2.0,0.05
14366,1_5_0_1,0,1.5,0.05
14367,2_5_1_0,1,2.0,0.05
14368,1_6_1_1,3,-15.0,0.05
14369,3_3_1_0,3,-14.0,0.05
14370,1_4_0_1,3,1.0,0.05
14371,1_6_0_0,2,2.0,0.05
14372,2_3_1_0,1,6.0,0.05
14373,2_0_1_1,1,5.0,0.05
14374,3_4_1_1,0,5.0,0.05
14375,2_1_0_1,0,1.5,0.05
14376,1_7_0_0,2,2.0,0.05
14377,2_2_0_1,4,1.5,0.05
14378,2_7_1_1,0,9.0,0.05
14379,1_5_0_0,3,2.0,0.05
14380,2_5_0_1,4,1.5,0.05
14381,3_6_1_0,1,6.0,0.05
14382,3_3_1_0,0,3.0,0.05
14383,2_5_1_1,0,9.0,0.05
14384,1_3_1_0,1,6.0,0.05
14385,3_5_1_0,0,3.0,0.05
14386,1_6_0_0,2,2.0,0.05
14387,3_5_0_1,0,1.5,0.05
14388,1_5_1_1,0,9.0,0.05
14389,3_4_1_0,5,3.0,0.05
14390,1_4_1_0,5,3.0,0.05
14391,1_4_1_0,5,3.0,0.05
14392,1_6_1_1,4,7.0,0.05
14393,1_4_1_0,5,3.0,0.05
14394,3_4_0_0,5,2.0,0.05
14395,1_4_0_1,3,1.0,0.05
14396,3_3_0_0,5,2.0,0.05
14397,1_7_1_1,0,9.0,0.05
14398,1_3_1_0,1,6.0,0.05
14399,2_2_0_0,3,2.0,0.05
14400,1_6_0_1,1,3.0,0.05
14401,3_2_0_0,3,2.0,0.05
14402,1_4_1_1,4,7.0,0.05
14403,3_0_0_0,5,2.0,0.05
14404,3_4_0_1,4,1.5,0.05
14405,2_1_1_1,4,7.0,0.05
14406,2_4_1_0,1,2.0,0.05
14407,3_4_1_0,5,3.0,0.05
14408,1_2_1_0,1,6.0,0.05
14409,2_3_1_0,1,6.0,0.05
14410,2_1_0_0,5,2.0,0.05
14411,1_3_0_1,1,3.0,0.05
14412,2_0_0_1,4,1.5,0.05
14413,2_0_0_0,5,2.0,0.05
14414,1_6_1_1,4,7.0,0.05
14415,2_2_0_0,3,2.0,0.05
14416,1_7_1_0,2,-3.0,0.05
14417,2_6_1_0,4,1.0,0.05
14418,3_4_1_0,5,3.0,0.05
14419,3_0_1_0,4,1.0,0.05
14420,1_5_0_0,3,2.0,0.05
14421,1_7_1_1,0,9.0,0.05
14422,3_4_1_1,0,5.0,0.05
14423,1_1_1_1,0,9.0,0.05
14424,3_1_1_0,0,3.0,0.05
14425,3_3_0_0,2,-2.0,0.05
14426,2_6_1_1,1,9.0,0.05
14427,2_4_1_0,1,2.0,0.05
14428,3_0_0_0,5,2.0,0.05
14429,1_2_0_0,3,2.0,0.05
14430,1_5_1_1,0,9.0,0.05
14431,1_2_1_0,1,6.0,0.05
14432,2_1_1_0,1,2.0,0.05
14433,2_5_0_0,5,2.0,0.05
14434,1_3_0_0,5,2.0,0.05
14435,3_3_0_0,5,2.0,0.05
14436,2_5_1_1,0,9.0,0.05
14437,3_3_1_0,0,3.0,0.05
14438,1_6_0_0,2,2.0,0.05
14439,1_1_1_1,0,9.0,0.05
14440,3_0_1_0,4,1.0,0.05
14441,1_4_1_0,5,3.0,0.05
14442,3_7_1_0,1,6.0,0.05
14443,2_3_0_1,3,1.0,0.05
14444,3_0_1_0,4,1.0,0.05
14445,3_4_0_1,4,1.5,0.05
14446,2_7_1_1,0,9.0,0.05
14447,2_1_1_0,5,3.0,0.05
14448,1_4_0_1,3,1.0,0.05
14449,3_0_1_0,4,1.0,0.05
14450,1_1_0_1,0,1.5,0.05
14451,3_3_0_0,5,2.0,0.05
14452,3_1_1_1,0,9.0,0.05
14453,2_0_0_1,4,1.5,0.05
14454,2_1_1_1,3,-15.0,0.05
14455,1_2_0_1,3,1.0,0.05
14456,1_7_1_1,0,9.0,0.05
14457,1_6_0_0,5,2.0,0.05
14458,1_3_1_1,4,7.0,0.05
14459,3_5_0_1,0,1.5,0.05
14460,1_0_0_1,3,1.0,0.05
14461,3_4_1_0,5,3.0,0.05
14462,2_7_0_0,3,2.0,0.05
14463,2_2_1_1,4,7.0,0.05
14464,1_4_1_0,5,3.0,0.05
14465,3_2_0_0,3,2.0,0.05
14466,1_7_1_0,1,6.0,0.05
14467,2_7_1_0,1,6.0,0.05
14468,3_2_1_1,4,7.0,0.05
14469,1_0_0_0,3,2.0,0.05
14470,3_5_1_1,5,1.0,0.05
14471,3_2_0_0,3,2.0,0.05
14472,1_5_1_0,1,2.0,0.05
14473,3_6_1_0,1,6.0,0.05
14474,2_1_0_0,5,2.0,0.05
14475,1_4_1_1,4,7.0,0.05
14476,1_7_0_1,1,3.0,0.05
14477,1_1_0_1,0,1.5,0.05
14478,1_2_1_0,1,6.0,0.05
14479,2_5_1_0,1,2.0,0.05
14480,2_0_1_1,1,5.0,0.05
14481,2_6_0_0,1,0.0,0.05
14482,3_5_1_1,0,9.0,0.05
14483,2_2_0_1,4,1.5,0.05
14484,2_3_0_0,3,2.0,0.05
14485,2_6_0_1,4,1.5,0.05
14486,2_0_0_1,4,1.5,0.05
14487,3_2_0_1,5,0.0,0.05
14488,3_0_1_1,0,5.0,0.05
14489,3_5_0_0,3,2.0,0.05
14490,3_4_0_0,5,2.0,0.05
14491,1_7_0_1,1,3.0,0.05
14492,1_5_0_1,0,1.5,0.05
14493,1_2_1_0,1,6.0,0.05
14494,2_4_0_1,4,1.5,0.05
14495,3_0_1_1,0,5.0,0.05
14496,1_5_0_0,3,2.0,0.05
14497,3_6_0_0,5,2.0,0.05
14498,1_4_0_0,1,-4.0,0.05
14499,2_1_1_1,4,7.0,0.05
14500,2_0_0_0,5,2.0,0.05
14501,1_0_0_1,3,1.0,0.05
14502,2_2_0_1,4,1.5,0.05
14503,3_7_0_0,2,2.0,0.05
14504,2_2_1_0,1,6.0,0.05
14505,3_4_1_1,0,5.0,0.05
14506,3_7_0_1,3,1.0,0.05
14507,1_4_0_0,3,2.0,0.05
14508,2_0_1_1,1,5.0,0.05
14509,3_1_0_1,0,1.5,0.05
14510,2_4_1_1,0,5.0,0.05
14511,3_5_0_1,0,1.5,0.05
14512,2_1_0_0,5,2.0,0.05
14513,3_2_0_0,3,2.0,0.05
14514,3_4_1_1,0,5.0,0.05
14515,2_7_1_0,1,6.0,0.05
14516,1_1_0_0,3,2.0,0.05
14517,2_1_1_1,4,7.0,0.05
14518,1_6_1_1,4,7.0,0.05
14519,2_7_0_1,1,3.0,0.05
14520,1_4_0_1,3,1.0,0.05
14521,3_2_1_0,1,6.0,0.05
14522,2_6_0_0,1,0.0,0.05
14523,1_6_1_1,4,7.0,0.05
14524,3_0_0_0,5,2.0,0.05
14525,2_6_0_0,1,0.0,0.05
14526,1_5_1_0,1,2.0,0.05
14527,3_6_0_1,1,3.0,0.05
14528,3_6_1_0,1,6.0,0.05
14529,1_4_1_1,4,7.0,0.05
14530,3_1_1_0,0,3.0,0.05
14531,3_7_0_0,2,2.0,0.05
14532,3_4_1_1,0,5.0,0.05
14533,2_4_1_0,1,2.0,0.05
14534,2_4_0_0,3,2.0,0.05
14535,2_7_1_1,0,9.0,0.05
14536,1_1_0_0,3,2.0,0.05
14537,1_6_0_1,1,3.0,0.05
14538,2_1_0_0,5,2.0,0.05
14539,1_7_0_0,2,2.0,0.05
14540,1_0_0_0,3,2.0,0.05
14541,3_3_1_1,1,9.0,0.05
14542,2_2_0_0,3,2.0,0.05
14543,2_5_0_0,5,2.0,0.05
14544,1_5_0_0,3,2.0,0.05
14545,3_2_0_0,3,2.0,0.05
14546,3_4_0_1,4,1.5,0.05
14547,1_0_0_1,3,1.0,0.05
14548,2_1_0_1,0,1.5,0.05
14549,3_7_1_1,4,7.0,0.05
14550,1_2_1_0,1,6.0,0.05
14551,2_1_0_0,5,2.0,0.05
14552,2_7_1_1,0,9.0,0.05
14553,1_4_1_1,4,7.0,0.05
14554,3_0_1_1,0,5.0,0.05
14555,2_1_1_1,4,7.0,0.05
14556,3_4_0_1,4,1.5,0.05
14557,3_7_1_1,4,7.0,0.05
14558,1_5_0_1,0,1.5,0.05
14559,1_5_1_0,1,2.0,0.05
14560,3_2_0_0,3,2.0,0.05
14561,1_0_1_1,4,7.0,0.05
14562,1_2_1_1,4,7.0,0.05
14563,2_0_0_1,4,1.5,0.05
14564,1_7_1_1,0,9.0,0.05
14565,3_1_1_1,0,9.0,0.05
14566,3_7_0_1,3,1.0,0.05
14567,1_5_0_0,3,2.0,0.05
14568,3_0_0_1,3,1.0,0.05
14569,1_2_0_0,3,2.0,0.05
14570,2_1_0_1,0,1.5,0.05
14571,3_0_0_1,3,1.0,0.05
14572,3_0_1_1,0,5.0,0.05
14573,2_1_0_1,0,1.5,0.05
14574,1_1_0_1,0,1.5,0.05
14575,3_0_0_1,3,1.0,0.05
14576,1_4_0_1,3,1.0,0.05
14577,3_2_0_0,3,2.0,0.05
14578,2_4_1_0,1,2.0,0.05
14579,3_6_0_1,1,3.0,0.05
14580,2_4_1_1,0,5.0,0.05
14581,2_5_0_0,5,2.0,0.05
14582,2_1_0_1,0,1.5,0.05
14583,3_6_0_0,5,2.0,0.05
14584,1_0_1_1,4,7.0,0.05
14585,3_7_0_0,2,2.0,0.05
14586,2_3_0_0,3,2.0,0.05
14587,3_4_1_0,5,3.0,0.05
14588,1_0_1_0,5,3.0,0.05
14589,3_1_1_1,0,9.0,0.05
14590,2_6_0_1,4,1.5,0.05
14591,3_4_0_0,5,2.0,0.05
14592,1_4_0_1,3,1.0,0.05
14593,1_6_0_0,2,2.0,0.05
14594,3_3_0_1,1,3.0,0.05
14595,2_5_1_0,1,2.0,0.05
14596,1_1_1_1,0,9.0,0.05
14597,3_7_1_0,1,6.0,0.05
14598,3_5_0_0,3,2.0,0.05
14599,1_6_1_0,1,6.0,0.05
14600,2_7_0_1,1,3.0,0.05
14601,1_5_1_0,1,2.0,0.05
14602,2_2_1_1,4,7.0,0.05
14603,2_3_1_1,0,9.0,0.05
14604,1_2_1_0,1,6.0,0.05
14605,3_7_1_1,4,7.0,0.05
14606,2_6_0_0,1,0.0,0.05
14607,2_5_0_1,4,1.5,0.05
14608,3_2_0_0,3,2.0,0.05
14609,2_2_1_1,4,7.0,0.05
14610,2_3_0_1,3,1.0,0.05
14611,1_5_1_0,1,2.0,0.05
14612,1_5_1_1,0,9.0,0.05
14613,1_5_1_1,0,9.0,0.05
14614,2_1_0_0,5,2.0,0.05
14615,3_1_0_1,0,1.5,0.05
14616,2_7_1_1,0,9.0,0.05
14617,1_1_1_0,4,1.0,0.05
14618,1_0_0_1,3,1.0,0.05
14619,1_5_1_0,1,2.0,0.05
14620,1_2_1_1,4,7.0,0.05
14621,3_2_1_1,1,9.0,0.05
14622,1_6_1_0,1,6.0,0.05
14623,1_1_0_0,3,2.0,0.05
14624,2_2_0_0,0,-8.5,0.05
14625,2_2_0_0,3,2.0,0.05
14626,2_4_1_0,1,2.0,0.05
14627,3_7_1_1,4,7.0,0.05
14628,1_7_1_0,1,6.0,0.05
14629,1_2_0_1,3,1.0,0.05
14630,2_4_0_1,4,1.5,0.05
14631,2_5_0_0,5,2.0,0.05
14632,1_2_1_1,4,7.0,0.05
14633,3_0_0_0,5,2.0,0.05
14634,3_1_1_1,0,9.0,0.05
14635,2_3_0_0,3,2.0,0.05
14636,2_7_0_0,3,2.0,0.05
14637,1_6_1_1,4,7.0,0.05
14638,3_2_1_1,1,9.0,0.05
14639,3_0_0_1,3,1.0,0.05
14640,1_2_0_1,3,1.0,0.05
14641,2_1_0_0,5,2.0,0.05
14642,2_5_0_1,4,1.5,0.05
14643,2_4_1_1,0,5.0,0.05
14644,1_6_0_1,1,3.0,0.05
14645,2_5_1_1,0,9.0,0.05
14646,2_5_0_0,5,2.0,0.05
14647,1_4_1_0,5,3.0,0.05
14648,1_7_1_1,0,9.0,0.05
14649,2_7_0_0,3,2.0,0.05
14650,2_3_1_1,0,9.0,0.05
14651,2_5_1_0,1,2.0,0.05
14652,2_5_0_0,5,2.0,0.05
14653,1_1_1_1,0,9.0,0.05
14654,1_0_0_1,4,1.5,0.05
14655,2_5_1_0,1,2.0,0.05
14656,1_0_1_1,4,7.0,0.05
14657,1_0_0_0,3,2.0,0.05
14658,3_6_0_1,1,3.0,0.05
14659,1_2_0_1,3,1.0,0.05
14660,1_2_1_1,4,7.0,0.05
14661,2_6_1_0,1,6.0,0.05
14662,3_0_0_1,3,1.0,0.05
14663,1_5_1_1,5,1.0,0.05
14664,1_3_1_0,1,6.0,0.05
14665,3_3_1_1,1,9.0,0.05
14666,1_5_0_1,0,1.5,0.05
14667,2_0_0_1,4,1.5,0.05
14668,1_1_0_1,0,1.5,0.05
14669,2_7_0_0,3,2.0,0.05
14670,3_3_0_0,5,2.0,0.05
14671,1_0_0_1,3,1.0,0.05
14672,1_5_1_0,1,2.0,0.05
14673,3_1_0_1,0,1.5,0.05
14674,3_2_1_0,1,6.0,0.05
14675,3_7_0_1,3,1.0,0.05
14676,1_4_0_0,2,2.0,0.05
14677,3_4_0_0,5,2.0,0.05
14678,3_2_0_0,3,2.0,0.05
14679,3_1_1_1,0,9.0,0.05
14680,3_1_1_0,0,3.0,0.05
14681,3_4_1_1,0,5.0,0.05
14682,3_7_0_0,2,2.0,0.05
14683,3_2_1_0,1,6.0,0.05
14684,3_0_1_1,0,5.0,0.05
14685,3_4_1_0,5,3.0,0.05
14686,2_7_1_0,1,6.0,0.05
14687,1_7_1_0,1,6.0,0.05
14688,1_6_1_1,4,7.0,0.05
14689,1_3_1_1,4,7.0,0.05
14690,3_4_1_1,0,5.0,0.05
14691,1_3_0_0,5,2.0,0.05
14692,1_2_1_1,4,7.0,0.05
14693,1_7_0_1,1,3.0,0.05
14694,1_5_1_1,0,9.0,0.05
14695,3_2_1_0,1,6.0,0.05
14696,1_2_0_1,3,1.0,0.05
14697,1_3_0_1,1,3.0,0.05
14698,3_3_1_1,1,9.0,0.05
14699,3_2_0_0,3,2.0,0.05
14700,2_3_0_1,3,1.0,0.05
14701,2_1_1_1,4,7.0,0.05
14702,3_0_0_0,5,2.0,0.05
14703,1_3_1_1,4,7.0,0.05
14704,2_6_1_1,1,9.0,0.05
14705,1_3_0_1,1,3.0,0.05
14706,1_1_0_1,0,1.5,0.05
14707,3_0_0_0,5,2.0,0.05
14708,3_2_0_1,4,1.5,0.05
14709,2_2_0_1,4,1.5,0.05
14710,1_1_0_0,3,2.0,0.05
14711,2_0_1_1,1,5.0,0.05
14712,1_5_0_1,0,1.5,0.05
14713,3_2_0_0,3,2.0,0.05
14714,1_6_0_0,2,2.0,0.05
14715,2_1_1_1,4,7.0,0.05
14716,2_5_0_0,5,2.0,0.05
14717,3_6_0_0,5,2.0,0.05
14718,1_7_1_0,1,6.0,0.05
14719,3_2_0_1,4,1.5,0.05
14720,2_3_0_1,3,1.0,0.05
14721,2_1_0_1,0,1.5,0.05
14722,3_5_1_1,0,9.0,0.05
14723,3_2_1_1,1,9.0,0.05
14724,3_4_1_1,0,5.0,0.05
14725,3_0_1_0,4,1.0,0.05
14726,2_6_1_0,1,6.0,0.05
14727,3_0_1_0,4,1.0,0.05
14728,2_4_0_1,4,1.5,0.05
14729,2_3_1_1,0,9.0,0.05
14730,2_7_1_0,1,6.0,0.05
14731,1_3_0_1,1,3.0,0.05
14732,2_2_1_1,4,7.0,0.05
14733,2_5_0_0,5,2.0,0.05
14734,3_3_1_0,0,3.0,0.05
14735,2_4_1_1,0,5.0,0.05
14736,3_6_0_1,1,3.0,0.05
14737,1_5_1_1,0,9.0,0.05
14738,3_4_0_1,4,1.5,0.05
14739,2_5_0_0,5,2.0,0.05
14740,2_2_0_0,2,-2.0,0.05
14741,3_5_0_0,3,2.0,0.05
14742,3_0_0_0,5,2.0,0.05
14743,1_1_0_1,0,1.5,0.05
14744,1_6_1_0,1,6.0,0.05
14745,2_3_0_1,3,1.0,0.05
14746,3_1_1_1,0,9.0,0.05
14747,2_4_0_1,4,1.5,0.05
14748,3_3_0_1,1,3.0,0.05
14749,3_6_0_1,1,3.0,0.05
14750,1_5_1_0,1,2.0,0.05
14751,2_5_1_0,1,2.0,0.05
14752,2_3_0_0,3,2.0,0.05
14753,1_5_0_0,3,2.0,0.05
14754,1_7_1_0,1,6.0,0.05
14755,3_1_0_0,3,2.0,0.05
14756,2_3_1_0,1,6.0,0.05
14757,3_1_1_0,0,3.0,0.05
14758,1_5_1_0,1,2.0,0.05
14759,1_3_0_0,5,2.0,0.05
14760,1_1_1_1,0,9.0,0.05
14761,3_3_0_0,5,2.0,0.05
14762,1_7_1_1,0,9.0,0.05
14763,1_4_1_1,4,7.0,0.05
14764,2_7_1_1,0,9.0,0.05
14765,3_4_0_1,4,1.5,0.05
14766,2_6_1_1,1,9.0,0.05
14767,1_0_0_1,3,1.0,0.05
14768,3_4_1_1,4,7.0,0.05
14769,3_0_1_1,0,5.0,0.05
14770,3_2_0_1,4,1.5,0.05
14771,2_2_0_0,3,2.0,0.05
14772,2_3_0_1,3,1.0,0.05
14773,3_3_1_1,1,9.0,0.05
14774,1_0_1_1,4,7.0,0.05
14775,1_5_0_0,3,2.0,0.05
14776,1_4_1_0,5,3.0,0.05
14777,3_2_1_0,1,6.0,0.05
14778,2_5_0_0,5,2.0,0.05
14779,2_1_0_1,0,1.5,0.05
14780,2_5_0_0,5,2.0,0.05
14781,1_4_0_0,3,2.0,0.05
14782,1_7_1_1,0,9.0,0.05
14783,1_4_1_0,5,3.0,0.05
14784,2_2_1_0,1,6.0,0.05
14785,3_4_0_1,4,1.5,0.05
14786,3_5_0_1,0,1.5,0.05
14787,3_6_1_0,1,6.0,0.05
14788,2_0_1_1,1,5.0,0.05
14789,1_1_1_0,5,3.0,0.05
14790,1_3_0_1,1,3.0,0.05
14791,1_5_1_1,0,9.0,0.05
14792,2_1_1_1,4,7.0,0.05
14793,3_2_0_0,3,2.0,0.05
14794,3_0_0_1,3,1.0,0.05
14795,2_7_0_0,3,2.0,0.05
14796,3_5_1_1,0,9.0,0.05
14797,2_7_0_1,1,3.0,0.05
14798,2_5_0_0,5,2.0,0.05
14799,2_1_0_1,0,1.5,0.05
14800,2_6_0_0,1,0.0,0.05
14801,3_1_0_0,3,2.0,0.05
14802,1_7_1_1,0,9.0,0.05
14803,1_3_0_1,1,3.0,0.05
14804,3_3_0_0,5,2.0,0.05
14805,3_6_1_1,4,7.0,0.05
14806,1_7_1_1,0,9.0,0.05
14807,2_2_1_0,1,6.0,0.05
14808,1_6_1_0,1,6.0,0.05
14809,2_6_1_1,1,9.0,0.05
14810,2_4_0_1,4,1.5,0.05
14811,2_2_0_1,4,1.5,0.05
14812,1_2_0_1,3,1.0,0.05
14813,2_1_0_0,0,-4.5,0.05
14814,2_4_1_1,0,5.0,0.05
14815,2_6_0_1,4,1.5,0.05
14816,3_5_0_0,3,2.0,0.05
14817,2_5_1_0,1,2.0,0.05
14818,3_6_0_0,5,2.0,0.05
14819,1_4_0_0,3,2.0,0.05
14820,3_3_0_0,5,2.0,0.05
14821,1_1_0_1,0,1.5,0.05
14822,1_6_0_1,1,3.0,0.05
14823,2_6_1_0,1,6.0,0.05
14824,3_7_1_0,1,6.0,0.05
14825,3_4_0_0,5,2.0,0.05
14826,3_6_0_1,1,3.0,0.05
14827,3_6_1_0,1,6.0,0.05
14828,3_2_0_1,4,1.5,0.05
14829,2_4_0_0,3,2.0,0.05
14830,2_4_0_0,3,2.0,0.05
14831,3_7_0_1,3,1.0,0.05
14832,1_3_0_0,2,-2.0,0.05
14833,3_6_0_1,1,3.0,0.05
14834,3_7_0_1,3,1.0,0.05
14835,3_7_0_1,3,1.0,0.05
14836,1_3_0_0,5,2.0,0.05
14837,2_5_1_0,1,2.0,0.05
14838,2_4_1_0,1,2.0,0.05
14839,2_7_0_0,3,2.0,0.05
14840,3_3_1_0,0,3.0,0.05
14841,1_2_0_1,3,1.0,0.05
14842,3_2_0_0,3,2.0,0.05
14843,2_2_1_0,1,6.0,0.05
14844,2_0_1_1,1,5.0,0.05
14845,1_4_1_0,5,3.0,0.05
14846,3_0_0_0,0,-8.5,0.05
14847,3_7_0_0,2,2.0,0.05
14848,2_2_1_1,4,7.0,0.05
14849,3_7_1_0,1,6.0,0.05
14850,3_4_0_0,5,2.0,0.05
14851,2_6_1_1,1,9.0,0.05
14852,1_5_0_0,3,2.0,0.05
14853,3_4_1_1,0,5.0,0.05
14854,2_4_0_1,4,1.5,0.05
14855,1_2_1_1,4,7.0,0.05
14856,2_2_1_0,1,6.0,0.05
14857,1_1_1_0,5,3.0,0.05
14858,2_1_0_1,0,1.5,0.05
14859,1_2_0_1,3,1.0,0.05
14860,3_4_1_0,5,3.0,0.05
14861,1_4_1_1,4,7.0,0.05
14862,2_6_1_1,1,9.0,0.05
14863,3_1_1_1,0,9.0,0.05
14864,1_0_1_0,5,3.0,0.05
14865,2_0_1_0,5,3.0,0.05
14866,1_5_1_1,0,9.0,0.05
14867,3_2_1_1,1,9.0,0.05
14868,3_5_0_0,3,2.0,0.05
14869,2_5_0_0,5,2.0,0.05
14870,3_3_0_1,1,3.0,0.05
14871,1_2_1_1,4,7.0,0.05
14872,2_4_1_0,1,2.0,0.05
14873,3_7_0_0,2,2.0,0.05
14874,2_7_0_0,3,2.0,0.05
14875,2_2_1_1,4,7.0,0.05
14876,1_0_0_1,3,1.0,0.05
14877,1_1_0_1,0,1.5,0.05
14878,1_4_1_1,4,7.0,0.05
14879,3_1_1_1,5,1.0,0.05
14880,2_6_1_0,1,6.0,0.05
14881,2_1_0_1,0,1.5,0.05
14882,1_6_1_1,4,7.0,0.05
14883,2_3_0_1,3,1.0,0.05
14884,3_7_1_1,4,7.0,0.05
14885,1_7_1_1,0,9.0,0.05
14886,3_5_1_1,0,9.0,0.05
14887,2_6_1_1,1,9.0,0.05
14888,1_1_0_1,0,1.5,0.05
14889,2_4_0_1,0,-2.5,0.05
14890,3_3_1_1,1,9.0,0.05
14891,1_7_1_0,1,6.0,0.05
14892,3_5_1_1,0,9.0,0.05
14893,1_2_0_0,3,2.0,0.05
14894,2_6_0_1,4,1.5,0.05
14895,1_1_1_1,0,9.0,0.05
14896,1_5_0_1,0,1.5,0.05
14897,2_4_1_0,1,2.0,0.05
14898,2_2_1_1,4,7.0,0.05
14899,2_0_1_0,5,3.0,0.05
14900,2_5_0_1,4,1.5,0.05
14901,1_2_0_0,0,-8.5,0.05
14902,3_3_1_0,0,3.0,0.05
14903,2_5_0_1,4,1.5,0.05
14904,3_2_0_0,3,2.0,0.05
14905,1_6_1_1,4,7.0,0.05
14906,2_3_0_0,3,2.0,0.05
14907,3_7_1_0,5,3.0,0.05
14908,1_2_0_0,3,2.0,0.05
14909,1_1_1_0,5,3.0,0.05
14910,2_2_1_1,4,7.0,0.05
14911,2_3_0_0,3,2.0,0.05
14912,3_1_1_0,0,3.0,0.05
14913,1_2_0_1,3,1.0,0.05
14914,3_3_1_0,0,3.0,0.05
14915,3_0_1_0,4,1.0,0.05
14916,2_0_0_0,5,2.0,0.05
14917,2_1_1_0,5,3.0,0.05
14918,3_2_0_1,4,1.5,0.05
14919,2_6_0_1,4,1.5,0.05
14920,1_7_1_1,0,9.0,0.05
14921,1_0_1_0,5,3.0,0.05
14922,1_1_0_0,1,-4.0,0.05
14923,2_4_0_1,4,1.5,0.05
14924,1_5_0_1,0,1.5,0.05
14925,3_6_0_1,1,3.0,0.05
14926,3_4_0_0,5,2.0,0.05
14927,3_0_1_1,1,5.0,0.05
14928,1_7_1_0,1,6.0,0.05
14929,1_6_0_0,2,2.0,0.05
14930,2_5_1_1,0,9.0,0.05
14931,3_3_0_0,5,2.0,0.05
14932,2_1_1_0,5,3.0,0.05
14933,2_4_0_0,3,2.0,0.05
14934,3_6_0_1,1,3.0,0.05
14935,2_7_1_1,0,9.0,0.05
14936,2_6_0_0,1,0.0,0.05
14937,1_6_1_1,4,7.0,0.05
14938,3_7_0_1,3,1.0,0.05
14939,3_3_0_1,1,3.0,0.05
14940,1_1_1_1,0,9.0,0.05
14941,3_5_0_1,0,1.5,0.05
14942,1_3_1_1,4,7.0,0.05
14943,3_6_1_0,1,6.0,0.05
14944,3_7_0_1,3,1.0,0.05
14945,1_1_0_1,0,1.5,0.05
14946,1_3_1_1,4,7.0,0.05
14947,2_0_1_0,5,3.0,0.05
14948,2_2_0_0,3,2.0,0.05
14949,3_3_1_1,1,9.0,0.05
14950,2_6_0_0,1,0.0,0.05
14951,2_5_1_0,1,2.0,0.05
14952,1_4_0_1,3,1.0,0.05
14953,3_1_1_1,0,9.0,0.05
14954,2_7_0_0,3,2.0,0.05
14955,1_1_0_0,3,2.0,0.05
14956,2_4_1_0,1,2.0,0.05
14957,2_6_1_1,1,9.0,0.05
14958,3_7_0_1,3,1.0,0.05
14959,3_4_1_1,0,5.0,0.05
14960,3_4_1_1,0,5.0,0.05
14961,3_4_0_0,5,2.0,0.05
14962,2_6_0_0,4,-4.5,0.05
14963,2_0_1_0,5,3.0,0.05
14964,3_2_0_1,4,1.5,0.05
14965,1_2_0_1,3,1.0,0.05
14966,3_0_1_0,4,1.0,0.05
14967,3_6_0_1,1,3.0,0.05
14968,2_2_1_0,1,6.0,0.05
14969,2_2_1_0,1,6.0,0.05
14970,2_7_1_1,0,9.0,0.05
14971,1_0_0_1,3,1.0,0.05
14972,1_6_0_1,1,3.0,0.05
14973,2_0_0_0,5,2.0,0.05
14974,2_6_1_1,1,9.0,0.05
14975,1_2_1_0,1,6.0,0.05
14976,2_6_1_1,1,9.0,0.05
14977,2_6_1_0,1,6.0,0.05
14978,2_4_0_1,4,1.5,0.05
14979,2_0_1_1,1,5.0,0.05
14980,1_0_1_1,4,7.0,0.05
14981,2_2_1_0,1,6.0,0.05
14982,3_5_1_1,0,9.0,0.05
14983,2_7_1_1,0,9.0,0.05
14984,3_1_0_0,3,2.0,0.05
14985,2_6_0_0,1,0.0,0.05
14986,2_5_1_1,0,9.0,0.05
14987,2_4_1_1,0,5.0,0.05
14988,1_2_1_1,4,7.0,0.05
14989,3_4_1_0,5,3.0,0.05
14990,1_1_1_0,5,3.0,0.05
14991,2_6_0_1,4,1.5,0.05
14992,3_7_0_1,3,1.0,0.05
14993,3_5_1_1,0,9.0,0.05
14994,1_1_1_0,3,-14.0,0.05
14995,3_5_0_0,3,2.0,0.05
14996,1_0_0_0,3,2.0,0.05
14997,1_3_1_1,4,7.0,0.05
14998,3_3_1_1,1,9.0,0.05
14999,3_3_1_0,0,3.0,0.05
15000,1_0_1_0,5,3.0,0.05
15001,2_7_0_1,1,3.0,0.05
15002,1_7_0_0,2,2.0,0.05
15003,2_3_1_0,1,6.0,0.05
15004,3_1_1_1,0,9.0,0.05
15005,3_2_1_0,1,6.0,0.05
15006,2_2_1_0,1,6.0,0.05
15007,2_0_0_0,5,2.0,0.05
15008,2_2_1_1,4,7.0,0.05
15009,3_0_1_1,0,5.0,0.05
15010,3_4_1_0,5,3.0,0.05
15011,1_0_1_1,4,7.0,0.05
15012,2_7_1_0,1,6.0,0.05
15013,2_3_0_1,3,1.0,0.05
15014,2_4_0_0,3,2.0,0.05
15015,3_7_0_0,2,2.0,0.05
15016,1_3_0_1,1,3.0,0.05
15017,1_6_1_0,1,6.0,0.05
15018,2_2_1_1,4,7.0,0.05
15019,1_3_1_1,4,7.0,0.05
15020,3_0_0_0,5,2.0,0.05
15021,1_0_1_0,5,3.0,0.05
15022,1_0_0_1,3,1.0,0.05
15023,1_7_1_1,0,9.0,0.05
15024,1_2_1_1,4,7.0,0.05
15025,2_7_1_1,0,9.0,0.05
15026,3_4_1_0,5,3.0,0.05
15027,3_6_1_0,1,6.0,0.05
15028,2_0_0_0,5,2.0,0.05
15029,1_0_0_0,3,2.0,0.05
15030,1_3_1_0,1,6.0,0.05
15031,2_5_0_1,4,1.5,0.05
15032,3_6_0_0,5,2.0,0.05
15033,1_5_1_1,0,9.0,0.05
15034,2_6_1_0,1,6.0,0.05
15035,3_5_1_0,0,3.0,0.05
15036,1_2_0_1,3,1.0,0.05
15037,3_1_1_1,0,9.0,0.05
15038,1_5_0_1,0,1.5,0.05
15039,3_6_1_0,1,6.0,0.05
15040,3_3_0_0,5,2.0,0.05
15041,2_3_1_1,0,9.0,0.05
15042,3_6_0_0,5,2.0,0.05
15043,2_6_0_0,1,0.0,0.05
15044,3_3_1_0,0,3.0,0.05
15045,1_0_1_0,5,3.0,0.05
15046,2_5_1_0,1,2.0,0.05
15047,1_3_1_0,1,6.0,0.05
15048,1_5_0_0,3,2.0,0.05
15049,2_0_0_0,5,2.0,0.05
15050,3_4_1_0,5,3.0,0.05
15051,3_0_0_0,5,2.0,0.05
15052,3_5_0_0,3,2.0,0.05
15053,1_2_1_0,1,6.0,0.05
15054,2_6_0_1,4,1.5,0.05
15055,3_0_1_1,0,5.0,0.05
15056,2_5_1_0,1,2.0,0.05
15057,3_1_1_1,0,9.0,0.05
15058,1_2_1_1,4,7.0,0.05
15059,2_3_1_1,0,9.0,0.05
15060,1_5_0_1,0,1.5,0.05
15061,1_4_1_1,4,7.0,0.05
15062,2_0_1_1,1,5.0,0.05
15063,1_0_1_0,5,3.0,0.05
15064,1_2_1_0,1,6.0,0.05
15065,2_2_0_1,4,1.5,0.05
15066,2_4_0_0,3,2.0,0.05
15067,1_2_1_0,1,6.0,0.05
15068,1_2_0_1,1,3.0,0.05
15069,1_5_1_1,0,9.0,0.05
15070,3_6_0_1,1,3.0,0.05
15071,1_1_1_1,0,9.0,0.05
15072,2_4_0_0,3,2.0,0.05
15073,2_5_0_0,5,2.0,0.05
15074,1_1_1_0,5,3.0,0.05
15075,3_1_1_1,2,-9.0,0.05
15076,1_4_1_1,4,7.0,0.05
15077,2_5_1_0,1,2.0,0.05
15078,3_0_0_1,3,1.0,0.05
15079,3_7_1_1,4,7.0,0.05
15080,2_0_0_0,3,2.0,0.05
15081,3_0_0_1,3,1.0,0.05
15082,1_7_0_0,2,2.0,0.05
15083,1_7_1_1,0,9.0,0.05
15084,3_6_0_0,5,2.0,0.05
15085,3_0_0_1,3,1.0,0.05
15086,3_5_1_1,0,9.0,0.05
15087,3_3_1_0,0,3.0,0.05
15088,1_3_0_1,1,3.0,0.05
15089,2_1_1_0,0,3.0,0.05
15090,2_0_0_0,5,2.0,0.05
15091,2_2_1_1,1,9.0,0.05
15092,2_6_0_0,1,0.0,0.05
15093,3_3_0_0,5,2.0,0.05
15094,3_2_0_0,3,2.0,0.05
15095,3_7_1_1,4,7.0,0.05
15096,1_5_0_0,3,2.0,0.05
15097,1_2_1_0,1,6.0,0.05
15098,2_1_1_1,4,7.0,0.05
15099,1_5_1_0,1,2.0,0.05
15100,3_7_1_1,4,7.0,0.05
15101,2_1_0_0,5,2.0,0.05
15102,3_7_1_1,4,7.0,0.05
15103,1_2_0_1,3,1.0,0.05
15104,1_1_1_1,3,-15.0,0.05
15105,1_4_1_0,5,3.0,0.05
15106,1_7_0_1,1,3.0,0.05
15107,3_5_1_0,0,3.0,0.05
15108,3_4_0_1,4,1.5,0.05
15109,2_1_0_0,5,2.0,0.05
15110,2_3_0_1,3,1.0,0.05
15111,1_5_1_0,1,2.0,0.05
15112,1_1_0_1,0,1.5,0.05
15113,3_7_1_1,4,7.0,0.05
15114,1_0_1_1,4,7.0,0.05
15115,2_0_0_0,5,2.0,0.05
15116,3_6_1_0,1,6.0,0.05
15117,2_5_0_1,4,1.5,0.05
15118,3_0_1_0,2,-7.0,0.05
15119,3_3_0_0,5,2.0,0.05
15120,2_7_0_1,1,3.0,0.05
15121,1_2_0_1,3,1.0,0.05
15122,2_3_0_1,3,1.0,0.05
15123,1_2_0_0,3,2.0,0.05
15124,3_4_1_0,5,3.0,0.05
15125,3_1_1_1,0,9.0,0.05
15126,3_3_0_0,5,2.0,0.05
15127,1_1_0_0,3,2.0,0.05
15128,2_3_0_1,3,1.0,0.05
15129,2_2_1_1,4,7.0,0.05
15130,2_1_0_1,0,1.5,0.05
15131,2_2_0_0,3,2.0,0.05
15132,1_1_1_1,0,9.0,0.05
15133,3_5_0_0,3,2.0,0.05
15134,1_7_0_0,2,2.0,0.05
15135,2_2_1_1,4,7.0,0.05
15136,2_6_0_1,4,1.5,0.05
15137,3_4_1_1,0,5.0,0.05
15138,2_3_0_1,3,1.0,0.05
15139,2_7_0_0,3,2.0,0.05
15140,1_1_1_0,5,3.0,0.05
15141,2_0_1_0,5,3.0,0.05
15142,3_0_1_0,4,1.0,0.05
15143,2_5_1_0,1,2.0,0.05
15144,2_6_0_0,1,0.0,0.05
15145,1_7_0_1,1,3.0,0.05
15146,1_1_0_0,5,2.0,0.05
15147,2_3_0_1,3,1.0,0.05
15148,1_1_1_1,0,9.0,0.05
15149,1_4_0_1,3,1.0,0.05
15150,3_0_0_1,3,1.0,0.05
15151,1_2_1_1,4,7.0,0.05
15152,1_0_1_1,4,7.0,0.05
15153,1_7_1_1,0,9.0,0.05
15154,2_2_0_1,4,1.5,0.05
15155,3_1_1_0,0,3.0,0.05
15156,2_2_1_0,1,6.0,0.05
15157,1_6_1_0,1,6.0,0.05
15158,2_5_1_1,0,9.0,0.05
15159,3_2_0_0,3,2.0,0.05
15160,3_5_1_0,0,3.0,0.05
15161,1_6_0_0,2,2.0,0.05
15162,3_2_0_0,3,2.0,0.05
15163,2_3_0_0,3,2.0,0.05
15164,2_2_0_1,4,1.5,0.05
15165,1_3_0_0,5,2.0,0.05
15166,3_1_1_0,2,-7.0,0.05
15167,1_3_0_0,4,-4.5,0.05
15168,2_2_1_0,1,6.0,0.05
15169,1_6_1_0,1,6.0,0.05
15170,3_0_0_0,5,2.0,0.05
15171,1_4_0_1,3,1.0,0.05
15172,1_6_0_1,1,3.0,0.05
15173,1_7_1_1,0,9.0,0.05
15174,3_1_0_1,0,1.5,0.05
15175,1_0_0_1,3,1.0,0.05
15176,2_3_1_1,0,9.0,0.05
15177,2_4_0_1,4,1.5,0.05
15178,1_4_0_1,3,1.0,0.05
15179,3_1_0_1,0,1.5,0.05
15180,1_5_0_1,0,1.5,0.05
15181,3_4_1_1,0,5.0,0.05
15182,3_4_0_1,4,1.5,0.05
15183,2_7_1_0,1,6.0,0.05
15184,1_2_1_1,4,7.0,0.05
15185,1_1_0_1,0,1.5,0.05
15186,1_1_0_1,0,1.5,0.05
15187,2_3_0_0,3,2.0,0.05
15188,2_7_1_1,0,9.0,0.05
15189,1_0_0_1,3,1.0,0.05
15190,3_1_1_0,0,3.0,0.05
15191,3_7_1_0,1,6.0,0.05
15192,1_7_0_1,1,3.0,0.05
15193,1_6_0_0,2,2.0,0.05
15194,2_3_1_1,5,1.0,0.05
15195,3_1_1_1,0,9.0,0.05
15196,1_2_0_0,3,2.0,0.05
15197,1_3_1_0,1,6.0,0.05
15198,3_3_1_0,0,3.0,0.05
15199,3_2_0_0,3,2.0,0.05
15200,3_1_0_1,0,1.5,0.05
15201,1_3_1_0,1,6.0,0.05
15202,1_4_1_0,5,3.0,0.05
15203,2_6_0_0,1,0.0,0.05
15204,3_5_0_0,3,2.0,0.05
15205,3_2_0_1,4,1.5,0.05
15206,2_5_1_1,0,9.0,0.05
15207,3_0_1_1,0,5.0,0.05
15208,1_1_0_1,0,1.5,0.05
15209,2_1_0_0,5,2.0,0.05
15210,1_5_0_1,0,1.5,0.05
15211,1_7_0_0,2,2.0,0.05
15212,3_4_0_1,4,1.5,0.05
15213,3_5_0_0,3,2.0,0.05
15214,2_7_1_1,0,9.0,0.05
15215,1_7_1_1,0,9.0,0.05
15216,2_5_0_1,3,1.0,0.05
15217,2_1_1_1,4,7.0,0.05
15218,3_3_0_1,1,3.0,0.05
15219,3_0_0_1,3,1.0,0.05
15220,2_5_1_0,1,2.0,0.05
15221,2_3_1_1,0,9.0,0.05
15222,3_4_0_1,4,1.5,0.05
15223,3_3_0_1,1,3.0,0.05
15224,1_5_0_0,3,2.0,0.05
15225,2_3_1_0,1,6.0,0.05
15226,2_0_1_0,5,3.0,0.05
15227,2_4_1_1,0,5.0,0.05
15228,1_4_0_1,3,1.0,0.05
15229,2_2_1_1,4,7.0,0.05
15230,1_7_1_1,0,9.0,0.05
15231,2_2_1_0,1,6.0,0.05
15232,2_1_1_1,4,7.0,0.05
15233,1_7_0_1,1,3.0,0.05
15234,3_0_1_0,4,1.0,0.05
15235,2_6_1_1,1,9.0,0.05
15236,2_4_1_0,1,2.0,0.05
15237,1_3_1_0,1,6.0,0.05
15238,1_1_0_0,3,2.0,0.05
15239,1_1_1_1,0,9.0,0.05
15240,3_0_0_0,5,2.0,0.05
15241,2_3_0_0,3,2.0,0.05
15242,3_7_0_0,2,2.0,0.05
15243,3_2_1_1,1,9.0,0.05
15244,1_0_0_1,3,1.0,0.05
15245,1_0_1_1,4,7.0,0.05
15246,1_4_0_1,3,1.0,0.05
15247,1_0_0_1,3,1.0,0.05
15248,2_7_1_0,1,6.0,0.05
15249,3_2_1_1,1,9.0,0.05
15250,3_0_0_1,3,1.0,0.05
15251,2_1_0_1,0,1.5,0.05
15252,2_4_0_1,4,1.5,0.05
15253,2_7_0_1,1,3.0,0.05
15254,3_5_0_0,3,2.0,0.05
15255,2_2_0_1,4,1.5,0.05
15256,1_6_0_0,2,2.0,0.05
15257,3_1_0_0,3,2.0,0.05
15258,1_1_1_1,0,9.0,0.05
15259,1_2_1_1,4,7.0,0.05
15260,3_2_0_0,3,2.0,0.05
15261,1_7_0_1,1,3.0,0.05
15262,1_6_0_1,1,3.0,0.05
15263,2_3_1_1,0,9.0,0.05
15264,2_4_0_1,4,1.5,0.05
15265,1_5_1_1,0,9.0,0.05
15266,2_4_0_1,4,1.5,0.05
15267,2_2_1_1,4,7.0,0.05
15268,2_0_0_0,5,2.0,0.05
15269,3_2_1_0,1,6.0,0.05
15270,2_3_0_1,3,1.0,0.05
15271,2_5_1_0,1,2.0,0.05
15272,3_4_1_0,5,3.0,0.05
15273,2_2_1_0,1,6.0,0.05
15274,3_6_0_0,5,2.0,0.05
15275,3_7_0_0,2,2.0,0.05
15276,2_7_0_0,3,2.0,0.05
15277,3_4_1_1,0,5.0,0.05
15278,3_4_0_1,4,1.5,0.05
15279,2_1_1_1,2,-9.0,0.05
15280,3_2_1_1,1,9.0,0.05
15281,2_6_0_1,4,1.5,0.05
15282,2_2_1_0,1,6.0,0.05
15283,1_6_1_1,4,7.0,0.05
15284,1_4_0_0,3,2.0,0.05
15285,2_5_0_1,4,1.5,0.05
15286,1_2_1_1,4,7.0,0.05
15287,2_4_0_0,3,2.0,0.05
15288,2_0_1_1,3,-15.0,0.05
15289,2_6_0_1,4,1.5,0.05
15290,1_6_0_1,1,3.0,0.05
15291,1_2_1_1,4,7.0,0.05
15292,2_3_0_0,3,2.0,0.05
15293,2_0_0_1,4,1.5,0.05
15294,1_5_1_0,1,2.0,0.05
15295,1_4_0_1,3,1.0,0.05
15296,2_2_1_1,4,7.0,0.05
15297,2_2_0_0,3,2.0,0.05
15298,3_7_1_1,4,7.0,0.05
15299,1_1_0_0,3,2.0,0.05
15300,1_7_1_0,1,6.0,0.05
15301,1_0_0_1,3,1.0,0.05
15302,2_3_1_0,1,6.0,0.05
15303,1_2_0_1,3,1.0,0.05
15304,3_4_1_1,0,5.0,0.05
15305,1_7_0_1,1,3.0,0.05
15306,2_1_0_0,5,2.0,0.05
15307,3_1_1_0,0,3.0,0.05
15308,2_7_0_1,1,3.0,0.05
15309,2_0_1_0,5,3.0,0.05
15310,2_2_1_1,4,7.0,0.05
15311,3_7_1_0,1,6.0,0.05
15312,3_6_0_1,1,3.0,0.05
15313,3_4_0_0,5,2.0,0.05
15314,1_2_1_0,1,6.0,0.05
15315,1_7_1_1,0,9.0,0.05
15316,3_6_1_0,1,6.0,0.05
15317,2_5_0_1,4,1.5,0.05
15318,2_4_0_0,3,2.0,0.05
15319,2_6_1_0,1,6.0,0.05
15320,3_7_1_0,1,6.0,0.05
15321,3_3_1_0,0,3.0,0.05
15322,2_4_1_0,1,2.0,0.05
15323,2_7_1_1,0,9.0,0.05
15324,2_3_1_0,1,6.0,0.05
15325,1_4_0_0,3,2.0,0.05
15326,3_5_0_1,0,1.5,0.05
15327,1_1_1_1,0,9.0,0.05
15328,1_4_0_1,3,1.0,0.05
15329,1_7_1_0,1,6.0,0.05
15330,3_4_1_0,5,3.0,0.05
15331,2_5_0_0,5,2.0,0.05
15332,3_0_1_1,0,5.0,0.05
15333,3_5_1_0,0,3.0,0.05
15334,2_3_0_1,3,1.0,0.05
15335,3_1_1_1,0,9.0,0.05
15336,3_6_1_1,4,7.0,0.05
15337,3_4_1_1,0,5.0,0.05
15338,1_0_0_1,3,1.0,0.05
15339,2_3_0_1,3,1.0,0.05
15340,1_1_0_1,0,1.5,0.05
15341,1_0_0_1,3,1.0,0.05
15342,2_0_1_1,1,5.0,0.05
15343,1_4_0_0,3,2.0,0.05
15344,3_4_0_1,4,1.5,0.05
15345,1_6_1_0,1,6.0,0.05
15346,1_1_1_0,5,3.0,0.05
15347,2_3_1_0,1,6.0,0.05
15348,1_1_1_0,5,3.0,0.05
15349,1_1_0_0,3,2.0,0.05
15350,3_6_0_0,5,2.0,0.05
15351,3_2_0_1,4,1.5,0.05
15352,1_1_1_0,5,3.0,0.05
15353,2_3_0_0,3,2.0,0.05
15354,3_7_1_0,3,-14.0,0.05
15355,2_1_0_0,3,2.0,0.05
15356,2_1_0_1,0,1.5,0.05
15357,1_3_0_1,1,3.0,0.05
15358,3_7_1_0,1,6.0,0.05
15359,2_6_0_1,4,1.5,0.05
15360,2_0_0_1,4,1.5,0.05
15361,3_4_0_1,4,1.5,0.05
15362,3_3_0_0,5,2.0,0.05
15363,2_3_1_0,1,6.0,0.05
15364,1_2_1_0,1,6.0,0.05
15365,1_2_0_1,3,1.0,0.05
15366,2_3_1_0,1,6.0,0.05
15367,1_7_0_1,1,3.0,0.05
15368,2_1_0_1,0,1.5,0.05
15369,2_0_0_1,1,-1.0,0.05
15370,3_0_0_0,5,2.0,0.05
15371,2_6_1_1,1,9.0,0.05
15372,2_3_1_1,0,9.0,0.05
15373,3_6_0_1,1,3.0,0.05
15374,3_6_0_0,5,2.0,0.05
15375,2_4_1_0,1,2.0,0.05
15376,2_6_1_1,1,9.0,0.05
15377,1_0_0_0,3,2.0,0.05
15378,1_4_1_0,5,3.0,0.05
15379,2_2_0_1,4,1.5,0.05
15380,2_4_0_0,3,2.0,0.05
15381,1_2_0_1,3,1.0,0.05
15382,1_3_0_0,5,2.0,0.05
15383,3_0_1_0,4,1.0,0.05
15384,2_6_0_0,1,0.0,0.05
15385,3_0_0_0,5,2.0,0.05
15386,1_3_0_1,1,3.0,0.05
15387,3_4_0_1,4,1.5,0.05
15388,1_4_1_0,5,3.0,0.05
15389,2_2_0_0,3,2.0,0.05
15390,2_5_0_0,0,-4.5,0.05
15391,3_5_1_0,0,3.0,0.05
15392,1_4_1_0,5,3.0,0.05
15393,2_2_1_1,4,7.0,0.05
15394,1_3_0_1,1,3.0,0.05
15395,3_2_0_1,4,1.5,0.05
15396,1_2_1_1,4,7.0,0.05
15397,3_2_0_0,3,2.0,0.05
15398,2_3_0_0,3,2.0,0.05
15399,2_7_1_0,1,6.0,0.05
15400,1_2_1_1,4,7.0,0.05
15401,1_2_0_1,3,1.0,0.05
15402,3_0_1_0,4,1.0,0.05
15403,3_5_1_0,0,3.0,0.05
15404,3_4_1_1,0,5.0,0.05
15405,2_1_0_1,0,1.5,0.05
15406,2_5_0_1,4,1.5,0.05
15407,2_2_1_0,1,6.0,0.05
15408,3_2_0_0,3,2.0,0.05
15409,3_3_1_0,0,3.0,0.05
15410,3_0_1_1,0,5.0,0.05
15411,2_4_1_0,1,2.0,0.05
15412,1_5_1_1,0,9.0,0.05
15413,2_3_1_0,1,6.0,0.05
15414,1_1_0_1,0,1.5,0.05
15415,2_7_0_1,1,3.0,0.05
15416,3_1_0_0,3,2.0,0.05
15417,1_1_0_0,3,2.0,0.05
15418,1_3_1_0,1,6.0,0.05
15419,1_0_1_0,5,3.0,0.05
15420,2_1_1_0,5,3.0,0.05
15421,3_2_0_1,4,1.5,0.05
15422,1_7_1_0,1,6.0,0.05
15423,2_7_0_0,3,2.0,0.05
15424,2_1_1_0,5,3.0,0.05
15425,2_7_1_0,1,6.0,0.05
15426,2_2_1_1,4,7.0,0.05
15427,1_3_1_0,1,6.0,0.05
15428,1_7_0_0,2,2.0,0.05
15429,2_5_1_1,0,9.0,0.05
15430,2_0_1_1,1,5.0,0.05
15431,3_4_0_1,4,1.5,0.05
15432,3_3_1_1,1,9.0,0.05
15433,2_2_0_1,4,1.5,0.05
15434,1_2_1_1,4,7.0,0.05
15435,3_6_1_0,1,6.0,0.05
15436,3_2_0_1,4,1.5,0.05
15437,2_4_0_0,3,2.0,0.05
15438,1_4_1_1,4,7.0,0.05
15439,3_2_0_0,3,2.0,0.05
15440,2_7_1_1,0,9.0,0.05
15441,2_7_1_1,0,9.0,0.05
15442,1_1_0_0,3,2.0,0.05
15443,2_3_1_1,0,9.0,0.05
15444,3_5_0_1,0,1.5,0.05
15445,2_2_0_0,3,2.0,0.05
15446,2_1_0_1,0,1.5,0.05
15447,3_1_0_0,3,2.0,0.05
15448,1_0_1_1,4,7.0,0.05
15449,1_5_0_0,4,-4.5,0.05
15450,3_0_0_0,5,2.0,0.05
15451,2_4_1_0,1,2.0,0.05
15452,3_2_0_0,3,2.0,0.05
15453,2_7_0_0,3,2.0,0.05
15454,3_0_1_1,0,5.0,0.05
15455,1_2_0_0,3,2.0,0.05
15456,3_6_0_0,4,-4.5,0.05
15457,1_2_1_0,1,6.0,0.05
15458,2_0_0_0,5,2.0,0.05
15459,2_3_1_1,0,9.0,0.05
15460,2_3_1_0,1,6.0,0.05
15461,3_4_0_0,5,2.0,0.05
15462,2_6_1_1,1,9.0,0.05
15463,3_7_1_0,1,6.0,0.05
15464,1_4_1_0,5,3.0,0.05
15465,2_4_0_1,4,1.5,0.05
15466,1_3_0_0,5,2.0,0.05
15467,1_7_1_0,1,6.0,0.05
15468,1_7_0_1,1,3.0,0.05
15469,1_2_1_1,4,7.0,0.05
15470,1_2_0_1,3,1.0,0.05
15471,2_4_0_1,4,1.5,0.05
15472,3_3_1_1,1,9.0,0.05
15473,3_6_1_1,4,7.0,0.05
15474,1_3_1_1,4,7.0,0.05
15475,2_3_1_1,0,9.0,0.05
15476,2_0_0_0,5,2.0,0.05
15477,2_1_1_1,4,7.0,0.05
15478,2_7_1_1,0,9.0,0.05
15479,3_1_1_1,0,9.0,0.05
15480,2_7_0_1,1,3.0,0.05
15481,3_1_0_1,4,1.5,0.05
15482,2_5_0_1,4,1.5,0.05
15483,2_5_0_1,4,1.5,0.05
15484,1_1_1_1,0,9.0,0.05
15485,2_1_1_1,4,7.0,0.05
15486,2_5_1_0,1,2.0,0.05
15487,2_4_1_1,0,5.0,0.05
15488,3_6_1_0,1,6.0,0.05
15489,1_2_0_0,3,2.0,0.05
15490,3_4_0_0,5,2.0,0.05
15491,1_2_1_0,1,6.0,0.05
15492,3_5_1_0,0,3.0,0.05
15493,2_0_0_0,5,2.0,0.05
15494,2_3_1_0,1,6.0,0.05
15495,2_7_1_1,0,9.0,0.05
15496,2_3_0_0,3,2.0,0.05
15497,2_5_0_0,5,2.0,0.05
15498,2_4_0_1,4,1.5,0.05
15499,2_1_0_0,5,2.0,0.05
15500,3_2_0_0,3,2.0,0.05
15501,2_1_1_1,4,7.0,0.05
15502,3_5_0_0,3,2.0,0.05
15503,3_0_0_1,3,1.0,0.05
15504,2_0_1_1,1,5.0,0.05
15505,2_2_0_1,4,1.5,0.05
15506,1_7_0_0,2,2.0,0.05
15507,3_1_1_0,0,3.0,0.05
15508,3_6_1_1,4,7.0,0.05
15509,2_3_1_1,0,9.0,0.05
15510,2_1_1_0,5,3.0,0.05
15511,3_3_0_1,1,3.0,0.05
15512,2_7_1_0,1,6.0,0.05
15513,3_5_1_1,0,9.0,0.05
15514,3_7_1_0,1,6.0,0.05
15515,3_3_0_1,1,3.0,0.05
15516,3_0_0_0,5,2.0,0.05
15517,2_7_0_0,3,2.0,0.05
15518,2_4_0_0,3,2.0,0.05
15519,2_2_1_1,4,7.0,0.05
15520,3_6_0_1,1,3.0,0.05
15521,1_2_1_0,1,6.0,0.05
15522,2_0_1_0,5,3.0,0.05
15523,2_2_1_0,1,6.0,0.05
15524,1_6_0_0,2,2.0,0.05
15525,3_3_0_1,4,1.5,0.05
15526,3_5_1_1,0,9.0,0.05
15527,2_2_1_1,4,7.0,0.05
15528,2_0_0_0,5,2.0,0.05
15529,1_2_1_0,1,6.0,0.05
15530,3_4_1_0,5,3.0,0.05
15531,1_3_1_1,4,7.0,0.05
15532,3_7_0_1,3,1.0,0.05
15533,3_2_1_1,4,7.0,0.05
15534,1_6_1_0,1,6.0,0.05
15535,2_6_0_1,4,1.5,0.05
15536,3_4_1_0,5,3.0,0.05
15537,3_3_1_1,1,9.0,0.05
15538,3_0_1_1,0,5.0,0.05
15539,2_6_1_1,1,9.0,0.05
15540,2_6_0_1,4,1.5,0.05
15541,2_7_0_0,3,2.0,0.05
15542,2_6_1_0,1,6.0,0.05
15543,3_4_0_0,5,2.0,0.05
15544,3_0_0_1,3,1.0,0.05
15545,2_6_0_0,1,0.0,0.05
15546,1_4_0_0,3,2.0,0.05
15547,3_5_1_0,0,3.0,0.05
15548,1_3_1_0,1,6.0,0.05
15549,3_3_1_1,1,9.0,0.05
15550,2_1_0_1,0,1.5,0.05
15551,1_1_0_0,3,2.0,0.05
15552,2_0_0_0,5,2.0,0.05
15553,3_2_0_0,3,2.0,0.05
15554,2_1_0_0,2,-2.0,0.05
15555,2_3_1_0,1,6.0,0.05
15556,1_0_1_1,4,7.0,0.05
15557,2_1_0_1,0,1.5,0.05
15558,2_2_0_0,3,2.0,0.05
15559,2_3_0_0,3,2.0,0.05
15560,3_1_0_1,0,1.5,0.05
15561,2_5_1_1,0,9.0,0.05
15562,2_4_1_0,1,2.0,0.05
15563,3_7_0_1,3,1.0,0.05
15564,2_7_0_1,1,3.0,0.05
15565,2_6_1_1,1,9.0,0.05
15566,2_7_0_1,1,3.0,0.05
15567,3_6_1_0,1,6.0,0.05
15568,2_1_1_0,5,3.0,0.05
15569,3_5_0_1,0,1.5,0.05
15570,2_0_1_0,5,3.0,0.05
15571,2_5_0_0,5,2.0,0.05
15572,3_7_1_1,4,7.0,0.05
15573,3_3_1_1,1,9.0,0.05
15574,1_2_1_0,1,6.0,0.05
15575,2_4_1_1,0,5.0,0.05
15576,3_5_0_1,0,1.5,0.05
15577,2_0_1_1,1,5.0,0.05
15578,3_7_0_0,2,2.0,0.05
15579,3_6_1_1,4,7.0,0.05
15580,1_6_0_0,2,2.0,0.05
15581,1_4_0_1,3,1.0,0.05
15582,3_6_0_0,5,2.0,0.05
15583,1_1_0_1,0,1.5,0.05
15584,1_0_0_0,3,2.0,0.05
15585,2_6_0_1,4,1.5,0.05
15586,1_3_0_0,5,2.0,0.05
15587,1_5_1_0,1,2.0,0.05
15588,1_2_1_0,1,6.0,0.05
15589,1_2_1_0,1,6.0,0.05
15590,2_4_1_1,0,5.0,0.05
15591,2_4_1_0,1,2.0,0.05
15592,1_2_0_1,3,1.0,0.05
15593,3_0_1_0,4,1.0,0.05
15594,2_0_0_0,5,2.0,0.05
15595,2_2_1_1,4,7.0,0.05
15596,2_2_0_0,3,2.0,0.05
15597,1_2_0_0,3,2.0,0.05
15598,3_0_1_0,4,1.0,0.05
15599,3_5_0_0,3,2.0,0.05
15600,2_7_1_1,0,9.0,0.05
15601,2_7_0_0,3,2.0,0.05
15602,3_1_0_1,0,1.5,0.05
15603,2_7_1_0,1,6.0,0.05
15604,2_6_0_0,1,0.0,0.05
15605,1_5_1_0,1,2.0,0.05
15606,1_4_1_1,4,7.0,0.05
15607,3_5_0_0,3,2.0,0.05
15608,3_0_1_1,0,5.0,0.05
15609,2_7_0_1,1,3.0,0.05
15610,1_0_0_0,4,-4.5,0.05
15611,1_6_1_1,4,7.0,0.05
15612,1_1_1_0,5,3.0,0.05
15613,2_7_0_1,1,3.0,0.05
15614,3_1_1_1,0,9.0,0.05
15615,2_6_1_1,1,9.0,0.05
15616,3_6_1_0,1,6.0,0.05
15617,1_1_0_1,0,1.5,0.05
15618,1_7_0_1,1,3.0,0.05
15619,2_5_1_1,0,9.0,0.05
15620,1_6_1_1,4,7.0,0.05
15621,3_7_0_0,2,2.0,0.05
15622,1_1_0_0,5,2.0,0.05
15623,2_4_1_0,0,-1.0,0.05
15624,2_4_1_0,1,2.0,0.05
15625,1_4_1_0,5,3.0,0.05
15626,2_3_1_0,1,6.0,0.05
15627,3_5_1_1,0,9.0,0.05
15628,2_1_1_1,4,7.0,0.05
15629,1_3_0_0,5,2.0,0.05
15630,2_2_0_1,4,1.5,0.05
15631,2_3_1_0,1,6.0,0.05
15632,1_7_1_1,0,9.0,0.05
15633,3_7_1_0,1,6.0,0.05
15634,1_5_1_1,0,9.0,0.05
15635,3_5_0_1,0,1.5,0.05
15636,3_4_1_0,5,3.0,0.05
15637,2_3_0_0,3,2.0,0.05
15638,2_7_0_1,1,3.0,0.05
15639,2_3_0_0,3,2.0,0.05
15640,2_0_1_0,5,3.0,0.05
15641,2_7_0_0,3,2.0,0.05
15642,3_4_0_0,5,2.0,0.05
15643,2_1_0_1,0,1.5,0.05
15644,1_2_0_0,3,2.0,0.05
15645,1_5_0_1,0,1.5,0.05
15646,3_4_1_1,0,5.0,0.05
15647,3_5_0_1,0,1.5,0.05
15648,2_3_0_1,1,3.0,0.05
15649,3_4_0_1,4,1.5,0.05
15650,3_4_1_1,0,5.0,0.05
15651,2_4_1_1,0,5.0,0.05
15652,3_7_1_0,1,6.0,0.05
15653,2_6_0_1,4,1.5,0.05
15654,3_5_0_1,0,1.5,0.05
15655,2_0_1_0,5,3.0,0.05
15656,2_5_0_1,4,1.5,0.05
15657,1_5_0_1,0,1.5,0.05
15658,3_6_0_1,1,3.0,0.05
15659,1_7_0_0,2,2.0,0.05
15660,1_6_1_0,1,6.0,0.05
15661,2_3_0_0,3,2.0,0.05
15662,1_1_0_1,0,1.5,0.05
15663,2_2_1_0,1,6.0,0.05
15664,1_1_0_0,3,2.0,0.05
15665,3_5_0_1,0,1.5,0.05
15666,1_7_1_0,1,6.0,0.05
15667,3_7_1_0,1,6.0,0.05
15668,1_2_1_0,1,6.0,0.05
15669,2_3_0_1,3,1.0,0.05
15670,2_7_1_1,0,9.0,0.05
15671,3_0_0_0,5,2.0,0.05
15672,1_5_0_1,0,1.5,0.05
15673,3_6_1_1,4,7.0,0.05
15674,1_1_1_1,0,9.0,0.05
15675,1_1_1_0,5,3.0,0.05
15676,2_0_1_1,1,5.0,0.05
15677,3_5_1_0,0,3.0,0.05
15678,1_4_1_0,5,3.0,0.05
15679,3_4_1_1,0,5.0,0.05
15680,1_2_0_0,2,-2.0,0.05
15681,2_1_0_0,5,2.0,0.05
15682,1_4_1_1,4,7.0,0.05
15683,3_7_0_0,2,2.0,0.05
15684,2_1_1_1,4,7.0,0.05
15685,3_0_1_1,0,5.0,0.05
15686,1_5_0_0,3,2.0,0.05
15687,3_4_1_0,5,3.0,0.05
15688,2_7_0_0,3,2.0,0.05
15689,1_5_1_0,1,2.0,0.05
15690,2_4_0_0,3,2.0,0.05
15691,3_7_1_1,4,7.0,0.05
15692,3_7_1_1,1,9.0,0.05
15693,2_1_1_0,5,3.0,0.05
15694,2_7_0_1,1,3.0,0.05
15695,2_2_1_0,1,6.0,0.05
15696,2_3_1_0,1,6.0,0.05
15697,3_3_0_1,1,3.0,0.05
15698,1_6_1_0,1,6.0,0.05
15699,1_7_1_0,1,6.0,0.05
15700,3_2_0_1,4,1.5,0.05
15701,2_7_1_0,1,6.0,0.05
15702,1_1_0_1,0,1.5,0.05
15703,3_7_0_1,3,1.0,0.05
15704,2_4_1_0,3,-14.0,0.05
15705,2_3_1_0,1,6.0,0.05
15706,2_6_1_0,1,6.0,0.05
15707,1_3_0_0,5,2.0,0.05
15708,1_4_1_1,4,7.0,0.05
15709,2_3_0_1,3,1.0,0.05
15710,2_0_1_1,1,5.0,0.05
15711,2_2_1_1,4,7.0,0.05
15712,1_6_1_1,4,7.0,0.05
15713,1_7_1_1,3,-15.0,0.05
15714,1_5_0_0,3,2.0,0.05
15715,1_7_0_1,1,3.0,0.05
15716,2_0_0_0,5,2.0,0.05
15717,2_3_1_0,1,6.0,0.05
15718,1_0_0_1,3,1.0,0.05
15719,1_6_0_1,1,3.0,0.05
15720,2_5_0_1,4,1.5,0.05
15721,1_5_1_0,1,2.0,0.05
15722,3_5_0_1,0,1.5,0.05
15723,1_2_1_1,4,7.0,0.05
15724,3_1_1_1,0,9.0,0.05
15725,2_1_0_1,0,1.5,0.05
15726,3_5_0_0,3,2.0,0.05
15727,3_1_0_1,0,1.5,0.05
15728,1_5_0_1,0,1.5,0.05
15729,2_5_1_0,1,2.0,0.05
15730,3_3_0_1,1,3.0,0.05
15731,2_5_1_0,1,2.0,0.05
15732,1_2_0_1,3,1.0,0.05
15733,2_4_0_0,3,2.0,0.05
15734,1_0_0_1,3,1.0,0.05
15735,3_3_1_1,1,9.0,0.05
15736,2_4_1_1,0,5.0,0.05
15737,3_0_0_1,3,1.0,0.05
15738,2_7_1_0,1,6.0,0.05
15739,1_2_0_0,3,2.0,0.05
15740,1_5_1_0,1,2.0,0.05
15741,1_0_1_1,4,7.0,0.05
15742,1_0_1_0,5,3.0,0.05
15743,3_0_1_0,4,1.0,0.05
15744,3_4_1_1,0,5.0,0.05
15745,3_4_1_1,0,5.0,0.05
15746,2_4_0_1,4,1.5,0.05
15747,3_4_0_0,5,2.0,0.05
15748,3_2_1_1,1,9.0,0.05
15749,1_4_0_0,3,2.0,0.05
15750,1_3_0_0,5,2.0,0.05
15751,1_1_0_0,3,2.0,0.05
15752,2_6_0_1,4,1.5,0.05
15753,3_2_0_0,3,2.0,0.05
15754,1_3_0_1,1,3.0,0.05
15755,2_3_1_1,0,9.0,0.05
15756,3_5_0_0,3,2.0,0.05
15757,3_1_0_1,2,-4.0,0.05
15758,3_0_1_0,4,1.0,0.05
15759,2_2_1_0,1,6.0,0.05
15760,1_3_0_0,5,2.0,0.05
15761,2_3_0_0,3,2.0,0.05
15762,2_3_1_1,0,9.0,0.05
15763,1_4_1_1,4,7.0,0.05
15764,2_1_1_0,5,3.0,0.05
15765,1_0_0_1,3,1.0,0.05
15766,3_6_0_1,1,3.0,0.05
15767,3_0_1_1,0,5.0,0.05
15768,3_3_1_0,0,3.0,0.05
15769,1_0_1_0,5,3.0,0.05
15770,3_1_0_1,0,1.5,0.05
15771,1_2_0_0,5,2.0,0.05
15772,1_6_1_1,4,7.0,0.05
15773,1_6_1_1,4,7.0,0.05
15774,1_2_1_0,1,6.0,0.05
15775,1_1_0_0,3,2.0,0.05
15776,1_0_0_0,3,2.0,0.05
15777,3_3_1_1,1,9.0,0.05
15778,2_0_1_1,1,5.0,0.05
15779,2_3_1_1,0,9.0,0.05
15780,3_6_1_1,4,7.0,0.05
15781,2_7_1_0,1,6.0,0.05
15782,3_4_1_1,0,5.0,0.05
15783,1_6_1_0,1,6.0,0.05
15784,1_1_1_0,5,3.0,0.05
15785,2_3_0_0,0,-4.5,0.05
15786,2_7_1_1,0,9.0,0.05
15787,2_4_0_0,3,2.0,0.05
15788,2_7_1_0,1,6.0,0.05
15789,2_4_1_1,0,5.0,0.05
15790,1_5_0_1,1,-1.0,0.05
15791,1_1_0_1,0,1.5,0.05
15792,3_4_1_0,5,3.0,0.05
15793,2_5_0_1,4,1.5,0.05
15794,1_5_0_0,3,2.0,0.05
15795,1_7_0_0,4,-4.5,0.05
15796,3_7_1_0,1,6.0,0.05
15797,3_0_1_1,0,5.0,0.05
15798,2_2_0_0,3,2.0,0.05
15799,2_4_0_1,4,1.5,0.05
15800,3_7_1_0,1,6.0,0.05
15801,2_4_1_1,0,5.0,0.05
15802,1_7_1_1,0,9.0,0.05
15803,2_6_1_1,1,9.0,0.05
15804,2_4_0_1,4,1.5,0.05
15805,3_7_1_1,4,7.0,0.05
15806,3_5_1_0,1,2.0,0.05
15807,1_2_1_1,0,5.0,0.05
15808,3_1_1_1,0,9.0,0.05
15809,2_0_1_0,5,3.0,0.05
15810,3_3_0_0,5,2.0,0.05
15811,3_4_0_1,2,0.0,0.05
15812,3_6_0_0,5,2.0,0.05
15813,1_7_1_1,0,9.0,0.05
15814,3_2_0_1,4,1.5,0.05
15815,1_1_1_0,5,3.0,0.05
15816,1_4_0_0,3,2.0,0.05
15817,1_0_0_0,3,2.0,0.05
15818,2_4_0_0,3,2.0,0.05
15819,2_1_1_1,4,7.0,0.05
15820,1_5_0_1,0,1.5,0.05
15821,3_7_0_0,2,2.0,0.05
15822,2_3_1_1,0,9.0,0.05
15823,3_6_0_1,1,3.0,0.05
15824,3_7_1_0,1,6.0,0.05
15825,2_4_0_1,4,1.5,0.05
15826,3_2_0_1,4,1.5,0.05
15827,1_3_0_0,1,0.0,0.05
15828,3_7_0_1,3,1.0,0.05
15829,2_0_1_1,1,5.0,0.05
15830,3_0_1_0,4,1.0,0.05
15831,3_0_1_1,0,5.0,0.05
15832,2_5_0_0,5,2.0,0.05
15833,2_4_0_0,3,2.0,0.05
15834,2_4_0_0,3,2.0,0.05
15835,3_0_0_0,5,2.0,0.05
15836,2_5_0_1,4,1.5,0.05
15837,3_0_0_0,5,2.0,0.05
15838,1_2_0_0,3,2.0,0.05
15839,3_6_0_0,5,2.0,0.05
15840,3_3_0_1,1,3.0,0.05
15841,3_6_1_0,1,6.0,0.05
15842,1_0_1_0,5,3.0,0.05
15843,2_7_1_1,0,9.0,0.05
15844,1_6_0_0,2,2.0,0.05
15845,2_2_0_0,3,2.0,0.05
15846,3_7_0_1,3,1.0,0.05
15847,3_2_1_0,1,6.0,0.05
15848,1_5_0_0,3,2.0,0.05
15849,2_5_0_1,4,1.5,0.05
15850,3_0_0_0,3,2.0,0.05
15851,3_1_0_0,3,2.0,0.05
15852,2_2_0_0,3,2.0,0.05
15853,2_0_0_1,4,1.5,0.05
15854,1_4_0_0,3,2.0,0.05
15855,3_5_1_1,0,9.0,0.05
15856,2_5_0_0,5,2.0,0.05
15857,2_6_1_1,3,-15.0,0.05
15858,2_0_1_0,5,3.0,0.05
15859,3_0_1_0,4,1.0,0.05
15860,2_0_1_1,1,5.0,0.05
15861,1_6_1_0,1,6.0,0.05
15862,1_0_1_1,4,7.0,0.05
15863,3_4_0_1,4,1.5,0.05
15864,1_6_0_0,2,2.0,0.05
15865,3_2_0_0,0,-8.5,0.05
15866,1_0_1_1,4,7.0,0.05
15867,1_5_0_0,3,2.0,0.05
15868,1_5_1_1,0,9.0,0.05
15869,2_4_1_1,0,5.0,0.05
15870,3_2_1_1,1,9.0,0.05
15871,2_4_1_0,1,2.0,0.05
15872,3_6_1_0,1,6.0,0.05
15873,3_6_0_0,5,2.0,0.05
15874,1_7_0_1,1,3.0,0.05
15875,1_7_1_0,1,6.0,0.05
15876,1_1_0_1,0,1.5,0.05
15877,3_2_0_0,3,2.0,0.05
15878,3_4_0_0,5,2.0,0.05
15879,2_4_0_1,4,1.5,0.05
15880,2_4_0_1,4,1.5,0.05
15881,1_4_1_0,5,3.0,0.05
15882,2_6_0_0,1,0.0,0.05
15883,1_2_1_0,0,-1.0,0.05
15884,2_5_1_0,1,2.0,0.05
15885,2_0_0_0,5,2.0,0.05
15886,2_5_0_0,5,2.0,0.05
15887,2_0_1_0,5,3.0,0.05
15888,3_5_1_1,0,9.0,0.05
15889,2_2_0_1,4,1.5,0.05
15890,1_2_1_0,1,6.0,0.05
15891,3_6_0_0,5,2.0,0.05
15892,1_3_1_1,4,7.0,0.05
15893,3_0_1_0,4,1.0,0.05
15894,2_0_1_1,1,5.0,0.05
15895,2_3_1_0,1,6.0,0.05
15896,2_2_0_1,4,1.5,0.05
15897,3_0_1_1,0,5.0,0.05
15898,2_4_1_0,1,2.0,0.05
15899,2_4_0_0,3,2.0,0.05
15900,2_4_1_1,0,5.0,0.05
15901,1_6_0_1,1,3.0,0.05
15902,3_5_0_1,0,1.5,0.05
15903,2_0_0_0,5,2.0,0.05
15904,1_5_1_1,0,9.0,0.05
15905,3_2_1_1,1,9.0,0.05
15906,3_2_0_0,3,2.0,0.05
15907,3_0_1_0,4,1.0,0.05
15908,1_2_0_0,3,2.0,0.05
15909,3_7_1_1,4,7.0,0.05
15910,2_5_1_0,1,2.0,0.05
15911,3_6_0_0,5,2.0,0.05
15912,1_7_1_1,0,9.0,0.05
15913,1_5_1_0,1,2.0,0.05
15914,1_0_1_1,4,7.0,0.05
15915,2_2_0_0,3,2.0,0.05
15916,1_1_0_0,3,2.0,0.05
15917,3_2_0_1,4,1.5,0.05
15918,1_0_0_1,3,1.0,0.05
15919,3_0_0_1,3,1.0,0.05
15920,2_0_1_1,1,5.0,0.05
15921,1_5_0_1,0,1.5,0.05
15922,1_6_0_0,2,2.0,0.05
15923,3_7_1_0,1,6.0,0.05
15924,3_7_1_1,4,7.0,0.05
15925,1_4_0_0,3,2.0,0.05
15926,1_4_0_1,3,1.0,0.05
15927,2_4_0_0,3,2.0,0.05
15928,2_5_1_0,1,2.0,0.05
15929,2_0_1_0,5,3.0,0.05
15930,1_4_0_0,3,2.0,0.05
15931,3_3_1_1,1,9.0,0.05
15932,3_5_0_0,3,2.0,0.05
15933,1_5_1_1,0,9.0,0.05
15934,1_1_0_0,3,2.0,0.05
15935,3_6_1_0,1,6.0,0.05
15936,3_6_1_0,1,6.0,0.05
15937,1_4_0_0,3,2.0,0.05
15938,1_6_1_1,4,7.0,0.05
15939,3_6_0_0,5,2.0,0.05
15940,1_6_1_1,4,7.0,0.05
15941,3_6_1_1,4,7.0,0.05
15942,2_1_0_1,0,1.5,0.05
15943,1_4_0_1,3,1.0,0.05
15944,2_4_1_0,1,2.0,0.05
15945,2_1_1_0,5,3.0,0.05
15946,1_0_1_0,5,3.0,0.05
15947,1_2_0_0,3,2.0,0.05
15948,1_7_0_1,1,3.0,0.05
15949,1_4_1_1,1,5.0,0.05
15950,3_4_1_0,5,3.0,0.05
15951,3_4_0_0,5,2.0,0.05
15952,1_1_0_0,3,2.0,0.05
15953,2_7_1_0,1,6.0,0.05
15954,3_0_1_0,4,1.0,0.05
15955,1_5_0_0,3,2.0,0.05
15956,3_1_0_0,3,2.0,0.05
15957,2_5_1_0,1,2.0,0.05
15958,2_6_1_1,1,9.0,0.05
15959,1_5_1_1,0,9.0,0.05
15960,1_5_1_0,1,2.0,0.05
15961,3_6_0_1,1,3.0,0.05
15962,2_7_0_1,1,3.0,0.05
15963,2_3_0_0,3,2.0,0.05
15964,1_1_1_0,5,3.0,0.05
15965,2_6_1_1,1,9.0,0.05
15966,1_0_1_1,4,7.0,0.05
15967,2_7_0_1,1,3.0,0.05
15968,3_0_1_1,0,5.0,0.05
15969,3_7_1_1,4,7.0,0.05
15970,1_1_0_1,0,1.5,0.05
15971,3_7_0_0,2,2.0,0.05
15972,1_1_1_1,0,9.0,0.05
15973,3_2_1_0,1,6.0,0.05
15974,3_5_1_0,0,3.0,0.05
15975,2_6_1_1,1,9.0,0.05
15976,2_0_0_1,4,1.5,0.05
15977,3_3_0_1,1,3.0,0.05
15978,1_5_1_0,4,1.0,0.05
15979,3_5_0_1,0,1.5,0.05
15980,2_4_1_1,0,5.0,0.05
15981,2_3_1_1,0,9.0,0.05
15982,2_7_1_0,1,6.0,0.05
15983,1_2_1_1,4,7.0,0.05
15984,3_3_1_0,2,-7.0,0.05
15985,2_1_0_1,0,1.5,0.05
15986,3_4_0_1,4,1.5,0.05
15987,1_6_1_0,1,6.0,0.05
15988,1_0_1_0,5,3.0,0.05
15989,1_1_0_0,1,-4.0,0.05
15990,3_0_1_1,0,5.0,0.05
15991,1_4_0_0,3,2.0,0.05
15992,3_2_0_0,3,2.0,0.05
15993,1_4_0_1,3,1.0,0.05
15994,3_6_1_1,4,7.0,0.05
15995,3_3_0_0,5,2.0,0.05
15996,3_5_1_0,0,3.0,0.05
15997,3_1_0_0,3,2.0,0.05
15998,1_0_1_1,4,7.0,0.05
15999,3_5_1_0,0,3.0,0.05
16000,1_0_1_0,5,3.0,0.05
16001,2_7_0_0,3,2.0,0.05
16002,2_3_1_0,1,6.0,0.05
16003,2_1_0_0,5,2.0,0.05
16004,2_0_1_0,5,3.0,0.05
16005,1_6_0_0,2,2.0,0.05
16006,3_5_0_1,0,1.5,0.05
16007,3_5_0_0,3,2.0,0.05
16008,1_7_0_1,1,3.0,0.05
16009,2_0_0_1,4,1.5,0.05
16010,1_3_0_1,1,3.0,0.05
16011,1_3_0_0,5,2.0,0.05
16012,3_4_1_1,0,5.0,0.05
16013,3_1_1_0,0,3.0,0.05
16014,3_7_0_1,3,1.0,0.05
16015,1_1_0_0,3,2.0,0.05
16016,2_7_1_1,0,9.0,0.05
16017,3_0_1_1,0,5.0,0.05
16018,1_0_1_1,4,7.0,0.05
16019,2_3_0_1,3,1.0,0.05
16020,2_2_0_1,4,1.5,0.05
16021,1_4_1_1,4,7.0,0.05
16022,1_0_1_0,5,3.0,0.05
16023,2_1_0_0,5,2.0,0.05
16024,3_7_0_1,3,1.0,0.05
16025,1_7_1_1,0,9.0,0.05
16026,3_3_1_1,1,9.0,0.05
16027,2_5_1_1,0,9.0,0.05
16028,3_2_1_1,1,9.0,0.05
16029,3_0_1_0,4,1.0,0.05
16030,1_6_1_0,5,3.0,0.05
16031,3_3_0_0,5,2.0,0.05
16032,2_7_1_1,0,9.0,0.05
16033,1_0_1_1,4,7.0,0.05
16034,3_2_1_0,1,6.0,0.05
16035,3_3_0_1,1,3.0,0.05
16036,1_0_1_1,4,7.0,0.05
16037,3_3_1_0,0,3.0,0.05
16038,3_1_0_1,0,1.5,0.05
16039,3_0_0_0,5,2.0,0.05
16040,1_1_0_0,3,2.0,0.05
16041,1_0_0_0,3,2.0,0.05
16042,3_4_1_0,5,3.0,0.05
16043,1_4_1_1,4,7.0,0.05
16044,3_2_1_0,1,6.0,0.05
16045,2_2_0_0,3,2.0,0.05
16046,2_1_1_1,4,7.0,0.05
16047,3_4_1_1,0,5.0,0.05
16048,3_7_1_1,4,7.0,0.05
16049,1_3_1_1,4,7.0,0.05
16050,2_5_1_1,0,9.0,0.05
16051,3_1_1_0,0,3.0,0.05
16052,1_2_1_0,1,6.0,0.05
16053,3_2_1_0,1,6.0,0.05
16054,1_6_0_1,1,3.0,0.05
16055,2_2_1_1,4,7.0,0.05
16056,1_6_1_0,1,6.0,0.05
16057,3_5_0_1,0,1.5,0.05
16058,2_6_0_0,1,0.0,0.05
16059,1_0_1_1,4,7.0,0.05
16060,1_3_1_1,4,7.0,0.05
16061,2_1_0_1,0,1.5,0.05
16062,1_4_1_0,5,3.0,0.05
16063,1_5_0_0,3,2.0,0.05
16064,2_2_0_0,3,2.0,0.05
16065,2_6_1_1,1,9.0,0.05
16066,2_1_0_1,0,1.5,0.05
16067,3_4_1_0,5,3.0,0.05
16068,3_2_0_0,3,2.0,0.05
16069,3_5_1_0,3,-14.0,0.05
16070,3_0_0_0,5,2.0,0.05
16071,1_1_1_1,0,9.0,0.05
16072,3_3_0_0,5,2.0,0.05
16073,3_5_0_0,3,2.0,0.05
16074,3_4_1_0,5,3.0,0.05
16075,3_2_1_0,1,6.0,0.05
16076,2_5_1_0,1,2.0,0.05
16077,2_0_0_0,5,2.0,0.05
16078,2_5_0_1,4,1.5,0.05
16079,1_3_0_1,1,3.0,0.05
16080,3_6_1_1,4,7.0,0.05
16081,3_1_0_0,3,2.0,0.05
16082,1_2_1_0,1,6.0,0.05
16083,1_0_0_1,3,1.0,0.05
16084,2_7_1_1,0,9.0,0.05
16085,2_6_1_0,1,6.0,0.05
16086,2_4_0_1,4,1.5,0.05
16087,1_4_0_0,3,2.0,0.05
16088,2_5_0_1,4,1.5,0.05
16089,3_6_0_1,1,3.0,0.05
16090,2_3_1_1,0,9.0,0.05
16091,2_3_0_0,3,2.0,0.05
16092,2_3_1_1,0,9.0,0.05
16093,1_0_1_0,5,3.0,0.05
16094,1_4_0_1,3,1.0,0.05
16095,2_6_0_1,4,1.5,0.05
16096,1_1_0_1,0,1.5,0.05
16097,1_5_1_0,1,2.0,0.05
16098,3_6_0_1,1,3.0,0.05
16099,1_4_1_1,4,7.0,0.05
16100,2_4_1_1,0,5.0,0.05
16101,3_5_0_1,0,1.5,0.05
16102,1_3_1_1,4,7.0,0.05
16103,1_4_0_0,3,2.0,0.05
16104,1_4_0_1,3,1.0,0.05
16105,1_1_0_1,0,1.5,0.05
16106,1_4_1_0,5,3.0,0.05
16107,3_3_0_0,5,2.0,0.05
16108,1_7_0_0,2,2.0,0.05
16109,3_5_0_0,0,-4.5,0.05
16110,3_1_1_0,0,3.0,0.05
16111,3_5_1_1,0,9.0,0.05
16112,2_3_0_1,3,1.0,0.05
16113,2_6_0_1,4,1.5,0.05
16114,3_1_1_1,0,9.0,0.05
16115,1_3_0_0,5,2.0,0.05
16116,1_2_0_0,2,-2.0,0.05
16117,2_3_1_1,0,9.0,0.05
16118,1_5_0_1,0,1.5,0.05
16119,1_4_1_0,5,3.0,0.05
16120,1_7_1_1,0,9.0,0.05
16121,2_1_1_0,5,3.0,0.05
16122,3_7_0_1,3,1.0,0.05
16123,3_0_0_0,5,2.0,0.05
16124,1_1_1_1,0,9.0,0.05
16125,2_2_0_1,4,1.5,0.05
16126,1_4_1_1,4,7.0,0.05
16127,2_2_0_1,4,1.5,0.05
16128,2_6_0_1,4,1.5,0.05
16129,2_2_1_0,1,6.0,0.05
16130,3_0_1_0,4,1.0,0.05
16131,2_3_1_0,1,6.0,0.05
16132,1_4_0_0,3,2.0,0.05
16133,1_6_1_0,2,-3.0,0.05
16134,2_6_0_1,4,1.5,0.05
16135,1_6_0_0,2,2.0,0.05
16136,2_7_0_0,3,2.0,0.05
16137,2_0_0_1,4,1.5,0.05
16138,3_3_0_0,5,2.0,0.05
16139,3_3_1_1,1,9.0,0.05
16140,2_7_0_0,3,2.0,0.05
16141,3_4_0_0,5,2.0,0.05
16142,2_1_0_1,0,1.5,0.05
16143,2_1_1_0,5,3.0,0.05
16144,1_4_0_0,3,2.0,0.05
16145,2_3_1_0,1,6.0,0.05
16146,3_6_1_0,1,6.0,0.05
16147,3_6_0_0,5,2.0,0.05
16148,1_0_0_1,3,1.0,0.05
16149,1_1_0_1,0,1.5,0.05
16150,2_6_1_0,1,6.0,0.05
16151,2_3_0_1,3,1.0,0.05
16152,2_2_0_1,4,1.5,0.05
16153,3_1_1_0,0,3.0,0.05
16154,1_7_1_0,1,6.0,0.05
16155,3_5_1_0,0,3.0,0.05
16156,3_2_1_0,1,6.0,0.05
16157,3_5_1_0,0,3.0,0.05
16158,3_2_1_0,1,6.0,0.05
16159,2_6_1_0,1,6.0,0.05
16160,3_3_0_1,1,3.0,0.05
16161,2_3_1_0,1,6.0,0.05
16162,3_7_0_0,2,2.0,0.05
16163,2_5_1_1,0,9.0,0.05
16164,3_0_1_1,0,5.0,0.05
16165,1_6_1_1,4,7.0,0.05
16166,1_3_0_0,5,2.0,0.05
16167,1_7_0_1,1,3.0,0.05
16168,1_3_0_1,1,3.0,0.05
16169,3_6_1_0,1,6.0,0.05
16170,1_5_1_1,0,9.0,0.05
16171,3_4_1_0,5,3.0,0.05
16172,3_7_1_1,4,7.0,0.05
16173,1_2_0_0,3,2.0,0.05
16174,2_6_1_0,1,6.0,0.05
16175,1_2_1_1,4,7.0,0.05
16176,3_7_0_1,3,1.0,0.05
16177,2_0_0_0,5,2.0,0.05
16178,1_6_0_0,2,2.0,0.05
16179,2_1_0_1,0,1.5,0.05
16180,1_0_1_0,5,3.0,0.05
16181,2_6_0_0,1,0.0,0.05
16182,3_7_0_0,2,2.0,0.05
16183,1_6_0_0,2,2.0,0.05
16184,3_4_0_1,4,1.5,0.05
16185,2_2_0_0,3,2.0,0.05
16186,1_4_1_0,5,3.0,0.05
16187,3_6_0_0,5,2.0,0.05
16188,1_4_0_1,3,1.0,0.05
16189,1_2_0_1,3,1.0,0.05
16190,1_3_1_0,1,6.0,0.05
16191,3_7_0_1,3,1.0,0.05
16192,1_3_1_1,4,7.0,0.05
16193,3_4_0_0,5,2.0,0.05
16194,1_2_0_1,3,1.0,0.05
16195,1_5_0_1,0,1.5,0.05
16196,1_0_1_0,5,3.0,0.05
16197,1_4_1_0,5,3.0,0.05
16198,2_7_1_1,0,9.0,0.05
16199,1_3_0_1,1,3.0,0.05
16200,3_4_0_1,4,1.5,0.05
16201,3_2_0_1,4,1.5,0.05
16202,2_6_1_0,1,6.0,0.05
16203,1_5_1_0,1,2.0,0.05
16204,3_4_1_1,0,5.0,0.05
16205,3_1_0_0,3,2.0,0.05
16206,1_6_1_0,1,6.0,0.05
16207,1_4_1_1,4,7.0,0.05
16208,3_7_1_1,4,7.0,0.05
16209,2_6_1_1,1,9.0,0.05
16210,3_3_1_0,0,3.0,0.05
16211,1_1_1_1,0,9.0,0.05
16212,1_0_0_0,3,2.0,0.05
16213,3_4_0_1,4,1.5,0.05
16214,3_5_0_0,3,2.0,0.05
16215,1_7_0_0,2,2.0,0.05
16216,2_0_1_0,5,3.0,0.05
16217,3_5_0_0,3,2.0,0.05
16218,2_5_1_1,0,9.0,0.05
16219,3_6_1_1,4,7.0,0.05
16220,3_1_1_0,0,3.0,0.05
16221,1_5_1_0,1,2.0,0.05
16222,2_5_1_0,1,2.0,0.05
16223,3_3_0_1,4,1.5,0.05
16224,2_4_1_1,0,5.0,0.05
16225,3_3_1_0,0,3.0,0.05
16226,2_0_0_0,5,2.0,0.05
16227,2_2_1_0,1,6.0,0.05
16228,3_6_1_0,1,6.0,0.05
16229,2_3_0_0,3,2.0,0.05
16230,1_5_0_0,3,2.0,0.05
16231,2_3_0_0,3,2.0,0.05
16232,2_6_0_0,1,0.0,0.05
16233,3_5_1_1,4,7.0,0.05
16234,3_4_0_0,5,2.0,0.05
16235,3_4_1_1,0,5.0,0.05
16236,2_0_0_1,4,1.5,0.05
16237,3_6_0_0,5,2.0,0.05
16238,1_4_0_1,3,1.0,0.05
16239,2_7_1_0,1,6.0,0.05
16240,3_7_0_1,3,1.0,0.05
16241,3_3_1_0,1,6.0,0.05
16242,2_3_0_0,3,2.0,0.05
16243,1_1_1_0,5,3.0,0.05
16244,1_1_1_1,0,9.0,0.05
16245,3_0_1_1,0,5.0,0.05
16246,1_7_0_0,2,2.0,0.05
16247,3_4_1_0,5,3.0,0.05
16248,2_7_1_1,0,9.0,0.05
16249,3_6_1_1,4,7.0,0.05
16250,3_5_1_1,0,9.0,0.05
16251,2_7_1_0,1,6.0,0.05
16252,2_0_1_1,1,5.0,0.05
16253,1_3_0_1,1,3.0,0.05
16254,2_5_1_1,0,9.0,0.05
16255,2_7_0_1,1,3.0,0.05
16256,3_0_0_0,5,2.0,0.05
16257,1_6_0_0,2,2.0,0.05
16258,3_1_1_0,0,3.0,0.05
16259,2_0_0_1,4,1.5,0.05
16260,1_5_0_1,0,1.5,0.05
16261,2_1_1_1,4,7.0,0.05
16262,1_0_1_1,4,7.0,0.05
16263,3_7_0_1,3,1.0,0.05
16264,1_5_0_0,3,2.0,0.05
16265,1_3_0_0,5,2.0,0.05
16266,2_0_0_1,4,1.5,0.05
16267,3_1_1_0,0,3.0,0.05
16268,1_1_0_0,3,2.0,0.05
16269,2_1_0_1,0,1.5,0.05
16270,1_6_1_0,1,6.0,0.05
16271,3_1_0_1,0,1.5,0.05
16272,3_4_1_0,5,3.0,0.05
16273,2_6_1_0,1,6.0,0.05
16274,1_5_0_1,0,1.5,0.05
16275,1_5_0_0,3,2.0,0.05
16276,1_1_1_1,0,9.0,0.05
16277,1_3_1_0,1,6.0,0.05
16278,1_5_0_0,3,2.0,0.05
16279,1_6_1_0,1,6.0,0.05
16280,1_3_0_0,5,2.0,0.05
16281,3_3_1_1,1,9.0,0.05
16282,3_5_0_0,3,2.0,0.05
16283,2_3_1_0,1,6.0,0.05
16284,2_4_0_1,4,1.5,0.05
16285,2_2_0_0,3,2.0,0.05
16286,1_3_1_0,0,3.0,0.05
16287,1_2_0_1,3,1.0,0.05
16288,2_3_1_1,0,9.0,0.05
16289,3_4_1_1,0,5.0,0.05
16290,3_5_1_1,0,9.0,0.05
16291,2_3_0_1,2,-4.0,0.05
16292,2_1_0_0,5,2.0,0.05
16293,1_7_0_0,2,2.0,0.05
16294,2_1_0_0,5,2.0,0.05
16295,3_3_1_0,0,3.0,0.05
16296,1_7_0_1,1,3.0,0.05
16297,1_0_0_0,3,2.0,0.05
16298,2_3_1_1,0,9.0,0.05
16299,1_4_1_0,5,3.0,0.05
16300,1_2_1_1,4,7.0,0.05
16301,3_3_0_0,5,2.0,0.05
16302,3_4_1_0,5,3.0,0.05
16303,2_5_0_1,4,1.5,0.05
16304,1_5_0_1,0,1.5,0.05
16305,3_7_1_0,1,6.0,0.05
16306,1_0_1_1,2,-9.0,0.05
16307,1_5_1_1,0,9.0,0.05
16308,2_0_0_1,4,1.5,0.05
16309,3_3_0_0,5,2.0,0.05
16310,3_7_0_1,3,1.0,0.05
16311,3_0_1_1,0,5.0,0.05
16312,2_1_1_0,5,3.0,0.05
16313,1_7_0_1,1,3.0,0.05
16314,3_1_1_0,0,3.0,0.05
16315,2_6_1_1,1,9.0,0.05
16316,1_3_0_1,1,3.0,0.05
16317,2_5_1_1,0,9.0,0.05
16318,1_5_1_1,0,9.0,0.05
16319,1_2_1_0,1,6.0,0.05
16320,1_3_0_1,1,3.0,0.05
16321,2_3_1_1,0,9.0,0.05
16322,2_4_0_1,4,1.5,0.05
16323,1_2_0_0,3,2.0,0.05
16324,3_5_1_0,0,3.0,0.05
16325,3_4_0_1,4,1.5,0.05
16326,2_4_0_0,3,2.0,0.05
16327,2_6_0_1,0,-2.5,0.05
16328,2_3_0_0,3,2.0,0.05
16329,1_0_0_0,3,2.0,0.05
16330,1_7_0_0,2,2.0,0.05
16331,1_3_0_0,5,2.0,0.05
16332,3_2_0_1,4,1.5,0.05
16333,1_7_1_0,1,6.0,0.05
16334,1_1_1_0,5,3.0,0.05
16335,3_2_0_0,3,2.0,0.05
16336,2_6_0_1,4,1.5,0.05
16337,1_5_0_1,0,1.5,0.05
16338,2_1_1_0,5,3.0,0.05
16339,1_1_0_1,0,1.5,0.05
16340,2_5_0_0,5,2.0,0.05
16341,1_3_0_1,1,3.0,0.05
16342,1_5_0_0,3,2.0,0.05
16343,1_5_1_0,1,2.0,0.05
16344,2_7_1_0,1,6.0,0.05
16345,1_6_1_1,4,7.0,0.05
16346,1_5_1_1,0,9.0,0.05
16347,1_3_1_1,4,7.0,0.05
16348,3_0_1_1,0,5.0,0.05
16349,3_0_1_1,0,5.0,0.05
16350,1_4_1_0,5,3.0,0.05
16351,3_4_0_1,4,1.5,0.05
16352,2_5_1_1,0,9.0,0.05
16353,1_1_0_1,0,1.5,0.05
16354,1_3_1_0,1,6.0,0.05
16355,2_4_0_0,3,2.0,0.05
16356,3_7_0_1,3,1.0,0.05
16357,1_1_1_0,5,3.0,0.05
16358,2_2_0_0,3,2.0,0.05
16359,3_7_1_0,1,6.0,0.05
16360,3_0_1_1,0,5.0,0.05
16361,1_5_0_1,0,1.5,0.05
16362,3_3_0_1,1,3.0,0.05
16363,1_5_1_0,1,2.0,0.05
16364,3_7_0_1,3,1.0,0.05
16365,2_7_0_0,3,2.0,0.05
16366,2_6_1_0,1,6.0,0.05
16367,2_7_1_1,0,9.0,0.05
16368,2_6_0_1,4,1.5,0.05
16369,2_4_1_0,1,2.0,0.05
16370,2_6_1_0,1,6.0,0.05
16371,3_5_1_1,0,9.0,0.05
16372,3_4_1_1,0,5.0,0.05
16373,2_6_0_0,1,0.0,0.05
16374,2_5_1_0,1,2.0,0.05
16375,3_4_1_0,5,3.0,0.05
16376,1_4_1_0,5,3.0,0.05
16377,3_0_1_1,0,5.0,0.05
16378,3_2_1_0,1,6.0,0.05
16379,3_0_1_1,0,5.0,0.05
16380,1_4_0_1,3,1.0,0.05
16381,2_2_0_0,3,2.0,0.05
16382,3_4_1_1,0,5.0,0.05
16383,3_0_0_1,3,1.0,0.05
16384,3_5_0_1,0,1.5,0.05
16385,3_2_1_1,2,-9.0,0.05
16386,3_3_1_0,0,3.0,0.05
16387,3_2_0_1,4,1.5,0.05
16388,3_4_0_0,5,2.0,0.05
16389,1_5_1_0,1,2.0,0.05
16390,3_3_1_1,1,9.0,0.05
16391,3_7_1_0,1,6.0,0.05
16392,2_4_0_1,4,1.5,0.05
16393,2_7_0_1,1,3.0,0.05
16394,1_6_0_0,2,2.0,0.05
16395,3_3_1_1,1,9.0,0.05
16396,1_2_0_1,3,1.0,0.05
16397,1_7_1_1,0,9.0,0.05
16398,1_2_1_0,1,6.0,0.05
16399,3_0_0_1,3,1.0,0.05
16400,1_3_0_1,1,3.0,0.05
16401,1_7_0_1,1,3.0,0.05
16402,2_7_0_1,1,3.0,0.05
16403,1_0_0_1,3,1.0,0.05
16404,2_6_0_1,4,1.5,0.05
16405,2_1_0_1,0,1.5,0.05
16406,3_7_1_0,3,-14.0,0.05
16407,3_3_1_1,1,9.0,0.05
16408,1_4_0_1,3,1.0,0.05
16409,1_1_0_1,0,1.5,0.05
16410,2_3_1_1,0,9.0,0.05
16411,1_2_0_1,3,1.0,0.05
16412,3_0_0_0,5,2.0,0.05
16413,3_7_1_0,1,6.0,0.05
16414,3_3_1_0,0,3.0,0.05
16415,2_4_0_1,4,1.5,0.05
16416,2_5_1_0,1,2.0,0.05
16417,3_3_1_0,0,3.0,0.05
16418,2_0_1_1,1,5.0,0.05
16419,3_1_1_0,0,3.0,0.05
16420,2_6_1_0,1,6.0,0.05
16421,3_4_0_0,5,2.0,0.05
16422,3_1_1_0,0,3.0,0.05
16423,2_3_0_1,3,1.0,0.05
16424,3_0_1_1,0,5.0,0.05
16425,1_0_1_0,5,3.0,0.05
16426,3_2_0_1,4,1.5,0.05
16427,2_1_1_1,4,7.0,0.05
16428,2_6_0_1,4,1.5,0.05
16429,2_5_0_0,5,2.0,0.05
16430,3_3_0_0,5,2.0,0.05
16431,1_2_1_0,1,6.0,0.05
16432,2_4_1_0,1,2.0,0.05
16433,1_5_1_0,1,2.0,0.05
16434,2_5_1_0,1,2.0,0.05
16435,1_5_1_1,0,9.0,0.05
16436,3_2_0_0,3,2.0,0.05
16437,1_5_0_0,3,2.0,0.05
16438,2_3_0_0,3,2.0,0.05
16439,3_1_1_0,0,3.0,0.05
16440,1_5_0_0,3,2.0,0.05
16441,1_2_0_1,3,1.0,0.05
16442,3_1_1_1,0,9.0,0.05
16443,3_1_0_0,2,-2.0,0.05
16444,1_2_0_0,3,2.0,0.05
16445,3_4_1_1,0,5.0,0.05
16446,3_0_1_1,0,5.0,0.05
16447,3_2_0_0,3,2.0,0.05
16448,3_7_0_0,2,2.0,0.05
16449,1_2_1_1,4,7.0,0.05
16450,1_0_1_1,4,7.0,0.05
16451,1_2_0_1,3,1.0,0.05
16452,3_3_1_0,0,3.0,0.05
16453,3_3_1_0,0,3.0,0.05
16454,3_6_0_0,0,-8.5,0.05
16455,1_0_0_0,3,2.0,0.05
16456,3_3_0_1,1,3.0,0.05
16457,2_3_1_0,1,6.0,0.05
16458,1_5_1_0,1,2.0,0.05
16459,1_2_0_0,3,2.0,0.05
16460,1_0_1_0,5,3.0,0.05
16461,1_3_1_0,1,6.0,0.05
16462,2_4_1_0,1,2.0,0.05
16463,1_5_1_0,1,2.0,0.05
16464,1_6_0_0,1,0.0,0.05
16465,3_3_1_1,1,9.0,0.05
16466,3_1_0_1,0,1.5,0.05
16467,3_5_0_0,3,2.0,0.05
16468,1_3_0_1,1,3.0,0.05
16469,1_1_0_1,0,1.5,0.05
16470,3_7_0_0,2,2.0,0.05
16471,2_1_1_0,5,3.0,0.05
16472,2_5_1_0,1,2.0,0.05
16473,2_2_1_1,4,7.0,0.05
16474,1_6_0_1,1,3.0,0.05
16475,2_6_0_0,1,0.0,0.05
16476,3_0_1_1,0,5.0,0.05
16477,3_3_0_0,5,2.0,0.05
16478,2_4_1_1,0,5.0,0.05
16479,2_5_0_1,4,1.5,0.05
16480,2_1_1_1,4,7.0,0.05
16481,2_0_1_0,5,3.0,0.05
16482,2_0_0_0,5,2.0,0.05
16483,3_7_0_1,3,1.0,0.05
16484,3_4_1_1,0,5.0,0.05
16485,3_2_0_0,3,2.0,0.05
16486,2_4_0_0,2,2.0,0.05
16487,1_4_0_0,3,2.0,0.05
16488,1_0_1_0,5,3.0,0.05
16489,3_3_0_1,1,3.0,0.05
16490,1_6_1_0,1,6.0,0.05
16491,1_2_1_0,1,6.0,0.05
16492,2_3_0_0,3,2.0,0.05
16493,3_4_0_0,5,2.0,0.05
16494,1_4_0_0,3,2.0,0.05
16495,2_3_0_1,3,1.0,0.05
16496,1_3_1_1,4,7.0,0.05
16497,3_3_0_1,0,1.5,0.05
16498,1_4_1_0,5,3.0,0.05
16499,1_1_1_1,0,9.0,0.05
16500,2_1_1_0,5,3.0,0.05
16501,2_7_1_0,1,6.0,0.05
16502,1_7_0_1,1,3.0,0.05
16503,3_1_0_1,0,1.5,0.05
16504,1_6_1_0,1,6.0,0.05
16505,2_6_1_0,1,6.0,0.05
16506,2_7_0_0,3,2.0,0.05
16507,1_3_1_1,4,7.0,0.05
16508,1_5_1_1,0,9.0,0.05
16509,1_3_1_1,4,7.0,0.05
16510,3_1_1_1,0,9.0,0.05
16511,1_7_0_0,2,2.0,0.05
16512,3_4_1_1,0,5.0,0.05
16513,1_1_0_0,3,2.0,0.05
16514,3_4_1_1,0,5.0,0.05
16515,3_6_1_1,4,7.0,0.05
16516,2_2_1_0,1,6.0,0.05
16517,2_3_0_0,3,2.0,0.05
16518,1_6_0_1,1,3.0,0.05
16519,3_0_0_0,0,-8.5,0.05
16520,1_7_1_1,0,9.0,0.05
16521,1_7_1_1,0,9.0,0.05
16522,2_5_0_0,5,2.0,0.05
16523,2_3_1_1,0,9.0,0.05
16524,1_5_0_1,0,1.5,0.05
16525,3_5_0_0,3,2.0,0.05
16526,3_2_1_0,1,6.0,0.05
16527,2_4_0_0,3,2.0,0.05
16528,1_3_1_1,4,7.0,0.05
16529,2_7_1_1,0,9.0,0.05
16530,3_4_0_0,5,2.0,0.05
16531,2_0_0_1,4,1.5,0.05
16532,3_3_1_1,1,9.0,0.05
16533,1_2_1_0,1,6.0,0.05
16534,2_2_0_0,3,2.0,0.05
16535,2_7_1_1,0,9.0,0.05
16536,1_6_1_1,4,7.0,0.05
16537,2_7_0_1,1,3.0,0.05
16538,2_0_0_1,4,1.5,0.05
16539,2_7_0_0,3,2.0,0.05
16540,2_2_0_1,4,1.5,0.05
16541,2_2_1_1,4,7.0,0.05
16542,3_4_0_0,5,2.0,0.05
16543,2_0_0_0,5,2.0,0.05
16544,3_0_0_0,5,2.0,0.05
16545,2_6_0_0,1,0.0,0.05
16546,1_6_0_0,2,2.0,0.05
16547,2_0_0_1,4,1.5,0.05
16548,3_6_1_1,4,7.0,0.05
16549,2_3_0_0,3,2.0,0.05
16550,1_3_0_1,1,3.0,0.05
16551,1_7_0_1,1,3.0,0.05
16552,2_6_1_1,1,9.0,0.05
16553,2_5_0_1,4,1.5,0.05
16554,2_4_1_0,1,2.0,0.05
16555,1_4_0_0,3,2.0,0.05
16556,1_2_1_1,4,7.0,0.05
16557,2_5_0_1,4,1.5,0.05
16558,2_1_0_0,5,2.0,0.05
16559,1_6_1_1,4,7.0,0.05
16560,1_1_1_1,0,9.0,0.05
16561,1_7_0_0,2,2.0,0.05
16562,1_0_0_1,3,1.0,0.05
16563,3_4_0_1,4,1.5,0.05
16564,2_0_1_0,5,3.0,0.05
16565,3_3_0_0,5,2.0,0.05
16566,3_7_1_0,1,6.0,0.05
16567,2_2_0_1,4,1.5,0.05
16568,3_3_1_0,0,3.0,0.05
16569,2_4_1_1,0,5.0,0.05
16570,2_5_1_0,1,2.0,0.05
16571,3_6_1_0,1,6.0,0.05
16572,2_2_1_0,1,6.0,0.05
16573,2_3_1_1,0,9.0,0.05
16574,3_0_0_0,5,2.0,0.05
16575,3_1_1_0,0,3.0,0.05
16576,1_1_0_0,3,2.0,0.05
16577,1_5_1_0,1,2.0,0.05
16578,2_3_0_1,5,0.0,0.05
16579,1_2_1_0,1,6.0,0.05
16580,3_6_0_1,1,3.0,0.05
16581,2_5_0_1,4,1.5,0.05
16582,2_6_1_1,1,9.0,0.05
16583,2_6_1_0,2,-3.0,0.05
16584,1_7_0_0,2,2.0,0.05
16585,3_7_1_1,4,7.0,0.05
16586,2_2_1_1,4,7.0,0.05
16587,1_2_0_0,3,2.0,0.05
16588,1_4_1_1,4,7.0,0.05
16589,2_2_0_0,3,2.0,0.05
16590,2_2_1_0,1,6.0,0.05
16591,1_0_0_0,3,2.0,0.05
16592,1_0_0_1,3,1.0,0.05
16593,2_4_1_0,1,2.0,0.05
16594,1_3_0_1,1,3.0,0.05
16595,2_4_1_0,1,2.0,0.05
16596,3_1_1_0,0,3.0,0.05
16597,2_1_1_1,4,7.0,0.05
16598,3_4_0_1,4,1.5,0.05
16599,1_2_0_1,3,1.0,0.05
16600,3_0_0_0,5,2.0,0.05
16601,2_2_1_1,4,7.0,0.05
16602,2_5_1_1,2,-5.0,0.05
16603,3_4_0_1,4,1.5,0.05
16604,3_5_1_1,0,9.0,0.05
16605,3_3_0_1,1,3.0,0.05
16606,2_7_1_0,1,6.0,0.05
16607,1_1_0_0,3,2.0,0.05
16608,3_4_1_0,5,3.0,0.05
16609,3_7_0_1,3,1.0,0.05
16610,3_6_0_0,5,2.0,0.05
16611,1_6_0_1,1,3.0,0.05
16612,3_5_1_1,0,9.0,0.05
16613,1_1_0_1,0,1.5,0.05
16614,1_2_1_1,4,7.0,0.05
16615,2_5_0_0,5,2.0,0.05
16616,3_3_1_0,0,3.0,0.05
16617,3_1_1_1,0,9.0,0.05
16618,2_4_1_1,0,5.0,0.05
16619,2_1_0_0,5,2.0,0.05
16620,3_5_0_0,4,-4.5,0.05
16621,1_2_1_0,1,6.0,0.05
16622,2_3_1_1,0,9.0,0.05
16623,3_6_0_0,5,2.0,0.05
16624,2_3_0_1,3,1.0,0.05
16625,2_5_0_0,5,2.0,0.05
16626,2_5_1_1,0,9.0,0.05
16627,2_6_1_0,1,6.0,0.05
16628,2_3_0_1,3,1.0,0.05
16629,1_7_1_1,0,9.0,0.05
16630,1_4_0_0,3,2.0,0.05
16631,3_2_0_0,3,2.0,0.05
16632,2_7_1_1,0,9.0,0.05
16633,3_0_1_1,0,5.0,0.05
16634,3_5_1_0,0,3.0,0.05
16635,3_7_0_0,2,2.0,0.05
16636,1_3_1_1,4,7.0,0.05
16637,1_2_0_1,3,1.0,0.05
16638,2_6_1_1,1,9.0,0.05
16639,3_0_1_1,0,5.0,0.05
16640,3_3_1_1,1,9.0,0.05
16641,1_0_0_0,3,2.0,0.05
16642,1_5_1_1,0,9.0,0.05
16643,1_6_1_0,1,6.0,0.05
16644,3_1_0_1,0,1.5,0.05
16645,3_7_1_1,4,7.0,0.05
16646,2_2_1_1,4,7.0,0.05
16647,1_3_1_0,2,-7.0,0.05
16648,3_6_1_0,1,6.0,0.05
16649,2_1_1_1,4,7.0,0.05
16650,2_5_1_1,0,9.0,0.05
16651,3_5_1_0,0,3.0,0.05
16652,1_6_0_0,2,2.0,0.05
16653,2_0_0_1,4,1.5,0.05
16654,1_4_0_0,3,2.0,0.05
16655,3_4_0_1,4,1.5,0.05
16656,1_1_1_1,2,-9.0,0.05
16657,3_3_1_0,2,-7.0,0.05
16658,2_5_1_1,0,9.0,0.05
16659,3_1_1_1,0,9.0,0.05
16660,3_2_0_0,4,-4.5,0.05
16661,2_1_0_1,0,1.5,0.05
16662,2_2_0_0,3,2.0,0.05
16663,3_7_1_1,4,7.0,0.05
16664,3_4_0_1,4,1.5,0.05
16665,1_0_1_1,4,7.0,0.05
16666,1_7_0_0,2,2.0,0.05
16667,2_0_1_0,5,3.0,0.05
16668,1_4_1_0,5,3.0,0.05
16669,3_1_0_1,0,1.5,0.05
16670,3_1_0_1,0,1.5,0.05
16671,1_4_1_1,4,7.0,0.05
16672,2_5_0_0,5,2.0,0.05
16673,2_0_0_1,4,1.5,0.05
16674,2_1_1_1,0,9.0,0.05
16675,2_3_0_0,3,2.0,0.05
16676,1_4_0_1,3,1.0,0.05
16677,2_6_1_1,1,9.0,0.05
16678,1_3_1_0,1,6.0,0.05
16679,3_0_0_1,3,1.0,0.05
16680,3_4_1_1,0,5.0,0.05
16681,3_3_1_0,0,3.0,0.05
16682,3_5_0_0,3,2.0,0.05
16683,2_1_1_0,5,3.0,0.05
16684,1_0_0_1,0,-2.5,0.05
16685,3_4_0_0,5,2.0,0.05
16686,3_5_0_1,0,1.5,0.05
16687,2_6_0_0,1,0.0,0.05
16688,1_1_1_0,5,3.0,0.05
16689,2_6_0_0,1,0.0,0.05
16690,1_6_0_0,2,2.0,0.05
16691,1_7_0_0,2,2.0,0.05
16692,3_7_0_0,2,2.0,0.05
16693,3_5_0_0,3,2.0,0.05
16694,1_6_1_1,4,7.0,0.05
16695,2_6_0_1,4,1.5,0.05
16696,3_0_0_0,5,2.0,0.05
16697,2_2_1_1,4,7.0,0.05
16698,3_6_1_1,4,7.0,0.05
16699,1_0_1_0,5,3.0,0.05
16700,1_6_1_1,4,7.0,0.05
16701,2_3_0_1,3,1.0,0.05
16702,2_7_1_1,0,9.0,0.05
16703,1_1_1_0,5,3.0,0.05
16704,1_1_0_1,0,1.5,0.05
16705,3_7_1_0,1,6.0,0.05
16706,2_1_0_0,5,2.0,0.05
16707,2_6_1_0,1,6.0,0.05
16708,2_1_0_1,0,1.5,0.05
16709,2_2_1_1,4,7.0,0.05
16710,1_7_0_0,2,2.0,0.05
16711,3_4_1_0,5,3.0,0.05
16712,1_1_0_0,3,2.0,0.05
16713,3_3_1_1,1,9.0,0.05
16714,2_2_1_1,4,7.0,0.05
16715,3_4_0_0,5,2.0,0.05
16716,3_0_1_1,0,5.0,0.05
16717,3_1_1_1,0,9.0,0.05
16718,3_3_1_1,1,9.0,0.05
16719,3_0_0_1,3,1.0,0.05
16720,1_0_0_1,3,1.0,0.05
16721,1_7_0_1,1,3.0,0.05
16722,3_4_0_0,5,2.0,0.05
16723,1_5_0_0,3,2.0,0.05
16724,2_4_1_0,1,2.0,0.05
16725,1_3_1_1,4,7.0,0.05
16726,3_3_1_0,0,3.0,0.05
16727,2_7_0_1,1,3.0,0.05
16728,3_7_1_1,4,7.0,0.05
16729,1_3_0_1,1,3.0,0.05
16730,2_7_0_0,3,2.0,0.05
16731,3_4_0_1,4,1.5,0.05
16732,3_7_0_0,2,2.0,0.05
16733,1_5_0_1,0,1.5,0.05
16734,1_7_1_1,0,9.0,0.05
16735,3_0_0_1,3,1.0,0.05
16736,2_7_0_1,1,3.0,0.05
16737,1_7_1_1,0,9.0,0.05
16738,2_5_0_0,5,2.0,0.05
16739,3_1_0_1,0,1.5,0.05
16740,2_4_0_1,4,1.5,0.05
16741,2_7_0_1,1,3.0,0.05
16742,3_2_0_1,4,1.5,0.05
16743,2_3_1_0,1,6.0,0.05
16744,2_2_1_0,1,6.0,0.05
16745,3_3_1_1,1,9.0,0.05
16746,1_4_0_0,3,2.0,0.05
16747,3_0_1_0,4,1.0,0.05
16748,2_7_0_1,1,3.0,0.05
16749,1_7_1_0,1,6.0,0.05
16750,1_1_0_1,0,1.5,0.05
16751,2_6_0_1,4,1.5,0.05
16752,2_4_1_0,1,2.0,0.05
16753,1_6_0_0,2,2.0,0.05
16754,3_5_1_0,0,3.0,0.05
16755,1_5_0_1,0,1.5,0.05
16756,3_7_0_1,3,1.0,0.05
16757,1_5_0_1,0,1.5,0.05
16758,3_1_1_0,0,3.0,0.05
16759,2_0_0_0,5,2.0,0.05
16760,1_6_1_0,1,6.0,0.05
16761,2_2_0_0,3,2.0,0.05
16762,3_7_1_1,4,7.0,0.05
16763,2_2_0_0,3,2.0,0.05
16764,1_5_0_0,3,2.0,0.05
16765,2_3_1_0,1,6.0,0.05
16766,2_0_0_1,4,1.5,0.05
16767,2_2_1_0,1,6.0,0.05
16768,1_0_1_0,5,3.0,0.05
16769,1_6_1_0,1,6.0,0.05
16770,2_2_1_0,1,6.0,0.05
16771,2_2_1_1,4,7.0,0.05
16772,3_1_1_0,0,3.0,0.05
16773,3_6_1_1,4,7.0,0.05
16774,3_6_0_1,1,3.0,0.05
16775,3_5_0_1,0,1.5,0.05
16776,3_1_1_0,0,3.0,0.05
16777,3_4_1_0,5,3.0,0.05
16778,3_4_0_1,4,1.5,0.05
16779,2_7_1_0,1,6.0,0.05
16780,2_2_0_1,4,1.5,0.05
16781,3_5_1_1,0,9.0,0.05
16782,2_2_1_0,1,6.0,0.05
16783,3_2_1_0,1,6.0,0.05
16784,2_5_0_1,4,1.5,0.05
16785,3_5_1_0,3,-14.0,0.05
16786,2_3_1_0,1,6.0,0.05
16787,1_7_1_1,0,9.0,0.05
16788,2_3_1_0,1,6.0,0.05
16789,3_2_0_1,0,-2.5,0.05
16790,3_7_1_0,1,6.0,0.05
16791,2_2_1_1,4,7.0,0.05
16792,2_7_0_1,1,3.0,0.05
16793,2_0_1_1,1,5.0,0.05
16794,2_0_1_1,1,5.0,0.05
16795,1_1_0_0,3,2.0,0.05
16796,3_2_1_1,1,9.0,0.05
16797,1_3_1_0,1,6.0,0.05
16798,2_6_1_0,1,6.0,0.05
16799,3_4_1_1,0,5.0,0.05
16800,3_4_1_1,0,5.0,0.05
16801,2_5_0_1,4,1.5,0.05
16802,1_5_0_0,3,2.0,0.05
16803,1_3_1_1,4,7.0,0.05
16804,2_4_0_0,5,2.0,0.05
16805,1_3_0_1,1,3.0,0.05
16806,1_7_0_1,1,3.0,0.05
16807,2_2_0_0,3,2.0,0.05
16808,3_2_0_0,3,2.0,0.05
16809,3_1_1_0,0,3.0,0.05
16810,3_5_1_0,0,3.0,0.05
16811,2_3_1_1,0,9.0,0.05
16812,2_5_0_1,4,1.5,0.05
16813,1_6_1_1,4,7.0,0.05
16814,2_3_0_1,3,1.0,0.05
16815,1_5_0_1,0,1.5,0.05
16816,1_4_0_1,3,1.0,0.05
16817,3_3_0_0,2,-2.0,0.05
16818,1_1_1_1,0,9.0,0.05
16819,1_3_0_1,1,3.0,0.05
16820,1_6_1_0,1,6.0,0.05
16821,2_6_0_0,1,0.0,0.05
16822,1_1_1_0,5,3.0,0.05
16823,3_6_0_1,1,3.0,0.05
16824,1_6_0_1,1,3.0,0.05
16825,2_5_1_1,0,9.0,0.05
16826,1_5_0_1,0,1.5,0.05
16827,1_6_1_0,1,6.0,0.05
16828,1_5_0_1,0,1.5,0.05
16829,3_5_1_0,0,3.0,0.05
16830,1_5_1_1,0,9.0,0.05
16831,3_3_0_0,5,2.0,0.05
16832,3_0_0_0,5,2.0,0.05
16833,1_4_0_0,3,2.0,0.05
16834,3_4_0_0,5,2.0,0.05
16835,1_4_1_1,4,7.0,0.05
16836,2_0_0_0,5,2.0,0.05
16837,3_7_1_1,4,7.0,0.05
16838,2_4_1_1,0,5.0,0.05
16839,1_5_0_1,0,1.5,0.05
16840,3_4_0_1,4,1.5,0.05
16841,2_6_1_1,1,9.0,0.05
16842,3_4_0_0,5,2.0,0.05
16843,2_0_0_0,5,2.0,0.05
16844,2_1_1_1,2,-9.0,0.05
16845,2_6_0_1,4,1.5,0.05
16846,3_6_0_0,5,2.0,0.05
16847,2_4_0_1,4,1.5,0.05
16848,3_4_0_1,4,1.5,0.05
16849,3_3_0_1,1,3.0,0.05
16850,1_1_0_0,3,2.0,0.05
16851,3_2_1_0,1,6.0,0.05
16852,1_7_1_0,1,6.0,0.05
16853,3_2_0_0,3,2.0,0.05
16854,3_1_1_0,0,3.0,0.05
16855,3_2_1_0,1,6.0,0.05
16856,3_6_0_0,5,2.0,0.05
16857,1_2_0_1,3,1.0,0.05
16858,2_4_0_1,4,1.5,0.05
16859,1_3_1_0,1,6.0,0.05
16860,1_6_1_0,1,6.0,0.05
16861,3_3_0_1,1,3.0,0.05
16862,2_6_1_0,1,6.0,0.05
16863,1_2_0_0,3,2.0,0.05
16864,3_0_0_0,5,2.0,0.05
16865,3_6_0_1,1,3.0,0.05
16866,1_6_0_0,2,2.0,0.05
16867,1_5_1_0,1,2.0,0.05
16868,1_5_0_1,0,1.5,0.05
16869,2_3_0_1,3,1.0,0.05
16870,3_1_0_1,0,1.5,0.05
16871,2_0_1_1,1,5.0,0.05
16872,2_3_1_1,0,9.0,0.05
16873,2_4_1_1,0,5.0,0.05
16874,1_2_0_0,3,2.0,0.05
16875,1_0_1_1,4,7.0,0.05
16876,2_3_1_0,1,6.0,0.05
16877,1_6_1_1,4,7.0,0.05
16878,2_7_0_0,3,2.0,0.05
16879,1_1_1_0,5,3.0,0.05
16880,2_4_1_0,1,2.0,0.05
16881,2_4_0_1,4,1.5,0.05
16882,2_7_0_1,1,3.0,0.05
16883,2_5_1_0,1,2.0,0.05
16884,1_1_1_1,0,9.0,0.05
16885,2_3_1_1,0,9.0,0.05
16886,1_0_1_0,5,3.0,0.05
16887,2_3_1_0,1,6.0,0.05
16888,3_0_0_0,5,2.0,0.05
16889,1_1_0_0,3,2.0,0.05
16890,1_4_0_0,3,2.0,0.05
16891,2_3_1_0,0,3.0,0.05
16892,3_4_1_1,0,5.0,0.05
16893,3_1_0_0,3,2.0,0.05
16894,1_1_0_1,0,1.5,0.05
16895,3_2_1_1,1,9.0,0.05
16896,1_3_1_1,4,7.0,0.05
16897,3_2_0_0,3,2.0,0.05
16898,1_0_0_1,3,1.0,0.05
16899,2_3_0_0,3,2.0,0.05
16900,2_2_0_1,4,1.5,0.05
16901,2_5_1_1,0,9.0,0.05
16902,1_1_1_1,0,9.0,0.05
16903,3_2_1_1,1,9.0,0.05
16904,2_5_0_0,5,2.0,0.05
16905,1_0_0_0,3,2.0,0.05
16906,2_7_0_0,3,2.0,0.05
16907,3_4_1_1,0,5.0,0.05
16908,3_6_1_0,1,6.0,0.05
16909,3_7_0_0,2,2.0,0.05
16910,3_6_0_0,4,-4.5,0.05
16911,2_2_1_1,4,7.0,0.05
16912,3_3_1_1,1,9.0,0.05
16913,2_1_1_0,5,3.0,0.05
16914,2_0_1_1,1,5.0,0.05
16915,1_6_0_0,2,2.0,0.05
16916,3_5_1_1,0,9.0,0.05
16917,2_5_1_1,0,9.0,0.05
16918,2_0_0_1,4,1.5,0.05
16919,3_2_1_1,1,9.0,0.05
16920,2_1_1_1,4,7.0,0.05
16921,1_4_1_1,4,7.0,0.05
16922,1_3_0_0,5,2.0,0.05
16923,1_2_0_0,3,2.0,0.05
16924,2_6_1_0,1,6.0,0.05
16925,3_4_0_0,5,2.0,0.05
16926,2_6_1_1,1,9.0,0.05
16927,2_1_0_1,0,1.5,0.05
16928,3_6_0_0,5,2.0,0.05
16929,1_5_1_1,0,9.0,0.05
16930,2_2_0_0,3,2.0,0.05
16931,3_6_0_0,5,2.0,0.05
16932,1_4_1_0,5,3.0,0.05
16933,3_2_1_0,1,6.0,0.05
16934,2_1_0_1,0,1.5,0.05
16935,2_7_0_1,1,3.0,0.05
16936,1_3_0_1,1,3.0,0.05
16937,3_4_0_0,5,2.0,0.05
16938,3_3_0_1,1,3.0,0.05
16939,3_6_0_1,1,3.0,0.05
16940,3_0_1_0,4,1.0,0.05
16941,2_3_0_1,3,1.0,0.05
16942,1_2_0_0,3,2.0,0.05
16943,2_5_0_0,5,2.0,0.05
16944,1_6_1_1,4,7.0,0.05
16945,3_4_0_0,5,2.0,0.05
16946,1_1_1_1,0,9.0,0.05
16947,2_1_0_0,5,2.0,0.05
16948,1_4_0_1,3,1.0,0.05
16949,2_4_0_1,4,1.5,0.05
16950,2_1_0_1,0,1.5,0.05
16951,3_2_0_0,3,2.0,0.05
16952,1_5_1_0,1,2.0,0.05
16953,1_3_1_1,4,7.0,0.05
16954,1_3_0_1,1,3.0,0.05
16955,2_6_1_1,1,9.0,0.05
16956,2_2_1_1,4,7.0,0.05
16957,3_7_0_1,3,1.0,0.05
16958,3_0_0_0,5,2.0,0.05
16959,2_0_1_1,1,5.0,0.05
16960,1_6_1_1,4,7.0,0.05
16961,1_1_1_0,5,3.0,0.05
16962,2_3_0_1,3,1.0,0.05
16963,3_7_1_0,4,1.0,0.05
16964,2_4_1_0,1,2.0,0.05
16965,3_2_1_0,1,6.0,0.05
16966,3_2_1_1,1,9.0,0.05
16967,1_4_1_0,5,3.0,0.05
16968,2_7_1_0,1,6.0,0.05
16969,3_3_1_1,1,9.0,0.05
16970,3_4_0_0,5,2.0,0.05
16971,1_3_1_1,4,7.0,0.05
16972,3_4_0_0,5,2.0,0.05
16973,3_0_1_1,5,1.0,0.05
16974,3_3_0_1,1,3.0,0.05
16975,1_3_1_0,1,6.0,0.05
16976,3_7_1_1,4,7.0,0.05
16977,2_0_1_1,1,5.0,0.05
16978,3_7_1_1,0,9.0,0.05
16979,3_7_1_0,1,6.0,0.05
16980,2_6_1_1,1,9.0,0.05
16981,3_2_1_0,1,6.0,0.05
16982,1_5_0_1,0,1.5,0.05
16983,2_5_0_1,4,1.5,0.05
16984,2_3_1_0,1,6.0,0.05
16985,3_1_1_1,0,9.0,0.05
16986,2_1_0_1,0,1.5,0.05
16987,3_4_1_1,1,5.0,0.05
16988,3_0_1_1,0,5.0,0.05
16989,3_1_1_0,0,3.0,0.05
16990,1_4_0_1,3,1.0,0.05
16991,2_4_0_0,3,2.0,0.05
16992,1_3_0_0,5,2.0,0.05
16993,2_4_0_0,3,2.0,0.05
16994,2_0_0_1,4,1.5,0.05
16995,1_2_1_0,1,6.0,0.05
16996,2_1_0_0,5,2.0,0.05
16997,1_3_0_1,1,3.0,0.05
16998,1_2_1_1,4,7.0,0.05
16999,2_4_0_1,4,1.5,0.05
17000,1_7_0_0,2,2.0,0.05
17001,3_3_1_0,0,3.0,0.05
17002,1_4_0_0,3,2.0,0.05
17003,3_2_1_1,1,9.0,0.05
17004,1_2_1_1,4,7.0,0.05
17005,1_0_1_0,5,3.0,0.05
17006,3_0_0_0,5,2.0,0.05
17007,3_0_0_0,5,2.0,0.05
17008,3_0_1_0,4,1.0,0.05
17009,1_6_0_1,1,3.0,0.05
17010,3_4_0_0,5,2.0,0.05
17011,1_7_0_1,1,3.0,0.05
17012,3_3_1_1,1,9.0,0.05
17013,2_5_0_1,4,1.5,0.05
17014,1_6_0_1,1,3.0,0.05
17015,2_7_0_1,1,3.0,0.05
17016,3_3_0_1,1,3.0,0.05
17017,3_1_1_1,0,9.0,0.05
17018,3_2_0_0,3,2.0,0.05
17019,3_7_0_0,2,2.0,0.05
17020,3_3_1_1,1,9.0,0.05
17021,1_2_1_0,1,6.0,0.05
17022,1_6_0_0,2,2.0,0.05
17023,2_3_1_1,0,9.0,0.05
17024,1_5_1_0,1,2.0,0.05
17025,1_1_1_1,0,9.0,0.05
17026,1_7_0_0,2,2.0,0.05
17027,3_6_0_1,1,3.0,0.05
17028,3_2_0_1,4,1.5,0.05
17029,3_7_0_0,2,2.0,0.05
17030,1_3_0_1,1,3.0,0.05
17031,1_7_0_1,1,3.0,0.05
17032,3_6_1_0,1,6.0,0.05
17033,2_2_1_1,4,7.0,0.05
17034,1_1_1_1,0,9.0,0.05
17035,3_2_0_1,4,1.5,0.05
17036,2_2_0_0,3,2.0,0.05
17037,1_3_0_0,5,2.0,0.05
17038,1_2_0_1,3,1.0,0.05
17039,1_7_0_1,1,3.0,0.05
17040,1_6_1_1,4,7.0,0.05
17041,3_4_1_0,5,3.0,0.05
17042,2_4_1_0,1,2.0,0.05
17043,1_1_1_1,0,9.0,0.05
17044,1_1_1_0,5,3.0,0.05
17045,2_5_0_0,5,2.0,0.05
17046,3_0_0_0,5,2.0,0.05
17047,2_5_0_0,5,2.0,0.05
17048,1_0_1_0,2,-7.0,0.05
17049,2_2_1_1,4,7.0,0.05
17050,2_5_1_0,1,2.0,0.05
17051,3_4_0_0,5,2.0,0.05
17052,3_3_1_1,1,9.0,0.05
17053,2_5_1_1,0,9.0,0.05
17054,1_7_1_1,0,9.0,0.05
17055,2_2_1_0,1,6.0,0.05
17056,2_6_1_1,1,9.0,0.05
17057,2_7_0_0,3,2.0,0.05
17058,3_2_1_0,1,6.0,0.05
17059,3_0_1_1,5,1.0,0.05
17060,2_0_1_1,1,5.0,0.05
17061,3_4_1_1,0,5.0,0.05
17062,2_2_0_0,3,2.0,0.05
17063,2_1_0_1,0,1.5,0.05
17064,3_3_1_0,0,3.0,0.05
17065,2_7_0_0,3,2.0,0.05
17066,2_1_1_1,4,7.0,0.05
17067,3_1_1_1,0,9.0,0.05
17068,1_0_0_0,3,2.0,0.05
17069,3_7_0_0,2,2.0,0.05
17070,3_6_1_1,4,7.0,0.05
17071,3_5_0_0,3,2.0,0.05
17072,2_5_1_1,0,9.0,0.05
17073,1_4_1_1,4,7.0,0.05
17074,2_4_0_1,4,1.5,0.05
17075,2_4_0_1,4,1.5,0.05
17076,1_7_1_1,0,9.0,0.05
17077,1_5_1_0,1,2.0,0.05
17078,3_5_0_1,0,1.5,0.05
17079,2_0_0_0,5,2.0,0.05
17080,1_1_0_0,3,2.0,0.05
17081,1_3_0_1,1,3.0,0.05
17082,2_0_1_0,5,3.0,0.05
17083,2_3_0_0,3,2.0,0.05
17084,1_7_0_0,2,2.0,0.05
17085,3_5_0_1,0,1.5,0.05
17086,1_7_1_1,0,9.0,0.05
17087,3_7_1_1,4,7.0,0.05
17088,3_7_0_0,2,2.0,0.05
17089,1_3_1_0,1,6.0,0.05
17090,1_3_1_0,1,6.0,0.05
17091,3_3_0_1,1,3.0,0.05
17092,2_4_1_0,1,2.0,0.05
17093,3_2_1_0,1,6.0,0.05
17094,1_1_0_1,0,1.5,0.05
17095,1_7_0_0,2,2.0,0.05
17096,1_0_1_0,5,3.0,0.05
17097,3_6_1_1,4,7.0,0.05
17098,2_5_0_1,4,1.5,0.05
17099,3_1_1_1,0,9.0,0.05
17100,3_5_0_0,3,2.0,0.05
17101,1_1_1_1,0,9.0,0.05
17102,2_0_1_0,5,3.0,0.05
17103,2_5_1_0,1,2.0,0.05
17104,2_6_0_0,1,0.0,0.05
17105,2_6_1_1,1,9.0,0.05
17106,2_5_1_0,1,2.0,0.05
17107,2_4_0_1,4,1.5,0.05
17108,3_1_0_0,3,2.0,0.05
17109,2_0_0_0,5,2.0,0.05
17110,1_5_1_1,0,9.0,0.05
17111,3_1_1_0,0,3.0,0.05
17112,3_6_0_1,1,3.0,0.05
17113,3_7_1_1,4,7.0,0.05
17114,3_4_1_0,5,3.0,0.05
17115,2_0_0_1,4,1.5,0.05
17116,3_0_0_0,5,2.0,0.05
17117,3_0_0_1,3,1.0,0.05
17118,3_1_1_1,0,9.0,0.05
17119,3_5_0_1,0,1.5,0.05
17120,1_7_0_1,1,3.0,0.05
17121,2_5_1_1,0,9.0,0.05
17122,2_4_1_0,1,2.0,0.05
17123,3_0_0_0,5,2.0,0.05
17124,3_1_0_0,3,2.0,0.05
17125,3_4_1_1,0,5.0,0.05
17126,3_6_1_0,1,6.0,0.05
17127,2_7_0_1,1,3.0,0.05
17128,3_2_1_1,1,9.0,0.05
17129,1_3_0_0,5,2.0,0.05
17130,2_2_0_0,3,2.0,0.05
17131,2_2_0_1,4,1.5,0.05
17132,1_6_1_0,1,6.0,0.05
17133,2_5_0_1,4,1.5,0.05
17134,1_3_0_0,5,2.0,0.05
17135,3_7_1_0,1,6.0,0.05
17136,1_7_0_1,2,0.0,0.05
17137,3_7_1_0,1,6.0,0.05
17138,3_5_1_1,0,9.0,0.05
17139,1_0_1_0,5,3.0,0.05
17140,3_2_1_1,1,9.0,0.05
17141,3_0_1_1,0,5.0,0.05
17142,3_7_0_1,3,1.0,0.05
17143,2_6_1_0,0,-1.0,0.05
17144,2_2_1_1,4,7.0,0.05
17145,2_2_0_1,4,1.5,0.05
17146,3_4_0_1,4,1.5,0.05
17147,2_3_1_0,1,6.0,0.05
17148,2_6_0_0,1,0.0,0.05
17149,2_4_1_0,1,2.0,0.05
17150,1_6_0_0,2,2.0,0.05
17151,3_1_0_0,3,2.0,0.05
17152,1_3_0_0,5,2.0,0.05
17153,1_4_1_1,4,7.0,0.05
17154,2_7_0_1,1,3.0,0.05
17155,2_0_1_1,1,5.0,0.05
17156,2_4_0_1,4,1.5,0.05
17157,3_2_0_0,3,2.0,0.05
17158,2_1_0_1,0,1.5,0.05
17159,1_7_0_1,1,3.0,0.05
17160,3_1_0_1,0,1.5,0.05
17161,1_1_0_0,3,2.0,0.05
17162,1_5_0_0,3,2.0,0.05
17163,3_4_1_0,5,3.0,0.05
17164,1_5_1_0,1,2.0,0.05
17165,3_7_0_1,3,1.0,0.05
17166,2_5_1_0,1,2.0,0.05
17167,1_4_1_0,5,3.0,0.05
17168,3_0_1_0,4,1.0,0.05
17169,1_7_0_1,1,3.0,0.05
17170,1_1_1_1,0,9.0,0.05
17171,2_7_0_0,3,2.0,0.05
17172,1_7_0_0,2,2.0,0.05
17173,1_3_1_0,1,6.0,0.05
17174,2_5_1_1,0,9.0,0.05
17175,3_4_0_1,0,-2.5,0.05
17176,3_1_0_1,0,1.5,0.05
17177,1_3_1_0,1,6.0,0.05
17178,2_5_1_0,1,2.0,0.05
17179,2_2_1_0,1,6.0,0.05
17180,3_1_0_0,3,2.0,0.05
17181,3_4_1_0,5,3.0,0.05
17182,3_5_0_1,0,1.5,0.05
17183,3_6_1_0,1,6.0,0.05
17184,2_5_0_1,4,1.5,0.05
17185,3_0_0_0,5,2.0,0.05
17186,1_3_1_0,1,6.0,0.05
17187,2_6_0_0,1,0.0,0.05
17188,2_1_0_1,0,1.5,0.05
17189,2_1_0_1,0,1.5,0.05
17190,1_7_0_0,2,2.0,0.05
17191,3_1_1_0,0,3.0,0.05
17192,3_4_0_1,4,1.5,0.05
17193,1_3_1_1,4,7.0,0.05
17194,2_2_1_0,1,6.0,0.05
17195,2_4_1_1,0,5.0,0.05
17196,3_7_0_1,3,1.0,0.05
17197,2_3_0_0,3,2.0,0.05
17198,3_3_1_0,0,3.0,0.05
17199,2_7_1_0,1,6.0,0.05
17200,2_0_1_0,5,3.0,0.05
17201,3_5_0_0,3,2.0,0.05
17202,2_3_1_0,1,6.0,0.05
17203,3_0_0_0,5,2.0,0.05
17204,2_1_0_0,5,2.0,0.05
17205,3_4_1_1,0,5.0,0.05
17206,2_4_0_1,4,1.5,0.05
17207,2_5_1_1,0,9.0,0.05
17208,1_5_0_1,0,1.5,0.05
17209,3_0_0_1,4,1.5,0.05
17210,1_5_0_1,1,-1.0,0.05
17211,2_7_1_1,0,9.0,0.05
17212,1_2_1_1,4,7.0,0.05
17213,1_4_0_1,3,1.0,0.05
17214,2_6_0_0,1,0.0,0.05
17215,2_3_0_0,2,-2.0,0.05
17216,3_2_1_0,1,6.0,0.05
17217,1_1_0_0,3,2.0,0.05
17218,3_4_1_0,5,3.0,0.05
17219,2_3_0_0,3,2.0,0.05
17220,3_6_1_1,4,7.0,0.05
17221,2_3_1_1,0,9.0,0.05
17222,2_3_1_1,5,1.0,0.05
17223,3_5_0_1,0,1.5,0.05
17224,1_4_0_0,3,2.0,0.05
17225,3_4_0_0,5,2.0,0.05
17226,1_2_1_0,1,6.0,0.05
17227,1_5_1_0,1,2.0,0.05
17228,2_5_1_0,1,2.0,0.05
17229,3_7_0_1,3,1.0,0.05
17230,3_4_1_1,0,5.0,0.05
17231,3_0_1_1,0,5.0,0.05
17232,1_4_1_0,5,3.0,0.05
17233,3_6_0_0,5,2.0,0.05
17234,3_5_1_1,0,9.0,0.05
17235,2_2_1_1,4,7.0,0.05
17236,1_7_0_1,1,3.0,0.05
17237,3_4_0_0,5,2.0,0.05
17238,2_0_0_1,4,1.5,0.05
17239,2_6_1_0,1,6.0,0.05
17240,2_3_1_1,0,9.0,0.05
17241,2_5_1_0,1,2.0,0.05
17242,1_1_0_0,3,2.0,0.05
17243,3_5_0_0,3,2.0,0.05
17244,3_4_0_1,4,1.5,0.05
17245,2_6_0_0,1,0.0,0.05
17246,2_3_0_0,3,2.0,0.05
17247,3_0_1_1,0,5.0,0.05
17248,2_2_0_0,3,2.0,0.05
17249,3_1_1_0,0,3.0,0.05
17250,3_1_0_1,0,1.5,0.05
17251,2_1_0_0,5,2.0,0.05
17252,1_6_0_1,1,3.0,0.05
17253,2_1_0_1,0,1.5,0.05
17254,3_2_0_1,4,1.5,0.05
17255,1_0_0_1,3,1.0,0.05
17256,1_6_0_1,1,3.0,0.05
17257,1_6_0_0,2,2.0,0.05
17258,3_6_0_1,1,3.0,0.05
17259,2_7_1_0,1,6.0,0.05
17260,3_6_1_0,1,6.0,0.05
17261,3_4_0_1,4,1.5,0.05
17262,3_3_1_0,0,3.0,0.05
17263,3_6_1_0,1,6.0,0.05
17264,2_5_1_0,1,2.0,0.05
17265,3_6_0_1,1,3.0,0.05
17266,2_5_0_1,4,1.5,0.05
17267,1_4_0_1,3,1.0,0.05
17268,3_0_1_1,0,5.0,0.05
17269,1_6_1_1,4,7.0,0.05
17270,1_7_1_1,0,9.0,0.05
17271,3_0_0_0,5,2.0,0.05
17272,1_2_1_1,4,7.0,0.05
17273,3_4_1_1,0,5.0,0.05
17274,3_7_1_0,1,6.0,0.05
17275,3_4_0_1,4,1.5,0.05
17276,2_2_0_0,3,2.0,0.05
17277,1_2_0_1,3,1.0,0.05
17278,1_5_0_0,3,2.0,0.05
17279,3_4_0_1,4,1.5,0.05
17280,3_4_1_1,0,5.0,0.05
17281,3_0_0_1,3,1.0,0.05
17282,1_1_0_0,3,2.0,0.05
17283,2_3_0_0,3,2.0,0.05
17284,2_2_0_0,3,2.0,0.05
17285,1_0_1_0,5,3.0,0.05
17286,2_4_0_0,3,2.0,0.05
17287,2_2_0_0,3,2.0,0.05
17288,1_7_1_1,0,9.0,0.05
17289,2_3_1_1,0,9.0,0.05
17290,2_2_0_0,3,2.0,0.05
17291,3_1_0_0,3,2.0,0.05
17292,3_0_0_0,5,2.0,0.05
17293,1_1_1_0,5,3.0,0.05
17294,1_2_1_0,1,6.0,0.05
17295,3_2_1_1,1,9.0,0.05
17296,1_3_1_1,4,7.0,0.05
17297,1_6_0_1,1,3.0,0.05
17298,1_5_1_0,1,2.0,0.05
17299,3_6_1_0,1,6.0,0.05
17300,1_7_1_1,0,9.0,0.05
17301,2_4_1_0,1,2.0,0.05
17302,3_3_1_1,1,9.0,0.05
17303,3_1_0_0,3,2.0,0.05
17304,2_4_0_1,4,1.5,0.05
17305,3_6_1_0,1,6.0,0.05
17306,2_2_1_0,1,6.0,0.05
17307,3_1_1_0,0,3.0,0.05
17308,1_2_1_0,1,6.0,0.05
17309,2_1_0_0,5,2.0,0.05
17310,1_1_1_0,5,3.0,0.05
17311,2_6_1_0,1,6.0,0.05
17312,2_1_1_1,4,7.0,0.05
17313,3_4_1_0,5,3.0,0.05
17314,3_5_1_1,0,9.0,0.05
17315,2_0_1_0,5,3.0,0.05
17316,3_4_1_0,5,3.0,0.05
17317,2_3_0_0,3,2.0,0.05
17318,3_1_1_1,0,9.0,0.05
17319,2_1_0_0,5,2.0,0.05
17320,2_2_1_0,1,6.0,0.05
17321,3_3_1_0,0,3.0,0.05
17322,3_2_0_1,4,1.5,0.05
17323,1_6_1_1,4,7.0,0.05
17324,2_3_0_0,3,2.0,0.05
17325,2_5_0_1,4,1.5,0.05
17326,2_3_0_1,1,3.0,0.05
17327,1_5_0_0,3,2.0,0.05
17328,3_2_0_0,3,2.0,0.05
17329,1_4_1_0,5,3.0,0.05
17330,1_0_0_1,3,1.0,0.05
17331,1_5_0_1,0,1.5,0.05
17332,3_3_0_1,1,3.0,0.05
17333,1_6_1_0,1,6.0,0.05
17334,1_1_1_0,5,3.0,0.05
17335,3_0_1_0,4,1.0,0.05
17336,2_5_1_1,2,-5.0,0.05
17337,3_4_0_0,5,2.0,0.05
17338,2_6_1_1,1,9.0,0.05
17339,1_7_0_0,2,2.0,0.05
17340,2_4_0_1,4,1.5,0.05
17341,2_0_1_1,1,5.0,0.05
17342,3_2_1_1,1,9.0,0.05
17343,2_7_1_1,0,9.0,0.05
17344,1_5_1_0,1,2.0,0.05
17345,1_7_1_1,0,9.0,0.05
17346,1_7_1_1,0,9.0,0.05
17347,2_2_1_1,4,7.0,0.05
17348,2_0_0_0,5,2.0,0.05
17349,2_4_1_0,1,2.0,0.05
17350,1_5_0_1,0,1.5,0.05
17351,3_3_0_0,5,2.0,0.05
17352,3_3_0_1,1,3.0,0.05
17353,1_3_1_0,1,6.0,0.05
17354,3_1_0_1,0,1.5,0.05
17355,2_7_0_0,3,2.0,0.05
17356,3_2_0_1,4,1.5,0.05
17357,2_7_1_1,0,9.0,0.05
17358,3_1_1_0,0,3.0,0.05
17359,1_0_0_1,3,1.0,0.05
17360,1_5_1_1,0,9.0,0.05
17361,2_4_1_1,0,5.0,0.05
17362,1_2_1_0,1,6.0,0.05
17363,2_0_1_1,1,5.0,0.05
17364,2_7_1_1,0,9.0,0.05
17365,3_0_0_1,3,1.0,0.05
17366,2_3_1_0,1,6.0,0.05
17367,2_0_0_0,5,2.0,0.05
17368,2_4_1_0,1,2.0,0.05
17369,3_4_0_0,5,2.0,0.05
17370,3_3_1_1,1,9.0,0.05
17371,3_3_1_0,0,3.0,0.05
17372,2_3_1_1,0,9.0,0.05
17373,1_3_1_1,4,7.0,0.05
17374,3_2_0_0,3,2.0,0.05
17375,1_5_0_1,0,1.5,0.05
17376,2_2_1_1,4,7.0,0.05
17377,3_4_1_0,5,3.0,0.05
17378,1_6_0_1,1,3.0,0.05
17379,1_3_0_1,1,3.0,0.05
17380,1_2_1_1,4,7.0,0.05
17381,2_5_0_0,5,2.0,0.05
17382,1_4_0_0,3,2.0,0.05
17383,1_4_0_0,3,2.0,0.05
17384,2_2_1_0,1,6.0,0.05
17385,1_7_1_1,0,9.0,0.05
17386,3_2_1_0,1,6.0,0.05
17387,2_5_0_0,5,2.0,0.05
17388,1_3_0_1,1,3.0,0.05
17389,3_4_1_1,0,5.0,0.05
17390,3_0_1_1,0,5.0,0.05
17391,3_3_1_1,1,9.0,0.05
17392,3_0_1_0,4,1.0,0.05
17393,2_1_1_0,5,3.0,0.05
17394,2_1_0_1,0,1.5,0.05
17395,3_3_0_1,1,3.0,0.05
17396,1_6_0_0,2,2.0,0.05
17397,1_1_0_0,3,2.0,0.05
17398,3_3_1_1,1,9.0,0.05
17399,3_2_0_1,4,1.5,0.05
17400,2_6_0_0,1,0.0,0.05
17401,2_4_1_0,5,3.0,0.05
17402,2_4_1_1,0,5.0,0.05
17403,3_3_0_0,5,2.0,0.05
17404,3_1_0_1,0,1.5,0.05
17405,2_2_0_0,3,2.0,0.05
17406,2_0_1_0,5,3.0,0.05
17407,3_6_1_1,4,7.0,0.05
17408,3_5_0_0,3,2.0,0.05
17409,2_2_1_1,4,7.0,0.05
17410,3_2_0_0,3,2.0,0.05
17411,3_4_0_1,4,1.5,0.05
17412,3_1_0_1,0,1.5,0.05
17413,3_0_1_0,4,1.0,0.05
17414,1_2_0_1,3,1.0,0.05
17415,1_3_1_1,4,7.0,0.05
17416,3_4_1_1,0,5.0,0.05
17417,3_0_0_0,5,2.0,0.05
17418,3_2_1_0,1,6.0,0.05
17419,1_4_0_0,3,2.0,0.05
17420,2_7_0_1,1,3.0,0.05
17421,1_6_1_0,1,6.0,0.05
17422,1_3_0_0,5,2.0,0.05
17423,1_5_1_1,0,9.0,0.05
17424,2_3_0_0,3,2.0,0.05
17425,1_0_1_1,4,7.0,0.05
17426,1_7_0_0,2,2.0,0.05
17427,1_5_0_0,3,2.0,0.05
17428,3_1_0_1,0,1.5,0.05
17429,3_7_1_1,4,7.0,0.05
17430,1_4_1_0,5,3.0,0.05
17431,1_7_1_0,1,6.0,0.05
17432,1_5_1_1,0,9.0,0.05
17433,1_4_0_0,3,2.0,0.05
17434,1_7_0_1,1,3.0,0.05
17435,2_0_0_0,5,2.0,0.05
17436,2_3_1_0,1,6.0,0.05
17437,2_1_1_1,4,7.0,0.05
17438,1_1_0_0,3,2.0,0.05
17439,1_0_1_1,4,7.0,0.05
17440,1_3_0_1,1,3.0,0.05
17441,1_4_1_1,4,7.0,0.05
17442,3_4_0_1,4,1.5,0.05
17443,1_6_1_0,1,6.0,0.05
17444,1_3_0_0,5,2.0,0.05
17445,2_4_0_1,4,1.5,0.05
17446,1_0_0_0,3,2.0,0.05
17447,2_3_1_1,0,9.0,0.05
17448,1_6_0_1,1,3.0,0.05
17449,3_1_1_0,0,3.0,0.05
17450,2_7_0_1,1,3.0,0.05
17451,1_0_0_0,3,2.0,0.05
17452,1_6_0_1,1,3.0,0.05
17453,1_2_1_1,4,7.0,0.05
17454,2_7_1_1,0,9.0,0.05
17455,1_0_1_1,2,-9.0,0.05
17456,1_2_1_0,1,6.0,0.05
17457,1_0_1_0,5,3.0,0.05
17458,2_4_0_1,4,1.5,0.05
17459,2_0_0_0,5,2.0,0.05
17460,3_2_0_1,4,1.5,0.05
17461,2_4_0_1,4,1.5,0.05
17462,3_6_0_0,5,2.0,0.05
17463,2_1_1_0,5,3.0,0.05
17464,1_3_0_0,5,2.0,0.05
17465,1_4_1_0,3,-14.0,0.05
17466,2_1_0_1,0,1.5,0.05
17467,1_6_1_1,4,7.0,0.05
17468,2_5_0_0,5,2.0,0.05
17469,2_0_0_0,5,2.0,0.05
17470,1_5_1_1,0,9.0,0.05
17471,3_3_1_0,0,3.0,0.05
17472,2_2_1_1,4,7.0,0.05
17473,1_6_0_0,2,2.0,0.05
17474,1_5_1_0,1,2.0,0.05
17475,1_1_0_1,0,1.5,0.05
17476,3_4_0_1,4,1.5,0.05
17477,2_7_1_0,1,6.0,0.05
17478,3_5_1_1,0,9.0,0.05
17479,1_4_1_0,5,3.0,0.05
17480,3_2_0_0,3,2.0,0.05
17481,3_5_1_1,0,9.0,0.05
17482,2_6_1_1,1,9.0,0.05
17483,3_7_1_1,4,7.0,0.05
17484,1_6_1_0,1,6.0,0.05
17485,3_3_0_0,5,2.0,0.05
17486,3_7_1_1,4,7.0,0.05
17487,2_2_0_1,4,1.5,0.05
17488,3_2_0_1,4,1.5,0.05
17489,2_0_0_1,4,1.5,0.05
17490,3_0_0_1,3,1.0,0.05
17491,3_7_0_0,2,2.0,0.05
17492,1_2_1_1,4,7.0,0.05
17493,3_3_1_1,1,9.0,0.05
17494,1_3_0_1,1,3.0,0.05
17495,3_6_1_1,4,7.0,0.05
17496,1_0_1_0,5,3.0,0.05
17497,3_6_0_1,1,3.0,0.05
17498,2_3_0_0,3,2.0,0.05
17499,2_5_1_0,1,2.0,0.05
17500,2_1_0_1,0,1.5,0.05
17501,3_5_0_0,3,2.0,0.05
17502,1_5_1_1,0,9.0,0.05
17503,2_5_0_0,5,2.0,0.05
17504,2_3_1_1,0,9.0,0.05
17505,1_7_1_1,0,9.0,0.05
17506,1_6_0_0,2,2.0,0.05
17507,1_3_0_0,5,2.0,0.05
17508,1_1_0_1,0,1.5,0.05
17509,1_0_1_0,5,3.0,0.05
17510,1_5_1_1,0,9.0,0.05
17511,3_2_0_0,3,2.0,0.05
17512,3_0_0_1,3,1.0,0.05
17513,3_3_0_1,1,3.0,0.05
17514,2_5_1_1,0,9.0,0.05
17515,3_7_1_0,1,6.0,0.05
17516,1_5_0_1,0,1.5,0.05
17517,3_2_0_0,3,2.0,0.05
17518,1_6_1_1,4,7.0,0.05
17519,3_7_1_1,4,7.0,0.05
17520,1_5_1_0,1,2.0,0.05
17521,1_0_1_0,5,3.0,0.05
17522,1_4_0_0,3,2.0,0.05
17523,3_3_0_0,5,2.0,0.05
17524,3_3_1_0,0,3.0,0.05
17525,3_2_0_1,4,1.5,0.05
17526,3_4_1_1,0,5.0,0.05
17527,3_7_1_0,1,6.0,0.05
17528,2_5_0_0,5,2.0,0.05
17529,1_1_0_0,3,2.0,0.05
17530,3_0_1_0,4,1.0,0.05
17531,1_3_0_0,5,2.0,0.05
17532,1_3_0_0,3,2.0,0.05
17533,1_5_1_1,0,9.0,0.05
17534,1_1_1_1,0,9.0,0.05
17535,3_6_0_1,3,1.0,0.05
17536,3_0_0_0,5,2.0,0.05
17537,1_3_1_1,4,7.0,0.05
17538,2_5_1_0,5,3.0,0.05
17539,2_5_0_1,4,1.5,0.05
17540,3_0_0_1,3,1.0,0.05
17541,2_7_1_0,1,6.0,0.05
17542,3_7_1_0,1,6.0,0.05
17543,1_0_0_0,3,2.0,0.05
17544,2_7_0_0,3,2.0,0.05
17545,2_5_0_0,5,2.0,0.05
17546,2_5_1_0,1,2.0,0.05
17547,1_7_1_1,0,9.0,0.05
17548,1_7_0_1,1,3.0,0.05
17549,3_4_0_1,4,1.5,0.05
17550,2_4_1_1,0,5.0,0.05
17551,1_3_0_1,1,3.0,0.05
17552,3_7_1_0,1,6.0,0.05
17553,2_0_1_1,1,5.0,0.05
17554,2_3_0_1,3,1.0,0.05
17555,1_7_0_1,1,3.0,0.05
17556,1_7_0_0,2,2.0,0.05
17557,2_5_0_0,5,2.0,0.05
17558,2_3_1_1,0,9.0,0.05
17559,1_4_0_0,3,2.0,0.05
17560,1_5_0_1,0,1.5,0.05
17561,2_4_0_0,3,2.0,0.05
17562,2_4_0_0,3,2.0,0.05
17563,2_1_0_0,5,2.0,0.05
17564,1_3_1_1,0,9.0,0.05
17565,2_1_1_0,5,3.0,0.05
17566,2_7_1_1,0,9.0,0.05
17567,3_2_0_0,3,2.0,0.05
17568,3_0_0_0,5,2.0,0.05
17569,3_6_1_1,4,7.0,0.05
17570,3_1_0_1,0,1.5,0.05
17571,3_2_1_0,1,6.0,0.05
17572,3_3_0_0,3,2.0,0.05
17573,3_5_1_0,0,3.0,0.05
17574,2_1_0_0,5,2.0,0.05
17575,3_5_0_1,0,1.5,0.05
17576,2_5_1_1,0,9.0,0.05
17577,3_5_1_0,0,3.0,0.05
17578,2_2_1_0,1,6.0,0.05
17579,2_3_1_0,1,6.0,0.05
17580,3_5_1_0,0,3.0,0.05
17581,2_6_0_0,1,0.0,0.05
17582,2_5_1_1,0,9.0,0.05
17583,2_7_0_0,4,-4.5,0.05
17584,1_0_1_0,5,3.0,0.05
17585,3_2_0_0,3,2.0,0.05
17586,2_4_0_0,3,2.0,0.05
17587,1_0_0_0,3,2.0,0.05
17588,1_3_0_0,5,2.0,0.05
17589,2_1_1_1,4,7.0,0.05
17590,3_2_1_1,1,9.0,0.05
17591,3_7_1_1,4,7.0,0.05
17592,2_5_1_1,0,9.0,0.05
17593,2_1_0_1,0,1.5,0.05
17594,1_0_1_1,4,7.0,0.05
17595,3_1_0_0,3,2.0,0.05
17596,1_4_0_0,3,2.0,0.05
17597,3_6_0_1,1,3.0,0.05
17598,3_7_1_0,1,6.0,0.05
17599,1_3_0_0,5,2.0,0.05
17600,3_6_0_0,5,2.0,0.05
17601,2_4_0_0,3,2.0,0.05
17602,3_4_0_0,5,2.0,0.05
17603,3_2_1_0,1,6.0,0.05
17604,2_2_0_0,3,2.0,0.05
17605,2_3_1_1,0,9.0,0.05
17606,3_4_0_1,4,1.5,0.05
17607,1_2_1_0,1,6.0,0.05
17608,2_3_0_0,3,2.0,0.05
17609,3_4_0_0,5,2.0,0.05
17610,1_3_0_1,1,3.0,0.05
17611,1_7_0_0,2,2.0,0.05
17612,2_5_0_0,5,2.0,0.05
17613,2_0_0_0,5,2.0,0.05
17614,2_1_1_0,5,3.0,0.05
17615,3_4_0_0,5,2.0,0.05
17616,1_2_1_0,1,6.0,0.05
17617,1_7_0_1,1,3.0,0.05
17618,1_0_1_0,5,3.0,0.05
17619,1_4_1_0,5,3.0,0.05
17620,1_2_0_0,3,2.0,0.05
17621,1_3_1_1,4,7.0,0.05
17622,2_1_0_0,5,2.0,0.05
17623,2_5_0_1,4,1.5,0.05
17624,1_5_1_0,1,2.0,0.05
17625,2_6_0_0,5,2.0,0.05
17626,3_4_1_1,0,5.0,0.05
17627,3_3_1_0,0,3.0,0.05
17628,3_7_0_0,2,2.0,0.05
17629,1_3_0_0,5,2.0,0.05
17630,1_6_1_0,1,6.0,0.05
17631,3_1_0_0,3,2.0,0.05
17632,1_3_1_1,4,7.0,0.05
17633,1_0_0_1,3,1.0,0.05
17634,3_5_1_1,0,9.0,0.05
17635,2_4_0_1,4,1.5,0.05
17636,2_6_1_0,1,6.0,0.05
17637,1_4_1_1,4,7.0,0.05
17638,2_4_0_0,3,2.0,0.05
17639,3_6_0_0,5,2.0,0.05
17640,1_1_0_1,0,1.5,0.05
17641,2_0_1_0,5,3.0,0.05
17642,1_6_1_0,1,6.0,0.05
17643,2_5_0_0,5,2.0,0.05
17644,1_6_1_0,1,6.0,0.05
17645,1_2_0_0,3,2.0,0.05
17646,3_7_1_1,4,7.0,0.05
17647,1_3_0_0,5,2.0,0.05
17648,1_7_1_1,0,9.0,0.05
17649,1_2_0_1,3,1.0,0.05
17650,3_2_0_1,4,1.5,0.05
17651,3_6_1_0,1,6.0,0.05
17652,3_5_0_0,3,2.0,0.05
17653,3_3_0_0,5,2.0,0.05
17654,3_3_1_0,0,3.0,0.05
17655,2_0_1_0,5,3.0,0.05
17656,3_2_0_0,3,2.0,0.05
17657,1_0_0_0,3,2.0,0.05
17658,2_5_1_0,1,2.0,0.05
17659,3_6_1_1,4,7.0,0.05
17660,2_5_0_1,4,1.5,0.05
17661,1_0_0_0,3,2.0,0.05
17662,2_5_1_1,0,9.0,0.05
17663,2_1_0_0,5,2.0,0.05
17664,3_4_0_1,4,1.5,0.05
17665,2_7_1_0,1,6.0,0.05
17666,2_2_1_0,1,6.0,0.05
17667,3_5_0_1,0,1.5,0.05
17668,3_2_1_1,1,9.0,0.05
17669,3_0_1_0,4,1.0,0.05
17670,3_1_0_0,3,2.0,0.05
17671,2_1_1_1,4,7.0,0.05
17672,2_2_0_0,3,2.0,0.05
17673,2_3_0_0,3,2.0,0.05
17674,2_7_0_0,3,2.0,0.05
17675,2_2_0_0,3,2.0,0.05
17676,1_5_1_0,1,2.0,0.05
17677,2_6_1_1,1,9.0,0.05
17678,3_0_1_1,0,5.0,0.05
17679,3_0_0_0,5,2.0,0.05
17680,1_5_0_0,3,2.0,0.05
17681,3_7_0_1,3,1.0,0.05
17682,1_7_1_1,0,9.0,0.05
17683,2_5_1_1,0,9.0,0.05
17684,1_5_0_0,3,2.0,0.05
17685,3_5_1_1,0,9.0,0.05
17686,2_6_0_0,1,0.0,0.05
17687,2_7_0_0,3,2.0,0.05
17688,2_3_1_0,1,6.0,0.05
17689,1_4_1_0,5,3.0,0.05
17690,2_3_0_1,3,1.0,0.05
17691,3_7_0_1,3,1.0,0.05
17692,2_6_1_1,1,9.0,0.05
17693,3_3_1_0,0,3.0,0.05
17694,1_3_0_1,1,3.0,0.05
17695,3_6_1_0,1,6.0,0.05
17696,3_6_1_0,1,6.0,0.05
17697,2_2_0_0,3,2.0,0.05
17698,3_6_0_1,1,3.0,0.05
17699,1_4_1_0,5,3.0,0.05
17700,3_3_1_0,0,3.0,0.05
17701,2_5_0_1,4,1.5,0.05
17702,2_7_1_1,0,9.0,0.05
17703,3_2_1_1,1,9.0,0.05
17704,3_5_1_0,0,3.0,0.05
17705,3_1_1_1,0,9.0,0.05
17706,2_0_0_0,5,2.0,0.05
17707,1_6_0_1,1,3.0,0.05
17708,1_3_1_1,4,7.0,0.05
17709,2_5_0_0,5,2.0,0.05
17710,2_7_0_1,1,3.0,0.05
17711,1_6_1_0,1,6.0,0.05
17712,3_5_1_1,0,9.0,0.05
17713,2_2_0_0,3,2.0,0.05
17714,2_4_1_0,1,2.0,0.05
17715,3_0_1_1,0,5.0,0.05
17716,2_0_1_0,5,3.0,0.05
17717,3_2_0_0,3,2.0,0.05
17718,1_6_1_1,4,7.0,0.05
17719,1_2_1_1,4,7.0,0.05
17720,1_4_1_0,5,3.0,0.05
17721,1_6_1_0,0,-1.0,0.05
17722,1_0_1_0,5,3.0,0.05
17723,3_1_1_0,0,3.0,0.05
17724,1_0_1_0,5,3.0,0.05
17725,2_6_0_1,4,1.5,0.05
17726,1_2_1_1,4,7.0,0.05
17727,2_3_1_0,1,6.0,0.05
17728,1_2_1_1,4,7.0,0.05
17729,3_6_0_1,1,3.0,0.05
17730,2_1_0_1,3,1.0,0.05
17731,2_2_0_1,4,1.5,0.05
17732,2_5_1_0,1,2.0,0.05
17733,1_4_0_1,3,1.0,0.05
17734,3_4_0_1,4,1.5,0.05
17735,1_4_1_1,3,-15.0,0.05
17736,2_6_0_0,1,0.0,0.05
17737,3_2_0_0,3,2.0,0.05
17738,2_2_1_1,4,7.0,0.05
17739,3_2_1_1,1,9.0,0.05
17740,1_5_0_1,0,1.5,0.05
17741,3_2_1_1,0,5.0,0.05
17742,1_2_0_0,3,2.0,0.05
17743,1_5_1_1,0,9.0,0.05
17744,1_4_1_0,5,3.0,0.05
17745,3_6_0_0,5,2.0,0.05
17746,1_4_0_1,3,1.0,0.05
17747,2_7_0_1,1,3.0,0.05
17748,1_2_1_0,1,6.0,0.05
17749,2_0_0_0,1,-4.0,0.05
17750,1_7_0_0,0,-4.5,0.05
17751,3_7_1_0,1,6.0,0.05
17752,2_4_0_0,3,2.0,0.05
17753,3_5_1_0,5,3.0,0.05
17754,1_3_0_1,1,3.0,0.05
17755,1_1_1_1,0,9.0,0.05
17756,2_1_1_0,5,3.0,0.05
17757,2_2_1_1,4,7.0,0.05
17758,1_0_1_1,4,7.0,0.05
17759,3_4_1_0,5,3.0,0.05
17760,1_1_0_1,0,1.5,0.05
17761,3_2_1_1,1,9.0,0.05
17762,2_6_0_1,4,1.5,0.05
17763,1_2_0_0,3,2.0,0.05
17764,2_1_1_0,5,3.0,0.05
17765,2_0_1_0,5,3.0,0.05
17766,2_5_0_0,5,2.0,0.05
17767,1_3_1_0,1,6.0,0.05
17768,3_6_0_0,5,2.0,0.05
17769,1_3_0_1,1,3.0,0.05
17770,1_3_0_1,1,3.0,0.05
17771,3_7_1_1,4,7.0,0.05
17772,1_7_1_0,1,6.0,0.05
17773,3_2_0_1,4,1.5,0.05
17774,3_2_1_0,5,3.0,0.05
17775,1_6_0_1,1,3.0,0.05
17776,3_6_1_0,1,6.0,0.05
17777,3_4_1_1,0,5.0,0.05
17778,3_0_1_1,0,5.0,0.05
17779,1_2_1_1,4,7.0,0.05
17780,3_0_0_1,3,1.0,0.05
17781,1_4_1_1,4,7.0,0.05
17782,2_5_0_0,5,2.0,0.05
17783,2_1_1_0,5,3.0,0.05
17784,2_0_0_1,4,1.5,0.05
17785,1_1_0_0,3,2.0,0.05
17786,2_2_1_0,1,6.0,0.05
17787,2_7_0_0,3,2.0,0.05
17788,3_4_0_1,4,1.5,0.05
17789,3_3_0_1,1,3.0,0.05
17790,3_4_1_1,0,5.0,0.05
17791,3_5_0_0,3,2.0,0.05
17792,2_2_1_1,4,7.0,0.05
17793,2_4_0_1,4,1.5,0.05
17794,2_5_0_0,5,2.0,0.05
17795,2_5_0_1,4,1.5,0.05
17796,3_0_0_1,3,1.0,0.05
17797,3_1_1_0,0,3.0,0.05
17798,1_4_1_0,5,3.0,0.05
17799,1_3_1_0,1,6.0,0.05
17800,2_5_0_0,5,2.0,0.05
17801,2_2_1_1,4,7.0,0.05
17802,1_5_1_1,0,9.0,0.05
17803,3_4_0_1,4,1.5,0.05
17804,1_1_0_1,0,1.5,0.05
17805,3_6_1_0,1,6.0,0.05
17806,1_2_1_0,1,6.0,0.05
17807,1_1_1_1,0,9.0,0.05
17808,2_4_1_0,1,2.0,0.05
17809,3_3_0_1,1,3.0,0.05
17810,2_7_0_0,3,2.0,0.05
17811,2_0_0_0,5,2.0,0.05
17812,2_1_0_1,0,1.5,0.05
17813,1_0_0_1,3,1.0,0.05
17814,3_2_1_0,1,6.0,0.05
17815,1_1_0_0,3,2.0,0.05
17816,1_6_0_0,2,2.0,0.05
17817,1_0_0_1,3,1.0,0.05
17818,3_5_0_0,3,2.0,0.05
17819,1_6_1_0,1,6.0,0.05
17820,3_6_0_0,5,2.0,0.05
17821,1_3_0_0,5,2.0,0.05
17822,1_7_0_1,1,3.0,0.05
17823,1_0_1_0,5,3.0,0.05
17824,1_7_0_1,1,3.0,0.05
17825,2_7_1_1,0,9.0,0.05
17826,3_4_1_1,0,5.0,0.05
17827,1_4_1_0,5,3.0,0.05
17828,1_1_1_1,0,9.0,0.05
17829,2_3_1_1,0,9.0,0.05
17830,3_5_1_1,0,9.0,0.05
17831,2_4_1_0,1,2.0,0.05
17832,2_7_0_1,1,3.0,0.05
17833,3_0_0_0,5,2.0,0.05
17834,1_6_0_1,1,3.0,0.05
17835,3_3_1_1,1,9.0,0.05
17836,3_6_0_0,5,2.0,0.05
17837,3_1_1_0,0,3.0,0.05
17838,3_2_0_1,4,1.5,0.05
17839,2_1_0_0,5,2.0,0.05
17840,1_1_0_0,3,2.0,0.05
17841,2_0_1_0,5,3.0,0.05
17842,3_2_1_1,1,9.0,0.05
17843,2_6_1_0,1,6.0,0.05
17844,2_0_1_1,1,5.0,0.05
17845,2_0_1_1,1,5.0,0.05
17846,2_2_1_1,4,7.0,0.05
17847,3_5_0_1,0,1.5,0.05
17848,2_6_1_1,1,9.0,0.05
17849,1_5_0_0,3,2.0,0.05
17850,2_7_1_1,0,9.0,0.05
17851,2_1_1_0,5,3.0,0.05
17852,1_5_0_0,3,2.0,0.05
17853,3_3_1_0,0,3.0,0.05
17854,1_3_0_0,5,2.0,0.05
17855,1_5_1_0,1,2.0,0.05
17856,1_6_1_0,1,6.0,0.05
17857,1_6_0_1,1,3.0,0.05
17858,2_3_0_0,3,2.0,0.05
17859,1_3_1_1,4,7.0,0.05
17860,2_4_0_0,3,2.0,0.05
17861,2_2_1_1,4,7.0,0.05
17862,2_3_0_0,3,2.0,0.05
17863,2_5_1_0,1,2.0,0.05
17864,2_5_1_0,1,2.0,0.05
17865,3_7_1_1,4,7.0,0.05
17866,2_7_1_1,0,9.0,0.05
17867,1_5_1_1,0,9.0,0.05
17868,3_6_1_0,1,6.0,0.05
17869,3_4_1_0,5,3.0,0.05
17870,1_5_0_1,0,1.5,0.05
17871,2_6_1_0,1,6.0,0.05
17872,2_3_0_0,3,2.0,0.05
17873,3_7_1_0,1,6.0,0.05
17874,1_4_0_0,3,2.0,0.05
17875,2_4_1_0,1,2.0,0.05
17876,1_4_0_1,3,1.0,0.05
17877,3_5_1_1,0,9.0,0.05
17878,1_1_0_0,3,2.0,0.05
17879,2_2_1_1,4,7.0,0.05
17880,1_7_0_1,1,3.0,0.05
17881,1_7_0_1,1,3.0,0.05
17882,1_4_0_0,3,2.0,0.05
17883,3_6_0_0,5,2.0,0.05
17884,1_4_0_0,3,2.0,0.05
17885,1_5_1_1,0,9.0,0.05
17886,3_3_0_0,5,2.0,0.05
17887,1_3_0_1,1,3.0,0.05
17888,2_4_0_1,4,1.5,0.05
17889,3_1_0_0,3,2.0,0.05
17890,2_0_0_1,5,0.0,0.05
17891,1_6_1_1,4,7.0,0.05
17892,3_3_0_1,1,3.0,0.05
17893,3_4_1_0,5,3.0,0.05
17894,1_7_0_0,2,2.0,0.05
17895,2_5_1_0,1,2.0,0.05
17896,2_7_0_0,3,2.0,0.05
17897,2_1_0_0,5,2.0,0.05
17898,3_7_1_1,4,7.0,0.05
17899,3_7_0_1,3,1.0,0.05
17900,2_7_0_1,1,3.0,0.05
17901,3_1_0_1,0,1.5,0.05
17902,2_1_1_1,4,7.0,0.05
17903,3_4_0_1,4,1.5,0.05
17904,1_0_1_0,5,3.0,0.05
17905,1_2_1_0,1,6.0,0.05
17906,2_0_0_1,4,1.5,0.05
17907,3_3_1_1,1,9.0,0.05
17908,3_2_0_1,4,1.5,0.05
17909,1_4_1_0,5,3.0,0.05
17910,1_3_1_0,1,6.0,0.05
17911,2_7_0_1,1,3.0,0.05
17912,1_6_1_0,1,6.0,0.05
17913,1_5_0_0,3,2.0,0.05
17914,1_5_0_0,3,2.0,0.05
17915,1_1_0_1,0,1.5,0.05
17916,3_1_1_0,0,3.0,0.05
17917,3_1_0_0,0,-4.5,0.05
17918,1_6_1_0,1,6.0,0.05
17919,2_2_1_0,1,6.0,0.05
17920,2_0_0_0,5,2.0,0.05
17921,1_4_0_0,3,2.0,0.05
17922,3_2_1_1,1,9.0,0.05
17923,1_7_1_1,0,9.0,0.05
17924,1_0_0_1,3,1.0,0.05
17925,3_6_0_1,1,3.0,0.05
17926,3_2_1_0,1,6.0,0.05
17927,1_5_0_0,3,2.0,0.05
17928,2_2_0_1,4,1.5,0.05
17929,1_7_0_0,2,2.0,0.05
17930,1_1_1_1,0,9.0,0.05
17931,1_7_0_1,1,3.0,0.05
17932,3_3_0_0,5,2.0,0.05
17933,3_7_1_1,4,7.0,0.05
17934,1_0_1_0,5,3.0,0.05
17935,1_6_1_1,4,7.0,0.05
17936,1_3_1_0,1,6.0,0.05
17937,1_3_0_1,1,3.0,0.05
17938,2_6_0_1,4,1.5,0.05
17939,2_2_1_1,4,7.0,0.05
17940,2_2_0_0,3,2.0,0.05
17941,1_6_0_1,1,3.0,0.05
17942,3_6_0_0,5,2.0,0.05
17943,3_2_0_1,4,1.5,0.05
17944,3_0_1_0,4,1.0,0.05
17945,1_6_0_1,1,3.0,0.05
17946,3_6_1_0,1,6.0,0.05
17947,2_7_1_1,0,9.0,0.05
17948,3_6_1_0,1,6.0,0.05
17949,3_6_1_0,1,6.0,0.05
17950,2_4_1_1,0,5.0,0.05
17951,3_3_1_0,0,3.0,0.05
17952,3_0_1_1,0,5.0,0.05
17953,2_1_1_0,5,3.0,0.05
17954,2_4_1_0,1,2.0,0.05
17955,1_7_0_0,2,2.0,0.05
17956,2_2_1_0,1,6.0,0.05
17957,2_2_1_1,4,7.0,0.05
17958,1_5_0_1,0,1.5,0.05
17959,2_2_0_1,4,1.5,0.05
17960,3_3_1_0,0,3.0,0.05
17961,3_5_0_0,3,2.0,0.05
17962,3_7_1_1,4,7.0,0.05
17963,1_3_0_0,5,2.0,0.05
17964,3_6_0_0,5,2.0,0.05
17965,2_1_1_0,5,3.0,0.05
17966,1_3_0_0,5,2.0,0.05
17967,2_6_0_1,4,1.5,0.05
17968,1_0_1_0,5,3.0,0.05
17969,2_5_0_1,4,1.5,0.05
17970,3_2_1_0,1,6.0,0.05
17971,3_1_0_1,2,-4.0,0.05
17972,3_1_0_1,0,1.5,0.05
17973,2_4_0_1,1,-1.0,0.05
17974,1_3_1_0,1,6.0,0.05
17975,2_7_1_0,1,6.0,0.05
17976,1_0_1_0,5,3.0,0.05
17977,1_7_0_1,1,3.0,0.05
17978,1_5_1_1,0,9.0,0.05
17979,2_0_1_1,1,5.0,0.05
17980,1_4_0_1,3,1.0,0.05
17981,2_7_1_0,1,6.0,0.05
17982,2_6_1_0,1,6.0,0.05
17983,3_6_0_0,5,2.0,0.05
17984,1_3_0_1,1,3.0,0.05
17985,3_1_1_0,0,3.0,0.05
17986,3_4_0_1,4,1.5,0.05
17987,1_5_1_0,1,2.0,0.05
17988,3_7_0_0,2,2.0,0.05
17989,1_5_0_1,0,1.5,0.05
17990,3_4_1_1,0,5.0,0.05
17991,2_4_0_0,3,2.0,0.05
17992,3_1_1_0,0,3.0,0.05
17993,2_3_1_1,0,9.0,0.05
17994,2_3_0_0,3,2.0,0.05
17995,2_6_1_0,1,6.0,0.05
17996,3_5_1_1,0,9.0,0.05
17997,3_4_1_1,0,5.0,0.05
17998,2_1_1_0,5,3.0,0.05
17999,2_4_1_1,0,5.0,0.05
18000,2_7_1_0,1,6.0,0.05
18001,2_4_0_1,4,1.5,0.05
18002,2_3_0_1,3,1.0,0.05
18003,3_6_0_1,1,3.0,0.05
18004,2_7_1_1,0,9.0,0.05
18005,1_1_0_0,3,2.0,0.05
18006,2_2_0_1,4,1.5,0.05
18007,1_5_1_0,1,2.0,0.05
18008,1_5_0_1,0,1.5,0.05
18009,3_3_0_0,5,2.0,0.05
18010,1_5_1_1,0,9.0,0.05
18011,1_1_1_0,5,3.0,0.05
18012,3_5_0_1,0,1.5,0.05
18013,3_7_0_1,3,1.0,0.05
18014,1_6_0_0,2,2.0,0.05
18015,3_5_1_1,0,9.0,0.05
18016,2_2_1_0,1,6.0,0.05
18017,1_6_0_1,1,3.0,0.05
18018,1_7_1_1,0,9.0,0.05
18019,2_2_1_1,4,7.0,0.05
18020,2_5_0_1,4,1.5,0.05
18021,3_3_1_1,1,9.0,0.05
18022,3_4_1_0,5,3.0,0.05
18023,2_4_0_1,4,1.5,0.05
18024,1_0_0_1,3,1.0,0.05
18025,1_7_0_0,2,2.0,0.05
18026,2_1_0_1,0,1.5,0.05
18027,2_5_1_0,1,2.0,0.05
18028,2_3_0_0,3,2.0,0.05
18029,3_7_1_1,4,7.0,0.05
18030,1_2_1_1,4,7.0,0.05
18031,2_4_1_1,0,5.0,0.05
18032,1_3_0_1,1,3.0,0.05
18033,2_6_0_0,1,0.0,0.05
18034,2_3_0_1,3,1.0,0.05
18035,1_1_0_0,3,2.0,0.05
18036,1_4_0_1,3,1.0,0.05
18037,3_4_1_0,5,3.0,0.05
18038,2_2_1_1,4,7.0,0.05
18039,1_6_1_0,1,6.0,0.05
18040,2_5_1_0,1,2.0,0.05
18041,2_2_0_1,4,1.5,0.05
18042,3_4_1_1,0,5.0,0.05
18043,1_1_1_1,0,9.0,0.05
18044,1_7_0_1,1,3.0,0.05
18045,1_6_1_0,1,6.0,0.05
18046,3_2_0_1,4,1.5,0.05
18047,2_7_0_0,3,2.0,0.05
18048,2_3_0_1,3,1.0,0.05
18049,1_3_0_0,5,2.0,0.05
18050,1_1_0_1,0,1.5,0.05
18051,3_4_1_1,0,5.0,0.05
18052,2_3_0_0,3,2.0,0.05
18053,1_3_1_1,4,7.0,0.05
18054,2_1_0_1,0,1.5,0.05
18055,3_1_0_0,3,2.0,0.05
18056,3_4_1_1,0,5.0,0.05
18057,3_4_0_1,4,1.5,0.05
18058,3_0_1_1,0,5.0,0.05
18059,2_6_0_0,1,0.0,0.05
18060,2_5_1_0,1,2.0,0.05
18061,2_6_0_1,4,1.5,0.05
18062,2_6_1_1,1,9.0,0.05
18063,2_0_0_0,5,2.0,0.05
18064,1_3_1_0,1,6.0,0.05
18065,2_2_0_0,3,2.0,0.05
18066,3_1_1_0,0,3.0,0.05
18067,2_2_0_0,3,2.0,0.05
18068,3_0_0_1,3,1.0,0.05
18069,2_0_1_0,5,3.0,0.05
18070,2_6_0_1,4,1.5,0.05
18071,1_5_1_0,1,2.0,0.05
18072,3_4_0_1,4,1.5,0.05
18073,2_1_1_1,4,7.0,0.05
18074,1_2_0_0,3,2.0,0.05
18075,3_2_1_0,1,6.0,0.05
18076,3_7_1_0,1,6.0,0.05
18077,2_5_0_1,4,1.5,0.05
18078,1_7_0_0,2,2.0,0.05
18079,3_3_1_0,0,3.0,0.05
18080,1_4_1_1,4,7.0,0.05
18081,1_7_1_1,0,9.0,0.05
18082,3_2_1_0,1,6.0,0.05
18083,3_3_0_0,5,2.0,0.05
18084,1_1_0_1,0,1.5,0.05
18085,2_2_1_0,1,6.0,0.05
18086,3_7_0_1,3,1.0,0.05
18087,3_5_0_0,3,2.0,0.05
18088,1_2_0_0,3,2.0,0.05
18089,1_4_0_1,3,1.0,0.05
18090,1_1_0_0,3,2.0,0.05
18091,2_6_1_1,1,9.0,0.05
18092,3_7_1_0,1,6.0,0.05
18093,2_3_0_0,3,2.0,0.05
18094,2_2_0_1,4,1.5,0.05
18095,1_2_0_0,3,2.0,0.05
18096,3_1_0_0,3,2.0,0.05
18097,3_7_0_0,2,2.0,0.05
18098,2_2_0_0,3,2.0,0.05
18099,1_7_1_1,0,9.0,0.05
18100,3_6_1_1,4,7.0,0.05
18101,3_5_1_1,0,9.0,0.05
18102,1_7_1_1,0,9.0,0.05
18103,1_3_1_1,4,7.0,0.05
18104,3_5_0_0,3,2.0,0.05
18105,1_3_0_0,5,2.0,0.05
18106,2_6_0_0,1,0.0,0.05
18107,1_5_0_0,3,2.0,0.05
18108,3_4_1_1,0,5.0,0.05
18109,1_0_0_1,3,1.0,0.05
18110,2_6_0_1,4,1.5,0.05
18111,1_6_0_0,2,2.0,0.05
18112,1_5_0_1,0,1.5,0.05
18113,2_7_0_1,1,3.0,0.05
18114,3_3_1_1,1,9.0,0.05
18115,2_3_1_1,0,9.0,0.05
18116,3_0_1_1,0,5.0,0.05
18117,1_2_1_1,4,7.0,0.05
18118,2_4_1_1,0,5.0,0.05
18119,1_7_0_1,1,3.0,0.05
18120,1_2_0_0,3,2.0,0.05
18121,1_6_1_0,1,6.0,0.05
18122,3_2_0_0,3,2.0,0.05
18123,1_1_1_0,5,3.0,0.05
18124,3_2_0_0,3,2.0,0.05
18125,2_1_1_0,5,3.0,0.05
18126,3_1_1_0,0,3.0,0.05
18127,3_4_1_0,5,3.0,0.05
18128,1_0_0_1,3,1.0,0.05
18129,2_1_1_1,4,7.0,0.05
18130,1_0_0_1,3,1.0,0.05
18131,2_4_0_1,4,1.5,0.05
18132,3_2_0_1,4,1.5,0.05
18133,3_2_0_0,3,2.0,0.05
18134,2_7_1_1,0,9.0,0.05
18135,2_5_1_1,0,9.0,0.05
18136,2_5_1_1,0,9.0,0.05
18137,3_2_0_0,3,2.0,0.05
18138,3_4_1_1,0,5.0,0.05
18139,3_0_1_1,0,5.0,0.05
18140,1_3_1_0,1,6.0,0.05
18141,3_3_1_1,1,9.0,0.05
18142,2_2_0_0,3,2.0,0.05
18143,1_7_1_0,1,6.0,0.05
18144,1_4_0_1,3,1.0,0.05
18145,3_2_1_0,1,6.0,0.05
18146,3_6_0_0,5,2.0,0.05
18147,3_3_0_0,5,2.0,0.05
18148,1_1_1_1,0,9.0,0.05
18149,2_4_0_1,5,0.0,0.05
18150,2_0_1_0,5,3.0,0.05
18151,2_2_1_0,1,6.0,0.05
18152,1_4_1_0,5,3.0,0.05
18153,2_1_1_1,4,7.0,0.05
18154,1_0_1_0,5,3.0,0.05
18155,1_1_0_1,0,1.5,0.05
18156,2_7_0_0,3,2.0,0.05
18157,1_7_0_1,1,3.0,0.05
18158,1_5_1_0,1,2.0,0.05
18159,3_3_0_0,5,2.0,0.05
18160,2_4_0_1,4,1.5,0.05
18161,1_3_1_1,4,7.0,0.05
18162,1_4_1_1,4,7.0,0.05
18163,3_5_0_1,0,1.5,0.05
18164,2_3_0_1,3,1.0,0.05
18165,3_5_1_1,0,9.0,0.05
18166,1_7_1_1,0,9.0,0.05
18167,3_5_0_1,0,1.5,0.05
18168,1_6_1_1,4,7.0,0.05
18169,1_6_0_1,1,3.0,0.05
18170,2_2_1_1,4,7.0,0.05
18171,2_3_1_0,1,6.0,0.05
18172,2_0_1_0,5,3.0,0.05
18173,1_2_0_0,3,2.0,0.05
18174,3_0_0_1,3,1.0,0.05
18175,2_2_0_0,3,2.0,0.05
18176,1_1_1_1,0,9.0,0.05
18177,1_1_1_0,1,2.0,0.05
18178,3_0_1_1,0,5.0,0.05
18179,2_7_0_0,3,2.0,0.05
18180,2_2_1_1,4,7.0,0.05
18181,3_6_1_1,4,7.0,0.05
18182,2_5_1_1,0,9.0,0.05
18183,1_0_0_1,3,1.0,0.05
18184,1_5_1_1,0,9.0,0.05
18185,3_4_0_1,4,1.5,0.05
18186,3_7_0_1,3,1.0,0.05
18187,3_1_0_0,3,2.0,0.05
18188,2_5_0_1,4,1.5,0.05
18189,2_0_1_0,5,3.0,0.05
18190,2_2_0_0,3,2.0,0.05
18191,2_0_0_1,5,0.0,0.05
18192,3_3_1_0,0,3.0,0.05
18193,3_7_0_1,3,1.0,0.05
18194,2_7_1_1,0,9.0,0.05
18195,1_3_0_0,5,2.0,0.05
18196,2_5_1_0,1,2.0,0.05
18197,2_1_1_1,4,7.0,0.05
18198,1_5_1_0,1,2.0,0.05
18199,2_2_0_1,4,1.5,0.05
18200,3_0_1_0,4,1.0,0.05
18201,2_6_1_0,1,6.0,0.05
18202,1_1_0_0,3,2.0,0.05
18203,3_3_0_0,5,2.0,0.05
18204,1_4_0_1,3,1.0,0.05
18205,2_7_0_0,3,2.0,0.05
18206,3_7_1_1,4,7.0,0.05
18207,1_0_0_1,0,-2.5,0.05
18208,1_2_1_1,4,7.0,0.05
18209,1_5_0_1,0,1.5,0.05
18210,3_1_0_1,0,1.5,0.05
18211,2_3_1_1,0,9.0,0.05
18212,2_3_0_0,4,-4.5,0.05
18213,2_2_1_0,1,6.0,0.05
18214,2_2_0_0,3,2.0,0.05
18215,1_0_1_0,5,3.0,0.05
18216,2_7_0_1,1,3.0,0.05
18217,3_0_0_1,3,1.0,0.05
18218,1_4_1_0,3,-14.0,0.05
18219,3_3_1_0,0,3.0,0.05
18220,1_5_1_1,0,9.0,0.05
18221,1_5_0_0,3,2.0,0.05
18222,3_3_1_0,0,3.0,0.05
18223,1_3_0_0,5,2.0,0.05
18224,3_6_0_0,5,2.0,0.05
18225,1_2_0_1,3,1.0,0.05
18226,3_4_0_0,5,2.0,0.05
18227,1_7_1_1,0,9.0,0.05
18228,1_5_1_0,1,2.0,0.05
18229,2_4_0_1,4,1.5,0.05
18230,3_6_0_1,3,1.0,0.05
18231,1_2_0_1,3,1.0,0.05
18232,1_6_0_0,2,2.0,0.05
18233,3_7_1_1,4,7.0,0.05
18234,3_7_0_0,2,2.0,0.05
18235,2_6_0_0,1,0.0,0.05
18236,1_7_0_0,2,2.0,0.05
18237,1_2_1_0,1,6.0,0.05
18238,3_0_1_1,0,5.0,0.05
18239,1_0_0_0,3,2.0,0.05
18240,3_5_0_0,3,2.0,0.05
18241,2_0_1_0,0,-1.0,0.05
18242,3_7_0_1,3,1.0,0.05
18243,3_3_1_1,1,9.0,0.05
18244,2_5_0_1,4,1.5,0.05
18245,2_2_0_0,3,2.0,0.05
18246,1_4_0_0,3,2.0,0.05
18247,2_1_1_0,5,3.0,0.05
18248,3_6_1_0,1,6.0,0.05
18249,2_5_0_1,4,1.5,0.05
18250,2_5_0_1,4,1.5,0.05
18251,3_4_1_0,5,3.0,0.05
18252,2_6_0_1,4,1.5,0.05
18253,1_2_1_0,1,6.0,0.05
18254,2_1_1_1,4,7.0,0.05
18255,2_7_1_0,1,6.0,0.05
18256,1_1_0_1,0,1.5,0.05
18257,2_4_1_1,0,5.0,0.05
18258,2_6_0_1,4,1.5,0.05
18259,1_7_1_1,0,9.0,0.05
18260,1_5_1_0,1,2.0,0.05
18261,2_2_1_0,1,6.0,0.05
18262,1_0_0_0,3,2.0,0.05
18263,3_1_1_1,0,9.0,0.05
18264,2_4_1_0,1,2.0,0.05
18265,1_2_0_0,3,2.0,0.05
18266,3_7_1_0,1,6.0,0.05
18267,2_6_1_0,1,6.0,0.05
18268,2_0_1_1,1,5.0,0.05
18269,2_6_1_0,1,6.0,0.05
18270,3_5_0_0,3,2.0,0.05
18271,1_0_1_0,5,3.0,0.05
18272,3_0_1_0,4,1.0,0.05
18273,3_7_0_1,3,1.0,0.05
18274,1_4_1_0,5,3.0,0.05
18275,1_0_1_1,4,7.0,0.05
18276,1_1_0_1,0,1.5,0.05
18277,2_0_1_0,5,3.0,0.05
18278,1_0_0_1,3,1.0,0.05
18279,3_5_1_0,0,3.0,0.05
18280,2_6_1_1,1,9.0,0.05
18281,1_1_1_1,0,9.0,0.05
18282,2_2_0_1,1,3.0,0.05
18283,1_7_1_1,0,9.0,0.05
18284,1_5_1_0,1,2.0,0.05
18285,2_0_0_1,4,1.5,0.05
18286,3_3_0_0,5,2.0,0.05
18287,2_4_1_1,0,5.0,0.05
18288,2_6_1_0,1,6.0,0.05
18289,2_0_0_1,4,1.5,0.05
18290,3_3_0_0,5,2.0,0.05
18291,1_2_0_0,3,2.0,0.05
18292,2_6_1_1,1,9.0,0.05
18293,1_6_1_1,4,7.0,0.05
18294,3_1_1_1,0,9.0,0.05
18295,2_3_1_1,0,9.0,0.05
18296,2_7_0_1,1,3.0,0.05
18297,2_7_0_1,1,3.0,0.05
18298,2_5_1_1,0,9.0,0.05
18299,3_3_0_0,5,2.0,0.05
18300,1_1_1_1,0,9.0,0.05
18301,3_0_0_0,5,2.0,0.05
18302,2_7_0_1,1,3.0,0.05
18303,2_4_1_0,1,2.0,0.05
18304,2_3_1_1,0,9.0,0.05
18305,3_2_1_1,1,9.0,0.05
18306,3_0_0_1,3,1.0,0.05
18307,1_6_1_1,4,7.0,0.05
18308,2_6_1_1,4,7.0,0.05
18309,3_0_1_0,4,1.0,0.05
18310,2_4_1_1,0,5.0,0.05
18311,3_2_0_0,3,2.0,0.05
18312,1_4_1_1,4,7.0,0.05
18313,2_0_1_1,1,5.0,0.05
18314,2_0_0_1,4,1.5,0.05
18315,2_6_1_1,1,9.0,0.05
18316,1_6_1_1,4,7.0,0.05
18317,2_2_1_0,1,6.0,0.05
18318,3_6_0_1,1,3.0,0.05
18319,3_3_1_0,0,3.0,0.05
18320,2_5_0_1,4,1.5,0.05
18321,2_3_0_0,3,2.0,0.05
18322,3_1_1_1,0,9.0,0.05
18323,3_2_1_0,1,6.0,0.05
18324,2_3_0_0,3,2.0,0.05
18325,1_6_1_0,1,6.0,0.05
18326,3_6_0_0,5,2.0,0.05
18327,2_3_0_1,4,1.5,0.05
18328,2_1_1_0,5,3.0,0.05
18329,3_7_1_1,4,7.0,0.05
18330,2_5_0_0,5,2.0,0.05
18331,1_7_0_0,2,2.0,0.05
18332,1_0_0_0,3,2.0,0.05
18333,2_4_1_0,1,2.0,0.05
18334,3_4_0_0,5,2.0,0.05
18335,3_7_0_1,3,1.0,0.05
18336,2_3_1_0,1,6.0,0.05
18337,1_2_1_0,1,6.0,0.05
18338,1_1_1_1,0,9.0,0.05
18339,3_1_0_0,3,2.0,0.05
18340,3_2_0_0,3,2.0,0.05
18341,2_5_1_1,0,9.0,0.05
18342,2_4_0_1,4,1.5,0.05
18343,3_4_0_0,5,2.0,0.05
18344,1_3_1_0,1,6.0,0.05
18345,3_4_1_1,0,5.0,0.05
18346,1_5_1_1,0,9.0,0.05
18347,3_7_1_1,4,7.0,0.05
18348,3_1_1_0,0,3.0,0.05
18349,3_1_1_0,0,3.0,0.05
18350,2_6_1_0,1,6.0,0.05
18351,1_4_1_1,4,7.0,0.05
18352,2_6_0_0,1,0.0,0.05
18353,1_3_0_1,1,3.0,0.05
18354,2_2_0_1,5,0.0,0.05
18355,1_1_0_1,0,1.5,0.05
18356,3_3_0_0,2,-2.0,0.05
18357,1_3_0_0,5,2.0,0.05
18358,3_1_0_1,0,1.5,0.05
18359,3_2_0_0,3,2.0,0.05
18360,1_5_0_1,0,1.5,0.05
18361,1_5_0_1,0,1.5,0.05
18362,3_6_1_1,4,7.0,0.05
18363,1_2_0_1,3,1.0,0.05
18364,3_1_0_1,0,1.5,0.05
18365,1_6_0_0,2,2.0,0.05
18366,1_7_0_1,4,1.5,0.05
18367,1_6_0_0,2,2.0,0.05
18368,1_4_1_0,5,3.0,0.05
18369,3_3_0_0,5,2.0,0.05
18370,1_4_1_0,5,3.0,0.05
18371,1_4_1_0,5,3.0,0.05
18372,2_7_1_1,0,9.0,0.05
18373,2_6_1_0,1,6.0,0.05
18374,3_3_1_0,0,3.0,0.05
18375,2_2_0_0,3,2.0,0.05
18376,1_1_0_1,0,1.5,0.05
18377,3_4_1_0,5,3.0,0.05
18378,2_5_0_1,4,1.5,0.05
18379,3_4_1_0,5,3.0,0.05
18380,3_5_0_0,3,2.0,0.05
18381,3_4_0_1,4,1.5,0.05
18382,1_7_1_0,1,6.0,0.05
18383,2_2_0_1,4,1.5,0.05
18384,1_1_0_1,0,1.5,0.05
18385,2_4_0_0,3,2.0,0.05
18386,2_3_1_0,1,6.0,0.05
18387,1_4_1_0,5,3.0,0.05
18388,2_0_0_0,5,2.0,0.05
18389,1_6_0_0,2,2.0,0.05
18390,2_2_1_0,1,6.0,0.05
18391,3_5_1_1,0,9.0,0.05
18392,2_3_0_1,3,1.0,0.05
18393,3_6_1_0,1,6.0,0.05
18394,1_5_0_1,0,1.5,0.05
18395,2_7_0_1,1,3.0,0.05
18396,1_1_0_0,3,2.0,0.05
18397,2_3_0_1,3,1.0,0.05
18398,2_3_0_1,3,1.0,0.05
18399,1_1_0_1,0,1.5,0.05
18400,3_6_1_0,1,6.0,0.05
18401,3_6_0_0,5,2.0,0.05
18402,3_0_0_1,3,1.0,0.05
18403,3_4_1_1,0,5.0,0.05
18404,3_3_1_0,0,3.0,0.05
18405,1_1_0_0,3,2.0,0.05
18406,3_2_0_0,3,2.0,0.05
18407,2_2_0_1,4,1.5,0.05
18408,3_1_0_0,3,2.0,0.05
18409,3_0_0_1,3,1.0,0.05
18410,2_5_0_0,5,2.0,0.05
18411,3_0_1_0,4,1.0,0.05
18412,3_7_1_1,4,7.0,0.05
18413,2_3_0_0,3,2.0,0.05
18414,3_5_1_0,0,3.0,0.05
18415,2_1_0_0,5,2.0,0.05
18416,1_5_1_0,1,2.0,0.05
18417,3_1_0_0,3,2.0,0.05
18418,1_4_1_0,5,3.0,0.05
18419,1_4_1_0,5,3.0,0.05
18420,3_7_0_1,3,1.0,0.05
18421,3_3_0_0,5,2.0,0.05
18422,2_3_1_1,0,9.0,0.05
18423,3_5_0_0,3,2.0,0.05
18424,1_5_0_0,3,2.0,0.05
18425,3_1_0_0,3,2.0,0.05
18426,1_7_1_0,1,6.0,0.05
18427,1_1_1_0,5,3.0,0.05
18428,1_0_0_0,3,2.0,0.05
18429,3_4_1_0,5,3.0,0.05
18430,2_2_0_0,3,2.0,0.05
18431,1_4_0_0,3,2.0,0.05
18432,1_6_0_0,2,2.0,0.05
18433,3_4_0_1,4,1.5,0.05
18434,3_1_1_0,0,3.0,0.05
18435,1_7_1_1,0,9.0,0.05
18436,3_0_0_0,5,2.0,0.05
18437,1_6_1_0,1,6.0,0.05
18438,2_3_1_0,1,6.0,0.05
18439,2_4_1_1,0,5.0,0.05
18440,1_7_1_1,0,9.0,0.05
18441,2_2_0_1,4,1.5,0.05
18442,3_1_1_1,0,9.0,0.05
18443,1_6_0_0,2,2.0,0.05
18444,3_3_0_1,1,3.0,0.05
18445,1_2_1_0,1,6.0,0.05
18446,2_7_0_0,3,2.0,0.05
18447,3_5_0_1,0,1.5,0.05
18448,1_6_1_0,1,6.0,0.05
18449,2_5_0_1,4,1.5,0.05
18450,1_1_1_1,0,9.0,0.05
18451,3_5_0_0,3,2.0,0.05
18452,1_1_0_1,0,1.5,0.05
18453,3_7_0_1,3,1.0,0.05
18454,3_0_1_1,0,5.0,0.05
18455,3_4_0_0,5,2.0,0.05
18456,1_2_0_0,3,2.0,0.05
18457,1_5_0_1,0,1.5,0.05
18458,2_5_1_1,0,9.0,0.05
18459,3_3_1_0,0,3.0,0.05
18460,3_1_0_1,0,1.5,0.05
18461,1_1_0_0,3,2.0,0.05
18462,3_0_0_0,5,2.0,0.05
18463,3_5_1_1,0,9.0,0.05
18464,2_5_0_0,5,2.0,0.05
18465,3_5_0_0,3,2.0,0.05
18466,1_2_1_0,1,6.0,0.05
18467,1_5_1_1,0,9.0,0.05
18468,2_7_1_1,0,9.0,0.05
18469,1_6_0_0,2,2.0,0.05
18470,1_2_0_0,3,2.0,0.05
18471,3_4_0_0,5,2.0,0.05
18472,3_2_1_1,1,9.0,0.05
18473,2_6_1_0,1,6.0,0.05
18474,1_4_1_1,4,7.0,0.05
18475,1_4_0_1,3,1.0,0.05
18476,2_0_0_1,4,1.5,0.05
18477,1_6_0_0,2,2.0,0.05
18478,1_4_1_0,5,3.0,0.05
18479,3_6_0_0,5,2.0,0.05
18480,2_0_0_0,5,2.0,0.05
18481,3_3_1_1,1,9.0,0.05
18482,3_0_1_1,0,5.0,0.05
18483,1_3_0_1,1,3.0,0.05
18484,3_6_1_0,1,6.0,0.05
18485,3_2_1_0,1,6.0,0.05
18486,2_4_1_0,1,2.0,0.05
18487,3_5_1_1,0,9.0,0.05
18488,3_7_1_1,4,7.0,0.05
18489,1_6_1_1,4,7.0,0.05
18490,2_7_0_0,3,2.0,0.05
18491,3_5_1_0,0,3.0,0.05
18492,1_3_1_1,4,7.0,0.05
18493,2_3_0_0,3,2.0,0.05
18494,1_5_0_0,3,2.0,0.05
18495,3_0_0_0,5,2.0,0.05
18496,3_0_1_0,4,1.0,0.05
18497,1_1_0_1,0,1.5,0.05
18498,2_2_1_0,1,6.0,0.05
18499,2_3_0_0,3,2.0,0.05
18500,3_6_1_1,4,7.0,0.05
18501,3_0_0_1,3,1.0,0.05
18502,1_7_0_0,2,2.0,0.05
18503,1_6_0_0,2,2.0,0.05
18504,3_1_1_0,0,3.0,0.05
18505,1_6_1_1,4,7.0,0.05
18506,3_5_1_1,0,9.0,0.05
18507,3_2_0_1,4,1.5,0.05
18508,2_7_1_1,0,9.0,0.05
18509,1_7_1_1,0,9.0,0.05
18510,1_5_0_1,0,1.5,0.05
18511,3_7_1_0,1,6.0,0.05
18512,1_5_0_0,3,2.0,0.05
18513,3_2_1_1,1,9.0,0.05
18514,3_0_0_1,3,1.0,0.05
18515,3_6_0_1,1,3.0,0.05
18516,2_5_1_1,0,9.0,0.05
18517,1_7_0_1,1,3.0,0.05
18518,3_7_1_1,4,7.0,0.05
18519,3_5_0_0,3,2.0,0.05
18520,1_7_1_1,0,9.0,0.05
18521,1_1_0_0,3,2.0,0.05
18522,1_2_0_1,3,1.0,0.05
18523,2_5_0_1,4,1.5,0.05
18524,2_7_0_1,1,3.0,0.05
18525,2_3_1_1,0,9.0,0.05
18526,3_7_1_0,1,6.0,0.05
18527,1_0_1_0,5,3.0,0.05
18528,3_1_1_1,0,9.0,0.05
18529,1_4_0_1,3,1.0,0.05
18530,3_4_1_0,5,3.0,0.05
18531,2_2_1_1,4,7.0,0.05
18532,1_6_1_1,4,7.0,0.05
18533,1_1_0_0,3,2.0,0.05
18534,3_3_0_1,1,3.0,0.05
18535,1_7_1_0,1,6.0,0.05
18536,2_7_1_0,1,6.0,0.05
18537,1_2_1_1,4,7.0,0.05
18538,2_3_0_0,3,2.0,0.05
18539,2_5_1_1,0,9.0,0.05
18540,3_1_1_0,0,3.0,0.05
18541,2_4_0_0,3,2.0,0.05
18542,2_0_1_0,5,3.0,0.05
18543,2_4_1_0,1,2.0,0.05
18544,3_5_1_0,0,3.0,0.05
18545,2_1_0_1,0,1.5,0.05
18546,3_5_1_0,0,3.0,0.05
18547,1_5_1_1,0,9.0,0.05
18548,2_1_0_0,5,2.0,0.05
18549,3_2_0_0,3,2.0,0.05
18550,1_7_1_1,0,9.0,0.05
18551,2_6_0_0,1,0.0,0.05
18552,1_0_0_0,3,2.0,0.05
18553,2_0_1_1,1,5.0,0.05
18554,3_2_0_1,4,1.5,0.05
18555,3_6_1_1,4,7.0,0.05
18556,3_0_0_0,5,2.0,0.05
18557,2_7_1_0,1,6.0,0.05
18558,3_0_0_1,3,1.0,0.05
18559,3_4_0_1,2,0.0,0.05
18560,3_0_1_1,0,5.0,0.05
18561,2_4_1_1,0,5.0,0.05
18562,2_6_1_0,1,6.0,0.05
18563,2_0_0_1,4,1.5,0.05
18564,2_1_0_1,5,0.0,0.05
18565,3_2_0_0,3,2.0,0.05
18566,2_6_1_1,1,9.0,0.05
18567,2_2_0_1,4,1.5,0.05
18568,3_7_1_1,4,7.0,0.05
18569,2_2_1_1,4,7.0,0.05
18570,3_2_0_0,3,2.0,0.05
18571,2_0_1_0,5,3.0,0.05
18572,1_3_0_1,1,3.0,0.05
18573,1_6_0_0,4,-4.5,0.05
18574,1_0_0_0,3,2.0,0.05
18575,2_2_0_1,4,1.5,0.05
18576,1_4_0_1,3,1.0,0.05
18577,2_7_1_0,1,6.0,0.05
18578,1_5_1_0,1,2.0,0.05
18579,2_6_0_1,4,1.5,0.05
18580,3_0_1_0,4,1.0,0.05
18581,3_6_1_0,1,6.0,0.05
18582,2_0_0_0,5,2.0,0.05
18583,1_3_0_1,1,3.0,0.05
18584,1_1_0_1,0,1.5,0.05
18585,1_2_1_1,4,7.0,0.05
18586,1_6_1_0,1,6.0,0.05
18587,2_1_0_1,0,1.5,0.05
18588,3_7_1_0,1,6.0,0.05
18589,3_3_0_0,5,2.0,0.05
18590,3_3_0_0,5,2.0,0.05
18591,2_7_1_1,3,-15.0,0.05
18592,2_6_1_1,1,9.0,0.05
18593,2_7_0_1,1,3.0,0.05
18594,1_0_0_0,3,2.0,0.05
18595,3_7_0_1,3,1.0,0.05
18596,3_5_0_0,3,2.0,0.05
18597,3_6_1_0,1,6.0,0.05
18598,1_2_1_0,1,6.0,0.05
18599,3_1_0_1,0,1.5,0.05
18600,2_6_0_0,1,0.0,0.05
18601,1_3_0_0,5,2.0,0.05
18602,2_4_1_1,0,5.0,0.05
18603,1_1_1_0,5,3.0,0.05
18604,3_0_1_1,0,5.0,0.05
18605,1_4_1_1,4,7.0,0.05
18606,3_3_0_1,1,3.0,0.05
18607,2_3_0_1,3,1.0,0.05
18608,2_3_0_0,3,2.0,0.05
18609,2_2_0_1,4,1.5,0.05
18610,2_6_0_0,1,0.0,0.05
18611,1_6_1_1,4,7.0,0.05
18612,2_1_0_1,0,1.5,0.05
18613,3_7_1_0,1,6.0,0.05
18614,2_0_0_1,4,1.5,0.05
18615,2_6_0_1,4,1.5,0.05
18616,3_6_1_0,1,6.0,0.05
18617,3_5_0_0,3,2.0,0.05
18618,3_1_1_1,0,9.0,0.05
18619,3_1_0_1,0,1.5,0.05
18620,2_7_0_0,3,2.0,0.05
18621,1_2_0_1,3,1.0,0.05
18622,2_3_0_0,3,2.0,0.05
18623,3_2_0_1,4,1.5,0.05
18624,2_4_0_1,4,1.5,0.05
18625,3_7_1_0,1,6.0,0.05
18626,3_2_1_1,1,9.0,0.05
18627,1_0_1_0,5,3.0,0.05
18628,3_1_1_1,0,9.0,0.05
18629,2_3_1_1,0,9.0,0.05
18630,2_0_1_1,0,5.0,0.05
18631,1_0_0_0,3,2.0,0.05
18632,3_7_1_0,1,6.0,0.05
18633,1_6_1_0,1,6.0,0.05
18634,3_7_1_1,1,9.0,0.05
18635,3_7_1_1,4,7.0,0.05
18636,2_7_1_0,1,6.0,0.05
18637,3_4_1_0,5,3.0,0.05
18638,3_5_0_1,0,1.5,0.05
18639,1_4_1_0,5,3.0,0.05
18640,3_6_0_0,5,2.0,0.05
18641,1_4_1_0,5,3.0,0.05
18642,3_3_0_1,1,3.0,0.05
18643,3_7_1_0,1,6.0,0.05
18644,1_3_1_0,1,6.0,0.05
18645,2_3_1_1,0,9.0,0.05
18646,1_5_0_1,0,1.5,0.05
18647,2_5_0_0,5,2.0,0.05
18648,3_0_1_0,4,1.0,0.05
18649,3_4_1_0,5,3.0,0.05
18650,2_3_1_0,2,-7.0,0.05
18651,1_6_1_1,4,7.0,0.05
18652,2_5_0_0,5,2.0,0.05
18653,1_5_0_0,3,2.0,0.05
18654,3_3_1_1,1,9.0,0.05
18655,3_0_1_1,0,5.0,0.05
18656,1_3_1_1,1,9.0,0.05
18657,1_2_1_1,4,7.0,0.05
18658,3_4_0_1,4,1.5,0.05
18659,1_0_0_1,3,1.0,0.05
18660,1_0_1_1,4,7.0,0.05
18661,2_4_0_0,3,2.0,0.05
18662,3_7_0_1,3,1.0,0.05
18663,1_2_0_1,3,1.0,0.05
18664,1_3_1_1,4,7.0,0.05
18665,3_0_0_0,5,2.0,0.05
18666,1_5_1_0,1,2.0,0.05
18667,1_0_0_0,3,2.0,0.05
18668,3_2_0_0,3,2.0,0.05
18669,1_6_0_0,2,2.0,0.05
18670,1_7_1_1,0,9.0,0.05
18671,1_1_0_1,0,1.5,0.05
18672,1_7_1_0,1,6.0,0.05
18673,1_2_0_0,3,2.0,0.05
18674,1_1_1_1,0,9.0,0.05
18675,2_6_1_0,1,6.0,0.05
18676,3_7_1_0,1,6.0,0.05
18677,3_2_0_1,4,1.5,0.05
18678,2_2_0_0,3,2.0,0.05
18679,2_0_0_1,4,1.5,0.05
18680,2_4_0_1,4,1.5,0.05
18681,1_0_0_1,3,1.0,0.05
18682,3_3_0_0,5,2.0,0.05
18683,2_1_0_0,5,2.0,0.05
18684,3_4_0_1,4,1.5,0.05
18685,1_0_0_0,3,2.0,0.05
18686,2_5_0_0,5,2.0,0.05
18687,1_5_0_1,0,1.5,0.05
18688,2_3_1_0,5,3.0,0.05
18689,3_1_1_1,3,-15.0,0.05
18690,3_6_1_1,4,7.0,0.05
18691,2_2_0_0,3,2.0,0.05
18692,3_2_0_1,4,1.5,0.05
18693,3_7_0_0,2,2.0,0.05
18694,3_3_0_1,1,3.0,0.05
18695,1_5_0_0,3,2.0,0.05
18696,2_5_0_1,4,1.5,0.05
18697,1_2_1_1,4,7.0,0.05
18698,3_2_1_0,4,1.0,0.05
18699,1_6_0_1,1,3.0,0.05
18700,1_7_0_0,2,2.0,0.05
18701,1_0_0_0,3,2.0,0.05
18702,2_6_0_0,1,0.0,0.05
18703,2_0_0_0,5,2.0,0.05
18704,2_2_1_1,4,7.0,0.05
18705,1_5_0_1,0,1.5,0.05
18706,2_5_0_1,4,1.5,0.05
18707,1_3_1_0,1,6.0,0.05
18708,1_0_1_1,4,7.0,0.05
18709,1_5_0_0,3,2.0,0.05
18710,1_4_1_0,5,3.0,0.05
18711,2_3_1_1,0,9.0,0.05
18712,2_7_0_0,3,2.0,0.05
18713,2_2_0_1,4,1.5,0.05
18714,1_0_0_1,3,1.0,0.05
18715,1_1_0_1,0,1.5,0.05
18716,3_1_0_0,3,2.0,0.05
18717,1_6_1_0,1,6.0,0.05
18718,2_3_1_0,1,6.0,0.05
18719,1_5_1_1,0,9.0,0.05
18720,3_2_1_0,1,6.0,0.05
18721,2_0_0_1,4,1.5,0.05
18722,1_3_1_0,1,6.0,0.05
18723,2_1_0_1,0,1.5,0.05
18724,1_6_0_0,2,2.0,0.05
18725,1_3_0_1,1,3.0,0.05
18726,1_3_0_1,1,3.0,0.05
18727,1_2_1_0,1,6.0,0.05
18728,1_3_0_0,5,2.0,0.05
18729,3_7_1_1,4,7.0,0.05
18730,3_3_0_1,1,3.0,0.05
18731,1_5_0_0,3,2.0,0.05
18732,2_0_0_0,5,2.0,0.05
18733,3_7_1_1,4,7.0,0.05
18734,2_1_1_1,4,7.0,0.05
18735,2_6_0_0,1,0.0,0.05
18736,3_1_0_0,3,2.0,0.05
18737,2_7_0_0,1,0.0,0.05
18738,3_1_1_0,0,3.0,0.05
18739,1_4_1_0,5,3.0,0.05
18740,3_7_1_1,4,7.0,0.05
18741,1_0_1_0,5,3.0,0.05
18742,1_6_0_1,1,3.0,0.05
18743,2_2_0_1,4,1.5,0.05
18744,2_6_1_1,1,9.0,0.05
18745,1_0_1_1,4,7.0,0.05
18746,2_2_1_1,4,7.0,0.05
18747,1_4_1_1,4,7.0,0.05
18748,3_1_0_0,3,2.0,0.05
18749,2_0_0_0,5,2.0,0.05
18750,1_5_1_1,0,9.0,0.05
18751,1_6_0_0,2,2.0,0.05
18752,2_3_0_0,3,2.0,0.05
18753,1_5_1_1,0,9.0,0.05
18754,2_3_0_1,3,1.0,0.05
18755,3_1_1_1,0,9.0,0.05
18756,1_4_1_0,5,3.0,0.05
18757,2_5_1_0,1,2.0,0.05
18758,1_1_1_0,5,3.0,0.05
18759,3_7_1_0,1,6.0,0.05
18760,2_2_0_0,3,2.0,0.05
18761,1_0_0_1,3,1.0,0.05
18762,1_4_0_1,3,1.0,0.05
18763,2_3_0_0,3,2.0,0.05
18764,3_1_0_1,0,1.5,0.05
18765,2_0_1_1,1,5.0,0.05
18766,3_7_1_1,4,7.0,0.05
18767,2_7_1_0,1,6.0,0.05
18768,1_2_0_1,3,1.0,0.05
18769,1_6_0_1,1,3.0,0.05
18770,1_0_1_1,4,7.0,0.05
18771,3_0_1_0,4,1.0,0.05
18772,1_5_0_1,0,1.5,0.05
18773,2_0_0_1,4,1.5,0.05
18774,3_3_1_1,1,9.0,0.05
18775,3_6_0_1,1,3.0,0.05
18776,3_5_0_1,0,1.5,0.05
18777,2_7_1_0,1,6.0,0.05
18778,2_3_0_0,3,2.0,0.05
18779,1_1_1_0,5,3.0,0.05
18780,2_3_0_0,3,2.0,0.05
18781,3_6_1_0,1,6.0,0.05
18782,2_6_1_1,1,9.0,0.05
18783,3_4_1_1,0,5.0,0.05
18784,3_2_0_1,4,1.5,0.05
18785,1_2_1_1,4,7.0,0.05
18786,3_0_0_1,3,1.0,0.05
18787,2_1_1_1,4,7.0,0.05
18788,2_3_1_0,1,6.0,0.05
18789,1_4_0_1,3,1.0,0.05
18790,3_3_1_0,0,3.0,0.05
18791,1_3_1_1,4,7.0,0.05
18792,2_0_1_0,5,3.0,0.05
18793,1_4_1_0,5,3.0,0.05
18794,1_4_1_1,4,7.0,0.05
18795,3_3_0_1,1,3.0,0.05
18796,3_3_1_1,1,9.0,0.05
18797,3_0_1_0,4,1.0,0.05
18798,1_5_0_1,0,1.5,0.05
18799,2_1_1_0,5,3.0,0.05
18800,1_7_0_1,1,3.0,0.05
18801,1_3_1_1,4,7.0,0.05
18802,1_3_1_0,1,6.0,0.05
18803,2_6_1_1,1,9.0,0.05
18804,1_1_1_0,5,3.0,0.05
18805,2_4_1_1,0,5.0,0.05
18806,2_2_0_1,4,1.5,0.05
18807,1_3_1_1,4,7.0,0.05
18808,2_7_1_0,1,6.0,0.05
18809,3_2_1_0,1,6.0,0.05
18810,2_7_0_1,1,3.0,0.05
18811,2_6_1_1,1,9.0,0.05
18812,3_0_0_1,3,1.0,0.05
18813,3_7_0_1,3,1.0,0.05
18814,1_6_0_0,2,2.0,0.05
18815,2_5_1_1,0,9.0,0.05
18816,1_4_1_1,4,7.0,0.05
18817,2_1_1_0,5,3.0,0.05
18818,1_4_1_0,5,3.0,0.05
18819,3_4_0_0,5,2.0,0.05
18820,1_1_1_0,5,3.0,0.05
18821,3_3_1_1,1,9.0,0.05
18822,3_3_0_0,5,2.0,0.05
18823,2_1_1_1,4,7.0,0.05
18824,3_2_0_1,4,1.5,0.05
18825,2_2_0_0,3,2.0,0.05
18826,1_0_0_0,3,2.0,0.05
18827,2_6_0_0,1,0.0,0.05
18828,2_6_0_0,1,0.0,0.05
18829,3_6_0_1,1,3.0,0.05
18830,1_6_0_1,1,3.0,0.05
18831,2_4_1_0,1,2.0,0.05
18832,1_3_1_1,4,7.0,0.05
18833,1_7_1_0,1,6.0,0.05
18834,2_4_0_1,4,1.5,0.05
18835,1_6_1_1,4,7.0,0.05
18836,2_2_0_0,3,2.0,0.05
18837,1_0_0_0,3,2.0,0.05
18838,2_4_0_0,3,2.0,0.05
18839,2_3_1_0,1,6.0,0.05
18840,1_4_0_0,3,2.0,0.05
18841,1_4_1_0,5,3.0,0.05
18842,1_3_1_0,1,6.0,0.05
18843,3_7_1_0,1,6.0,0.05
18844,2_3_1_1,0,9.0,0.05
18845,1_4_1_1,4,7.0,0.05
18846,1_7_1_0,1,6.0,0.05
18847,3_6_1_1,4,7.0,0.05
18848,1_5_0_0,3,2.0,0.05
18849,2_6_1_1,1,9.0,0.05
18850,1_1_0_1,0,1.5,0.05
18851,3_1_0_0,3,2.0,0.05
18852,3_7_0_0,2,2.0,0.05
18853,2_4_1_1,0,5.0,0.05
18854,3_7_0_1,3,1.0,0.05
18855,3_4_0_1,4,1.5,0.05
18856,2_5_0_1,4,1.5,0.05
18857,3_4_0_1,0,-2.5,0.05
18858,3_4_0_1,4,1.5,0.05
18859,1_7_0_1,1,3.0,0.05
18860,1_3_1_0,1,6.0,0.05
18861,3_5_1_0,0,3.0,0.05
18862,3_0_1_0,4,1.0,0.05
18863,3_2_1_1,1,9.0,0.05
18864,2_3_1_0,1,6.0,0.05
18865,3_2_0_0,3,2.0,0.05
18866,1_6_1_0,1,6.0,0.05
18867,1_7_0_1,1,3.0,0.05
18868,1_7_0_0,2,2.0,0.05
18869,3_5_1_0,0,3.0,0.05
18870,2_6_0_1,4,1.5,0.05
18871,1_6_0_0,2,2.0,0.05
18872,2_4_1_1,0,5.0,0.05
18873,2_0_1_0,5,3.0,0.05
18874,2_1_1_0,5,3.0,0.05
18875,3_6_1_1,4,7.0,0.05
18876,1_7_1_1,0,9.0,0.05
18877,2_7_1_1,0,9.0,0.05
18878,1_4_0_1,3,1.0,0.05
18879,1_1_1_0,5,3.0,0.05
18880,1_0_0_1,3,1.0,0.05
18881,2_2_1_1,4,7.0,0.05
18882,1_3_0_1,1,3.0,0.05
18883,3_1_1_0,0,3.0,0.05
18884,1_7_1_0,1,6.0,0.05
18885,1_6_0_0,2,2.0,0.05
18886,3_0_1_0,4,1.0,0.05
18887,2_1_0_0,5,2.0,0.05
18888,3_4_1_0,5,3.0,0.05
18889,1_1_0_0,3,2.0,0.05
18890,3_2_0_0,3,2.0,0.05
18891,1_6_1_1,4,7.0,0.05
18892,3_3_1_1,1,9.0,0.05
18893,1_1_0_0,3,2.0,0.05
18894,3_7_0_1,3,1.0,0.05
18895,2_6_1_0,1,6.0,0.05
18896,2_2_1_0,1,6.0,0.05
18897,1_5_1_1,0,9.0,0.05
18898,3_4_1_0,5,3.0,0.05
18899,3_1_0_1,0,1.5,0.05
18900,2_0_1_0,5,3.0,0.05
18901,3_1_0_1,0,1.5,0.05
18902,3_5_0_0,3,2.0,0.05
18903,2_5_0_0,5,2.0,0.05
18904,1_0_1_1,4,7.0,0.05
18905,3_6_1_1,4,7.0,0.05
18906,3_1_1_1,0,9.0,0.05
18907,2_6_0_0,1,0.0,0.05
18908,2_4_0_0,3,2.0,0.05
18909,1_1_0_0,3,2.0,0.05
18910,1_6_0_1,1,3.0,0.05
18911,2_7_0_0,3,2.0,0.05
18912,2_5_0_0,5,2.0,0.05
18913,1_7_1_0,1,6.0,0.05
18914,2_2_1_1,4,7.0,0.05
18915,1_2_0_0,3,2.0,0.05
18916,2_3_1_1,5,1.0,0.05
18917,2_1_0_1,0,1.5,0.05
18918,1_7_0_0,2,2.0,0.05
18919,2_6_1_0,1,6.0,0.05
18920,1_0_0_1,3,1.0,0.05
18921,1_1_1_1,0,9.0,0.05
18922,1_3_0_1,1,3.0,0.05
18923,2_0_1_1,1,5.0,0.05
18924,2_1_0_1,0,1.5,0.05
18925,1_5_1_1,0,9.0,0.05
18926,1_3_0_1,1,3.0,0.05
18927,2_0_0_1,4,1.5,0.05
18928,1_3_0_1,1,3.0,0.05
18929,2_4_1_1,0,5.0,0.05
18930,1_4_1_0,5,3.0,0.05
18931,2_7_0_1,1,3.0,0.05
18932,2_1_0_0,5,2.0,0.05
18933,2_5_0_1,4,1.5,0.05
18934,3_1_0_1,0,1.5,0.05
18935,2_5_0_1,4,1.5,0.05
18936,2_7_1_1,0,9.0,0.05
18937,2_3_1_0,1,6.0,0.05
18938,2_7_1_0,1,6.0,0.05
18939,1_3_0_0,5,2.0,0.05
18940,3_1_0_1,0,1.5,0.05
18941,1_0_1_0,5,3.0,0.05
18942,2_3_0_0,3,2.0,0.05
18943,3_1_0_0,3,2.0,0.05
18944,2_5_0_0,5,2.0,0.05
18945,3_2_0_0,3,2.0,0.05
18946,2_1_0_1,0,1.5,0.05
18947,2_4_1_1,0,5.0,0.05
18948,2_4_1_0,1,2.0,0.05
18949,1_3_1_1,1,9.0,0.05
18950,2_6_1_1,1,9.0,0.05
18951,2_1_1_0,5,3.0,0.05
18952,3_5_0_1,0,1.5,0.05
18953,3_2_1_1,1,9.0,0.05
18954,1_3_0_1,1,3.0,0.05
18955,2_3_1_0,1,6.0,0.05
18956,2_0_1_0,5,3.0,0.05
18957,3_7_1_1,4,7.0,0.05
18958,2_2_1_0,1,6.0,0.05
18959,2_0_0_1,4,1.5,0.05
18960,2_5_0_0,5,2.0,0.05
18961,3_6_1_0,1,6.0,0.05
18962,3_4_1_1,0,5.0,0.05
18963,3_3_0_1,1,3.0,0.05
18964,1_2_1_1,4,7.0,0.05
18965,2_2_1_1,4,7.0,0.05
18966,3_2_0_0,3,2.0,0.05
18967,3_7_1_1,4,7.0,0.05
18968,3_3_1_0,0,3.0,0.05
18969,2_7_1_1,0,9.0,0.05
18970,3_6_1_1,4,7.0,0.05
18971,2_3_0_0,3,2.0,0.05
18972,2_4_0_0,3,2.0,0.05
18973,1_0_1_0,5,3.0,0.05
18974,2_0_1_1,1,5.0,0.05
18975,3_4_1_1,0,5.0,0.05
18976,2_7_0_0,3,2.0,0.05
18977,2_5_0_0,5,2.0,0.05
18978,1_0_1_1,4,7.0,0.05
18979,1_3_0_1,1,3.0,0.05
18980,3_4_1_0,5,3.0,0.05
18981,1_3_0_1,1,3.0,0.05
18982,2_4_1_0,1,2.0,0.05
18983,1_6_1_1,3,-15.0,0.05
18984,1_4_0_0,3,2.0,0.05
18985,3_4_0_0,5,2.0,0.05
18986,3_6_0_1,1,3.0,0.05
18987,2_4_0_0,3,2.0,0.05
18988,3_0_1_1,0,5.0,0.05
18989,2_2_0_1,4,1.5,0.05
18990,2_0_0_0,5,2.0,0.05
18991,3_5_0_0,3,2.0,0.05
18992,3_0_1_1,0,5.0,0.05
18993,1_5_1_0,1,2.0,0.05
18994,2_6_1_1,1,9.0,0.05
18995,1_7_0_0,2,2.0,0.05
18996,2_2_0_0,3,2.0,0.05
18997,3_5_0_1,0,1.5,0.05
18998,1_3_1_0,1,6.0,0.05
18999,1_6_0_1,1,3.0,0.05
19000,1_4_0_1,3,1.0,0.05
19001,3_1_0_1,0,1.5,0.05
19002,3_4_1_1,0,5.0,0.05
19003,2_3_1_1,0,9.0,0.05
19004,2_3_1_1,0,9.0,0.05
19005,3_7_0_0,0,-4.5,0.05
19006,2_3_0_0,3,2.0,0.05
19007,1_4_1_0,5,3.0,0.05
19008,2_7_1_1,0,9.0,0.05
19009,1_1_0_0,3,2.0,0.05
19010,2_7_0_1,1,3.0,0.05
19011,3_1_0_0,3,2.0,0.05
19012,2_5_0_0,5,2.0,0.05
19013,1_0_0_1,1,-1.0,0.05
19014,1_1_1_0,5,3.0,0.05
19015,1_0_0_1,3,1.0,0.05
19016,1_0_1_0,5,3.0,0.05
19017,2_7_1_1,0,9.0,0.05
19018,1_6_1_0,1,6.0,0.05
19019,3_1_1_0,0,3.0,0.05
19020,3_1_0_1,0,1.5,0.05
19021,1_6_1_0,1,6.0,0.05
19022,3_6_0_1,2,0.0,0.05
19023,1_2_0_0,3,2.0,0.05
19024,1_6_1_0,1,6.0,0.05
19025,2_1_0_0,5,2.0,0.05
19026,3_1_0_1,0,1.5,0.05
19027,2_1_0_0,5,2.0,0.05
19028,2_0_0_0,5,2.0,0.05
19029,2_4_1_0,1,2.0,0.05
19030,1_0_1_0,5,3.0,0.05
19031,3_0_1_0,4,1.0,0.05
19032,2_7_1_1,0,9.0,0.05
19033,3_3_1_1,1,9.0,0.05
19034,3_4_1_0,5,3.0,0.05
19035,1_3_0_1,1,3.0,0.05
19036,3_3_0_1,1,3.0,0.05
19037,2_0_0_1,4,1.5,0.05
19038,1_3_1_1,4,7.0,0.05
19039,3_4_0_0,5,2.0,0.05
19040,3_1_0_1,0,1.5,0.05
19041,1_2_1_0,1,6.0,0.05
19042,2_6_0_1,4,1.5,0.05
19043,1_6_0_1,1,3.0,0.05
19044,1_5_1_0,1,2.0,0.05
19045,2_3_0_1,3,1.0,0.05
19046,2_0_0_0,5,2.0,0.05
19047,2_2_0_0,1,0.0,0.05
19048,1_7_0_0,2,2.0,0.05
19049,2_7_1_1,1,9.0,0.05
19050,2_5_0_1,4,1.5,0.05
19051,3_2_1_0,1,6.0,0.05
19052,1_0_0_1,3,1.0,0.05
19053,2_4_0_1,4,1.5,0.05
19054,2_6_1_1,1,9.0,0.05
19055,3_7_0_0,2,2.0,0.05
19056,3_4_1_0,5,3.0,0.05
19057,1_3_1_0,1,6.0,0.05
19058,1_1_0_1,0,1.5,0.05
19059,1_2_1_0,5,3.0,0.05
19060,2_5_0_0,5,2.0,0.05
19061,2_2_0_0,3,2.0,0.05
19062,2_5_0_0,5,2.0,0.05
19063,3_6_1_1,4,7.0,0.05
19064,3_2_0_0,3,2.0,0.05
19065,2_0_1_1,5,1.0,0.05
19066,1_6_0_1,1,3.0,0.05
19067,3_7_1_0,1,6.0,0.05
19068,2_7_1_1,4,7.0,0.05
19069,3_0_1_1,2,-9.0,0.05
19070,1_2_0_0,3,2.0,0.05
19071,1_5_1_0,1,2.0,0.05
19072,2_4_0_0,3,2.0,0.05
19073,2_1_0_1,0,1.5,0.05
19074,2_1_1_1,4,7.0,0.05
19075,1_6_0_0,2,2.0,0.05
19076,2_2_1_1,4,7.0,0.05
19077,2_0_0_0,5,2.0,0.05
19078,1_5_0_0,3,2.0,0.05
19079,3_6_1_0,1,6.0,0.05
19080,2_6_1_0,1,6.0,0.05
19081,1_0_0_0,3,2.0,0.05
19082,3_2_0_0,3,2.0,0.05
19083,1_4_1_1,4,7.0,0.05
19084,2_6_1_0,1,6.0,0.05
19085,3_2_1_0,1,6.0,0.05
19086,1_7_0_1,1,3.0,0.05
19087,2_6_1_0,1,6.0,0.05
19088,3_1_0_1,0,1.5,0.05
19089,3_0_0_0,5,2.0,0.05
19090,1_6_1_1,4,7.0,0.05
19091,1_1_0_1,0,1.5,0.05
19092,3_1_1_1,0,9.0,0.05
19093,2_1_0_1,0,1.5,0.05
19094,2_2_0_1,4,1.5,0.05
19095,2_4_1_0,1,2.0,0.05
19096,1_0_1_0,5,3.0,0.05
19097,2_5_1_1,0,9.0,0.05
19098,2_4_0_1,4,1.5,0.05
19099,2_3_1_1,0,9.0,0.05
19100,3_4_0_0,5,2.0,0.05
19101,3_3_0_0,5,2.0,0.05
19102,3_0_0_1,3,1.0,0.05
19103,2_2_0_0,3,2.0,0.05
19104,1_1_0_0,3,2.0,0.05
19105,1_6_0_0,2,2.0,0.05
19106,1_2_0_1,3,1.0,0.05
19107,1_3_0_0,5,2.0,0.05
19108,2_5_1_0,1,2.0,0.05
19109,2_4_1_0,1,2.0,0.05
19110,3_2_0_1,4,1.5,0.05
19111,3_2_1_0,1,6.0,0.05
19112,1_2_0_1,3,1.0,0.05
19113,3_7_1_1,4,7.0,0.05
19114,2_0_1_0,5,3.0,0.05
19115,1_1_0_0,3,2.0,0.05
19116,1_4_1_0,5,3.0,0.05
19117,1_3_0_1,1,3.0,0.05
19118,3_7_1_1,4,7.0,0.05
19119,1_3_1_1,4,7.0,0.05
19120,1_6_1_1,4,7.0,0.05
19121,3_2_1_1,1,9.0,0.05
19122,2_2_1_0,1,6.0,0.05
19123,1_3_0_1,1,3.0,0.05
19124,2_1_0_0,5,2.0,0.05
19125,1_4_1_0,5,3.0,0.05
19126,1_2_0_1,3,1.0,0.05
19127,3_6_1_1,4,7.0,0.05
19128,1_1_0_1,0,1.5,0.05
19129,3_0_0_0,5,2.0,0.05
19130,1_2_1_0,1,6.0,0.05
19131,1_5_0_0,3,2.0,0.05
19132,1_5_1_0,0,3.0,0.05
19133,3_4_0_0,5,2.0,0.05
19134,2_6_1_0,1,6.0,0.05
19135,2_3_0_1,3,1.0,0.05
19136,1_1_0_0,3,2.0,0.05
19137,3_3_1_1,1,9.0,0.05
19138,1_3_1_1,4,7.0,0.05
19139,2_2_0_1,4,1.5,0.05
19140,3_2_1_1,1,9.0,0.05
19141,3_2_0_1,4,1.5,0.05
19142,3_6_1_1,4,7.0,0.05
19143,2_7_0_0,3,2.0,0.05
19144,2_0_0_1,4,1.5,0.05
19145,2_1_0_1,0,1.5,0.05
19146,1_3_1_1,4,7.0,0.05
19147,1_0_0_1,3,1.0,0.05
19148,3_2_1_0,1,6.0,0.05
19149,1_2_1_1,4,7.0,0.05
19150,1_7_0_1,1,3.0,0.05
19151,3_0_1_0,4,1.0,0.05
19152,2_2_0_0,3,2.0,0.05
19153,3_7_0_1,3,1.0,0.05
19154,2_3_1_0,1,6.0,0.05
19155,3_1_1_1,0,9.0,0.05
19156,1_7_0_1,1,3.0,0.05
19157,1_6_1_1,5,1.0,0.05
19158,2_6_0_1,4,1.5,0.05
19159,1_6_1_0,1,6.0,0.05
19160,3_6_0_0,5,2.0,0.05
19161,2_7_0_1,1,3.0,0.05
19162,3_0_1_0,4,1.0,0.05
19163,2_3_0_1,3,1.0,0.05
19164,2_1_0_0,5,2.0,0.05
19165,2_0_1_0,5,3.0,0.05
19166,2_5_0_1,4,1.5,0.05
19167,3_3_1_0,0,3.0,0.05
19168,2_7_0_1,1,3.0,0.05
19169,3_7_0_0,2,2.0,0.05
19170,3_3_1_0,0,3.0,0.05
19171,1_0_0_0,3,2.0,0.05
19172,2_2_0_1,4,1.5,0.05
19173,2_5_0_1,4,1.5,0.05
19174,1_7_0_1,1,3.0,0.05
19175,1_7_0_1,1,3.0,0.05
19176,3_7_0_1,3,1.0,0.05
19177,2_7_1_0,1,6.0,0.05
19178,1_2_0_0,3,2.0,0.05
19179,2_2_0_0,3,2.0,0.05
19180,1_2_1_0,1,6.0,0.05
19181,2_1_1_1,4,7.0,0.05
19182,3_7_1_1,4,7.0,0.05
19183,2_0_1_0,5,3.0,0.05
19184,1_4_0_0,3,2.0,0.05
19185,2_1_0_0,5,2.0,0.05
19186,3_4_1_0,5,3.0,0.05
19187,1_0_0_0,0,-8.5,0.05
19188,2_4_1_1,0,5.0,0.05
19189,3_6_0_0,5,2.0,0.05
19190,1_4_1_0,5,3.0,0.05
19191,1_1_1_1,0,9.0,0.05
19192,1_7_1_0,1,6.0,0.05
19193,2_3_0_0,3,2.0,0.05
19194,3_2_1_0,5,3.0,0.05
19195,2_1_1_0,5,3.0,0.05
19196,3_5_0_1,0,1.5,0.05
19197,1_0_1_0,5,3.0,0.05
19198,3_5_0_1,0,1.5,0.05
19199,2_5_1_0,1,2.0,0.05
19200,1_5_0_0,3,2.0,0.05
19201,1_7_0_1,1,3.0,0.05
19202,3_0_0_0,5,2.0,0.05
19203,2_2_1_1,4,7.0,0.05
19204,3_1_0_0,3,2.0,0.05
19205,3_2_0_1,4,1.5,0.05
19206,1_0_0_1,3,1.0,0.05
19207,3_3_1_1,1,9.0,0.05
19208,1_7_0_0,2,2.0,0.05
19209,1_4_0_1,3,1.0,0.05
19210,1_5_1_1,0,9.0,0.05
19211,1_5_1_0,1,2.0,0.05
19212,3_5_1_1,0,9.0,0.05
19213,2_6_1_1,1,9.0,0.05
19214,3_0_1_0,4,1.0,0.05
19215,3_5_0_0,3,2.0,0.05
19216,3_1_1_0,0,3.0,0.05
19217,2_1_1_0,5,3.0,0.05
19218,2_5_0_0,5,2.0,0.05
19219,2_7_1_1,0,9.0,0.05
19220,2_3_0_1,3,1.0,0.05
19221,1_2_1_1,4,7.0,0.05
19222,1_7_1_0,1,6.0,0.05
19223,2_2_0_1,4,1.5,0.05
19224,2_0_1_0,5,3.0,0.05
19225,3_0_1_0,4,1.0,0.05
19226,3_4_0_0,5,2.0,0.05
19227,2_2_1_1,4,7.0,0.05
19228,2_6_0_0,1,0.0,0.05
19229,2_0_0_1,4,1.5,0.05
19230,3_2_1_1,1,9.0,0.05
19231,1_7_1_1,0,9.0,0.05
19232,3_0_0_0,5,2.0,0.05
19233,2_4_1_0,1,2.0,0.05
19234,3_5_0_0,3,2.0,0.05
19235,1_2_0_0,3,2.0,0.05
19236,2_0_0_0,5,2.0,0.05
19237,3_2_0_0,3,2.0,0.05
19238,2_0_1_0,5,3.0,0.05
19239,1_4_1_1,4,7.0,0.05
19240,2_4_1_1,0,5.0,0.05
19241,2_1_0_0,5,2.0,0.05
19242,2_3_1_0,1,6.0,0.05
19243,3_6_0_0,5,2.0,0.05
19244,2_4_0_0,3,2.0,0.05
19245,1_6_1_0,1,6.0,0.05
19246,1_3_1_0,1,6.0,0.05
19247,3_0_0_0,5,2.0,0.05
19248,3_3_1_1,1,9.0,0.05
19249,1_4_1_1,4,7.0,0.05
19250,2_3_1_0,1,6.0,0.05
19251,3_7_1_0,1,6.0,0.05
19252,1_6_0_0,2,2.0,0.05
19253,3_6_1_1,4,7.0,0.05
19254,3_3_0_1,0,1.5,0.05
19255,2_6_1_0,1,6.0,0.05
19256,1_5_1_0,1,2.0,0.05
19257,1_4_1_0,5,3.0,0.05
19258,1_3_1_1,4,7.0,0.05
19259,1_7_0_1,1,3.0,0.05
19260,1_3_0_0,5,2.0,0.05
19261,3_2_1_0,1,6.0,0.05
19262,1_4_0_1,3,1.0,0.05
19263,3_1_0_1,0,1.5,0.05
19264,2_2_1_0,1,6.0,0.05
19265,2_7_1_1,0,9.0,0.05
19266,2_4_0_0,3,2.0,0.05
19267,2_5_0_0,3,2.0,0.05
19268,1_5_1_0,3,-14.0,0.05
19269,3_5_1_0,0,3.0,0.05
19270,2_0_1_1,1,5.0,0.05
19271,1_3_0_1,1,3.0,0.05
19272,1_0_0_1,3,1.0,0.05
19273,3_1_1_1,4,7.0,0.05
19274,3_7_0_0,5,2.0,0.05
19275,3_3_0_1,1,3.0,0.05
19276,2_3_1_1,0,9.0,0.05
19277,1_0_1_0,5,3.0,0.05
19278,2_5_0_0,5,2.0,0.05
19279,1_7_1_1,0,9.0,0.05
19280,2_7_1_0,1,6.0,0.05
19281,2_4_1_0,1,2.0,0.05
19282,3_3_0_1,1,3.0,0.05
19283,2_4_0_0,3,2.0,0.05
19284,3_0_1_1,0,5.0,0.05
19285,2_7_0_0,3,2.0,0.05
19286,3_3_0_1,1,3.0,0.05
19287,1_7_1_0,0,3.0,0.05
19288,3_5_1_1,0,9.0,0.05
19289,2_0_1_0,5,3.0,0.05
19290,1_2_1_0,1,6.0,0.05
19291,1_7_0_0,2,2.0,0.05
19292,1_2_0_0,3,2.0,0.05
19293,2_6_1_1,1,9.0,0.05
19294,3_6_0_1,1,3.0,0.05
19295,2_6_0_1,4,1.5,0.05
19296,1_0_0_1,3,1.0,0.05
19297,1_5_1_1,0,9.0,0.05
19298,3_3_1_0,0,3.0,0.05
19299,1_0_1_0,5,3.0,0.05
19300,1_5_0_0,3,2.0,0.05
19301,1_2_1_1,4,7.0,0.05
19302,1_7_0_1,1,3.0,0.05
19303,1_7_0_0,2,2.0,0.05
19304,2_4_0_1,4,1.5,0.05
19305,2_2_0_0,3,2.0,0.05
19306,1_7_1_1,0,9.0,0.05
19307,1_0_0_0,3,2.0,0.05
19308,3_4_1_0,5,3.0,0.05
19309,2_0_0_0,5,2.0,0.05
19310,3_5_0_0,3,2.0,0.05
19311,1_0_1_1,4,7.0,0.05
19312,2_3_0_1,3,1.0,0.05
19313,2_7_0_0,3,2.0,0.05
19314,1_2_1_0,1,6.0,0.05
19315,2_3_1_0,1,6.0,0.05
19316,2_3_0_1,3,1.0,0.05
19317,2_1_1_0,5,3.0,0.05
19318,2_7_0_1,1,3.0,0.05
19319,1_3_1_0,1,6.0,0.05
19320,2_5_1_0,1,2.0,0.05
19321,3_3_0_0,5,2.0,0.05
19322,2_0_1_0,5,3.0,0.05
19323,3_4_1_1,0,5.0,0.05
19324,2_0_0_1,4,1.5,0.05
19325,2_0_0_0,5,2.0,0.05
19326,2_3_1_0,1,6.0,0.05
19327,1_2_1_0,1,6.0,0.05
19328,2_7_0_1,1,3.0,0.05
19329,1_5_0_1,0,1.5,0.05
19330,1_0_1_0,5,3.0,0.05
19331,1_4_1_1,4,7.0,0.05
19332,1_5_1_1,0,9.0,0.05
19333,2_7_1_0,1,6.0,0.05
19334,2_4_1_0,1,2.0,0.05
19335,2_7_0_0,3,2.0,0.05
19336,3_0_1_1,0,5.0,0.05
19337,2_0_1_1,1,5.0,0.05
19338,2_3_0_0,3,2.0,0.05
19339,1_3_0_0,5,2.0,0.05
19340,2_0_1_0,5,3.0,0.05
19341,2_6_1_0,1,6.0,0.05
19342,3_0_1_1,0,5.0,0.05
19343,3_6_1_0,1,6.0,0.05
19344,1_1_1_0,5,3.0,0.05
19345,1_3_1_1,4,7.0,0.05
19346,3_7_0_0,2,2.0,0.05
19347,2_0_0_1,4,1.5,0.05
19348,2_0_1_0,5,3.0,0.05
19349,2_3_0_0,3,2.0,0.05
19350,1_6_1_1,4,7.0,0.05
19351,2_2_0_1,4,1.5,0.05
19352,3_6_0_0,5,2.0,0.05
19353,3_5_0_0,3,2.0,0.05
19354,3_6_1_0,1,6.0,0.05
19355,3_7_1_0,1,6.0,0.05
19356,3_3_1_1,1,9.0,0.05
19357,1_2_0_1,3,1.0,0.05
19358,3_7_0_1,3,1.0,0.05
19359,3_6_1_0,1,6.0,0.05
19360,3_5_0_0,3,2.0,0.05
19361,2_3_0_1,3,1.0,0.05
19362,1_5_1_1,0,9.0,0.05
19363,1_3_1_0,1,6.0,0.05
19364,3_6_0_0,5,2.0,0.05
19365,1_5_1_1,0,9.0,0.05
19366,3_5_0_0,3,2.0,0.05
19367,1_6_0_0,2,2.0,0.05
19368,3_3_0_1,1,3.0,0.05
19369,3_6_0_1,1,3.0,0.05
19370,3_5_1_0,0,3.0,0.05
19371,3_1_1_1,0,9.0,0.05
19372,1_3_1_1,4,7.0,0.05
19373,1_4_0_1,3,1.0,0.05
19374,2_6_1_0,1,6.0,0.05
19375,2_0_1_1,1,5.0,0.05
19376,3_5_1_1,0,9.0,0.05
19377,3_2_1_0,1,6.0,0.05
19378,3_6_1_1,4,7.0,0.05
19379,1_1_0_0,3,2.0,0.05
19380,2_2_0_0,3,2.0,0.05
19381,1_0_0_1,3,1.0,0.05
19382,3_6_1_0,1,6.0,0.05
19383,3_2_0_1,4,1.5,0.05
19384,1_6_0_0,2,2.0,0.05
19385,2_2_1_0,1,6.0,0.05
19386,1_4_1_0,5,3.0,0.05
19387,3_0_1_0,4,1.0,0.05
19388,2_6_1_1,1,9.0,0.05
19389,3_7_0_0,2,2.0,0.05
19390,3_1_0_1,0,1.5,0.05
19391,2_3_0_1,3,1.0,0.05
19392,2_4_0_0,3,2.0,0.05
19393,2_1_0_0,5,2.0,0.05
19394,2_2_1_1,4,7.0,0.05
19395,1_6_1_1,4,7.0,0.05
19396,2_0_1_0,5,3.0,0.05
19397,2_1_0_1,0,1.5,0.05
19398,1_3_0_1,1,3.0,0.05
19399,1_6_0_1,1,3.0,0.05
19400,2_5_0_1,4,1.5,0.05
19401,2_5_0_0,5,2.0,0.05
19402,2_1_0_0,5,2.0,0.05
19403,2_7_1_1,0,9.0,0.05
19404,2_6_1_1,1,9.0,0.05
19405,1_5_0_0,3,2.0,0.05
19406,1_7_0_1,1,3.0,0.05
19407,1_2_1_0,1,6.0,0.05
19408,1_1_1_1,0,9.0,0.05
19409,1_1_0_1,0,1.5,0.05
19410,2_7_0_0,3,2.0,0.05
19411,2_5_1_0,1,2.0,0.05
19412,2_7_1_1,0,9.0,0.05
19413,2_0_0_0,5,2.0,0.05
19414,2_1_0_1,0,1.5,0.05
19415,2_6_0_1,4,1.5,0.05
19416,2_4_1_1,0,5.0,0.05
19417,2_4_1_1,0,5.0,0.05
19418,1_6_1_0,1,6.0,0.05
19419,3_1_1_0,0,3.0,0.05
19420,3_2_1_1,1,9.0,0.05
19421,1_5_0_1,0,1.5,0.05
19422,1_6_1_1,4,7.0,0.05
19423,2_6_1_0,1,6.0,0.05
19424,3_7_0_1,3,1.0,0.05
19425,1_3_1_1,4,7.0,0.05
19426,2_3_0_1,3,1.0,0.05
19427,1_7_1_0,1,6.0,0.05
19428,3_2_1_1,1,9.0,0.05
19429,1_4_0_1,3,1.0,0.05
19430,1_1_1_0,5,3.0,0.05
19431,1_0_1_0,5,3.0,0.05
19432,2_6_1_1,3,-15.0,0.05
19433,1_4_0_0,3,2.0,0.05
19434,1_0_1_1,4,7.0,0.05
19435,2_3_1_0,1,6.0,0.05
19436,3_3_1_1,3,-15.0,0.05
19437,1_5_1_1,0,9.0,0.05
19438,1_3_0_0,5,2.0,0.05
19439,3_1_0_0,3,2.0,0.05
19440,3_2_0_1,4,1.5,0.05
19441,2_4_1_1,0,5.0,0.05
19442,3_7_0_0,2,2.0,0.05
19443,3_6_1_0,1,6.0,0.05
19444,1_3_0_0,5,2.0,0.05
19445,1_0_1_0,5,3.0,0.05
19446,3_5_0_0,3,2.0,0.05
19447,1_5_0_0,3,2.0,0.05
19448,1_7_0_1,1,3.0,0.05
19449,2_1_1_0,3,-14.0,0.05
19450,1_0_0_1,3,1.0,0.05
19451,1_7_1_0,1,6.0,0.05
19452,2_3_1_1,0,9.0,0.05
19453,1_2_1_0,2,-7.0,0.05
19454,2_7_0_1,1,3.0,0.05
19455,2_7_0_0,3,2.0,0.05
19456,3_3_1_0,0,3.0,0.05
19457,2_3_0_0,3,2.0,0.05
19458,3_1_0_1,0,1.5,0.05
19459,1_7_0_1,1,3.0,0.05
19460,3_6_0_1,1,3.0,0.05
19461,3_2_0_1,4,1.5,0.05
19462,3_0_0_1,3,1.0,0.05
19463,2_7_1_0,1,6.0,0.05
19464,1_1_0_1,0,1.5,0.05
19465,1_0_1_0,5,3.0,0.05
19466,1_4_1_0,5,3.0,0.05
19467,2_2_1_1,4,7.0,0.05
19468,2_0_1_0,5,3.0,0.05
19469,1_7_0_1,1,3.0,0.05
19470,1_7_0_0,2,2.0,0.05
19471,3_4_0_0,5,2.0,0.05
19472,3_5_0_0,3,2.0,0.05
19473,3_6_0_0,5,2.0,0.05
19474,2_5_0_1,4,1.5,0.05
19475,2_3_1_1,0,9.0,0.05
19476,2_3_1_0,1,6.0,0.05
19477,1_6_0_1,1,3.0,0.05
19478,2_0_1_0,5,3.0,0.05
19479,2_6_0_0,1,0.0,0.05
19480,3_6_1_1,5,1.0,0.05
19481,1_2_0_0,3,2.0,0.05
19482,3_5_0_1,0,1.5,0.05
19483,2_7_1_0,1,6.0,0.05
19484,1_6_0_0,2,2.0,0.05
19485,3_4_0_0,5,2.0,0.05
19486,2_2_0_0,3,2.0,0.05
19487,3_1_0_1,0,1.5,0.05
19488,1_0_1_1,4,7.0,0.05
19489,3_7_0_0,2,2.0,0.05
19490,1_2_1_0,1,6.0,0.05
19491,2_2_1_0,5,3.0,0.05
19492,1_4_0_1,3,1.0,0.05
19493,3_5_0_0,3,2.0,0.05
19494,2_6_1_0,1,6.0,0.05
19495,1_6_0_1,3,1.0,0.05
19496,1_7_1_1,0,9.0,0.05
19497,3_3_1_1,1,9.0,0.05
19498,1_6_0_0,2,2.0,0.05
19499,2_1_0_1,0,1.5,0.05
19500,2_4_1_0,1,2.0,0.05
19501,1_5_1_1,0,9.0,0.05
19502,1_1_0_0,3,2.0,0.05
19503,1_1_0_1,0,1.5,0.05
19504,3_2_0_1,4,1.5,0.05
19505,3_4_1_1,0,5.0,0.05
19506,2_3_0_0,3,2.0,0.05
19507,3_7_1_1,4,7.0,0.05
19508,3_3_0_0,5,2.0,0.05
19509,3_1_0_0,4,-4.5,0.05
19510,2_4_0_1,4,1.5,0.05
19511,2_2_0_0,3,2.0,0.05
19512,1_1_1_0,5,3.0,0.05
19513,3_2_0_1,4,1.5,0.05
19514,3_1_1_0,0,3.0,0.05
19515,1_0_0_1,3,1.0,0.05
19516,3_0_1_1,0,5.0,0.05
19517,3_4_1_1,1,5.0,0.05
19518,1_2_1_0,1,6.0,0.05
19519,3_3_0_0,5,2.0,0.05
19520,3_7_1_1,4,7.0,0.05
19521,2_0_1_0,5,3.0,0.05
19522,2_4_0_1,4,1.5,0.05
19523,1_7_1_0,1,6.0,0.05
19524,1_1_1_0,5,3.0,0.05
19525,1_5_1_0,1,2.0,0.05
19526,1_1_0_0,3,2.0,0.05
19527,3_1_1_1,0,9.0,0.05
19528,2_5_1_1,0,9.0,0.05
19529,2_5_1_1,0,9.0,0.05
19530,1_3_1_1,4,7.0,0.05
19531,2_0_0_1,4,1.5,0.05
19532,2_4_0_0,3,2.0,0.05
19533,1_6_1_1,4,7.0,0.05
19534,2_6_1_0,1,6.0,0.05
19535,1_7_0_0,2,2.0,0.05
19536,2_1_1_0,5,3.0,0.05
19537,1_4_1_1,4,7.0,0.05
19538,2_2_1_1,4,7.0,0.05
19539,3_3_0_0,5,2.0,0.05
19540,1_2_1_1,4,7.0,0.05
19541,3_5_1_1,0,9.0,0.05
19542,3_7_0_0,2,2.0,0.05
19543,2_2_1_1,4,7.0,0.05
19544,2_6_0_1,4,1.5,0.05
19545,2_6_1_1,1,9.0,0.05
19546,1_1_0_1,0,1.5,0.05
19547,1_1_0_0,3,2.0,0.05
19548,2_1_0_0,5,2.0,0.05
19549,2_0_0_1,4,1.5,0.05
19550,3_7_0_1,3,1.0,0.05
19551,1_5_0_1,0,1.5,0.05
19552,3_4_0_0,5,2.0,0.05
19553,1_0_1_0,5,3.0,0.05
19554,3_4_1_0,5,3.0,0.05
19555,3_3_0_1,1,3.0,0.05
19556,3_2_1_0,1,6.0,0.05
19557,3_7_0_0,2,2.0,0.05
19558,1_6_0_0,2,2.0,0.05
19559,1_2_0_1,3,1.0,0.05
19560,3_0_1_1,0,5.0,0.05
19561,3_6_0_0,1,0.0,0.05
19562,1_6_1_0,1,6.0,0.05
19563,3_5_0_0,3,2.0,0.05
19564,3_4_1_1,0,5.0,0.05
19565,1_6_1_0,1,6.0,0.05
19566,3_4_0_1,4,1.5,0.05
19567,3_3_1_1,1,9.0,0.05
19568,1_4_0_1,3,1.0,0.05
19569,3_0_1_0,4,1.0,0.05
19570,3_5_1_0,0,3.0,0.05
19571,3_1_0_1,0,1.5,0.05
19572,3_1_1_0,0,3.0,0.05
19573,2_0_1_1,1,5.0,0.05
19574,2_7_1_0,1,6.0,0.05
19575,3_2_0_0,3,2.0,0.05
19576,3_7_0_0,2,2.0,0.05
19577,2_4_0_0,3,2.0,0.05
19578,2_7_1_0,1,6.0,0.05
19579,1_2_0_1,3,1.0,0.05
19580,2_5_0_0,5,2.0,0.05
19581,2_3_1_0,1,6.0,0.05
19582,2_5_1_1,0,9.0,0.05
19583,2_4_0_1,4,1.5,0.05
19584,1_2_0_0,3,2.0,0.05
19585,1_0_1_1,4,7.0,0.05
19586,2_0_0_0,5,2.0,0.05
19587,1_3_1_0,1,6.0,0.05
19588,1_5_0_1,0,1.5,0.05
19589,1_7_1_1,0,9.0,0.05
19590,1_3_1_1,4,7.0,0.05
19591,3_5_0_0,3,2.0,0.05
19592,3_1_1_0,0,3.0,0.05
19593,1_1_0_0,3,2.0,0.05
19594,3_2_0_0,3,2.0,0.05
19595,3_1_0_0,3,2.0,0.05
19596,3_3_0_0,5,2.0,0.05
19597,3_7_0_0,2,2.0,0.05
19598,2_5_1_0,1,2.0,0.05
19599,3_1_0_1,0,1.5,0.05
19600,2_5_0_0,5,2.0,0.05
19601,1_2_0_1,3,1.0,0.05
19602,1_0_1_0,5,3.0,0.05
19603,1_5_0_1,0,1.5,0.05
19604,3_7_1_0,1,6.0,0.05
19605,1_1_1_0,5,3.0,0.05
19606,2_5_1_1,0,9.0,0.05
19607,2_3_0_0,3,2.0,0.05
19608,2_1_0_0,3,2.0,0.05
19609,2_0_0_1,4,1.5,0.05
19610,2_2_1_0,1,6.0,0.05
19611,3_1_1_0,0,3.0,0.05
19612,3_7_1_0,1,6.0,0.05
19613,3_2_0_0,3,2.0,0.05
19614,3_6_0_1,1,3.0,0.05
19615,3_4_0_0,5,2.0,0.05
19616,2_3_0_1,4,1.5,0.05
19617,3_2_1_1,1,9.0,0.05
19618,2_6_1_1,1,9.0,0.05
19619,3_6_0_0,5,2.0,0.05
19620,1_6_0_1,1,3.0,0.05
19621,1_1_0_1,0,1.5,0.05
19622,2_4_0_1,4,1.5,0.05
19623,2_6_0_0,1,0.0,0.05
19624,3_3_1_0,0,3.0,0.05
19625,3_1_0_1,0,1.5,0.05
19626,3_5_0_0,3,2.0,0.05
19627,1_7_1_1,0,9.0,0.05
19628,1_7_0_0,2,2.0,0.05
19629,2_6_1_0,1,6.0,0.05
19630,2_3_0_0,3,2.0,0.05
19631,3_0_1_0,4,1.0,0.05
19632,3_5_0_0,3,2.0,0.05
19633,3_6_0_0,5,2.0,0.05
19634,2_7_0_1,1,3.0,0.05
19635,3_1_0_0,3,2.0,0.05
19636,2_5_1_0,1,2.0,0.05
19637,3_4_1_1,0,5.0,0.05
19638,1_2_1_0,1,6.0,0.05
19639,2_6_1_1,1,9.0,0.05
19640,2_7_0_0,3,2.0,0.05
19641,2_6_1_0,1,6.0,0.05
19642,2_6_0_1,4,1.5,0.05
19643,1_2_1_0,1,6.0,0.05
19644,3_7_0_1,3,1.0,0.05
19645,2_0_0_1,4,1.5,0.05
19646,1_2_0_0,3,2.0,0.05
19647,3_6_0_0,5,2.0,0.05
19648,3_0_0_1,3,1.0,0.05
19649,1_1_1_0,5,3.0,0.05
19650,2_1_1_0,5,3.0,0.05
19651,1_4_1_0,5,3.0,0.05
19652,3_6_0_0,5,2.0,0.05
19653,3_7_0_0,2,2.0,0.05
19654,2_7_1_0,1,6.0,0.05
19655,1_5_1_1,0,9.0,0.05
19656,3_7_0_0,2,2.0,0.05
19657,2_4_1_0,1,2.0,0.05
19658,2_3_0_1,3,1.0,0.05
19659,3_5_0_1,0,1.5,0.05
19660,3_1_1_0,0,3.0,0.05
19661,3_4_0_0,5,2.0,0.05
19662,1_2_1_1,4,7.0,0.05
19663,1_2_0_1,3,1.0,0.05
19664,2_2_0_0,3,2.0,0.05
19665,2_5_1_1,0,9.0,0.05
19666,2_4_1_0,1,2.0,0.05
19667,1_4_0_1,3,1.0,0.05
19668,2_0_1_0,5,3.0,0.05
19669,2_7_1_1,0,9.0,0.05
19670,2_3_1_0,1,6.0,0.05
19671,2_0_0_0,5,2.0,0.05
19672,3_3_1_0,0,3.0,0.05
19673,2_1_0_0,5,2.0,0.05
19674,2_3_1_1,0,9.0,0.05
19675,1_6_1_1,4,7.0,0.05
19676,3_6_1_1,4,7.0,0.05
19677,3_4_1_0,5,3.0,0.05
19678,2_2_1_0,1,6.0,0.05
19679,3_2_1_1,1,9.0,0.05
19680,2_6_0_1,4,1.5,0.05
19681,1_0_1_1,4,7.0,0.05
19682,2_1_0_0,5,2.0,0.05
19683,2_6_1_1,1,9.0,0.05
19684,3_5_1_1,0,9.0,0.05
19685,2_5_1_1,0,9.0,0.05
19686,3_4_0_1,4,1.5,0.05
19687,1_7_0_1,1,3.0,0.05
19688,2_5_1_1,0,9.0,0.05
19689,2_5_1_0,1,2.0,0.05
19690,1_3_0_0,5,2.0,0.05
19691,1_7_0_0,2,2.0,0.05
19692,3_4_1_1,0,5.0,0.05
19693,1_1_0_0,3,2.0,0.05
19694,3_6_0_0,5,2.0,0.05
19695,2_0_1_1,1,5.0,0.05
19696,3_4_0_0,5,2.0,0.05
19697,1_1_1_1,0,9.0,0.05
19698,1_6_1_0,1,6.0,0.05
19699,3_7_1_1,4,7.0,0.05
19700,2_1_0_1,0,1.5,0.05
19701,1_0_0_0,3,2.0,0.05
19702,3_7_0_1,3,1.0,0.05
19703,2_4_1_0,1,2.0,0.05
19704,2_6_0_1,4,1.5,0.05
19705,3_5_1_1,0,9.0,0.05
19706,2_1_0_1,0,1.5,0.05
19707,2_4_0_1,4,1.5,0.05
19708,2_6_1_0,1,6.0,0.05
19709,2_0_0_1,4,1.5,0.05
19710,2_7_0_0,3,2.0,0.05
19711,1_2_1_0,1,6.0,0.05
19712,1_1_0_0,3,2.0,0.05
19713,1_1_0_0,3,2.0,0.05
19714,2_1_1_1,4,7.0,0.05
19715,2_7_1_0,1,6.0,0.05
19716,1_5_1_1,0,9.0,0.05
19717,3_6_1_1,4,7.0,0.05
19718,2_3_0_0,3,2.0,0.05
19719,2_3_0_1,3,1.0,0.05
19720,2_6_0_1,4,1.5,0.05
19721,3_5_1_1,0,9.0,0.05
19722,3_2_0_1,4,1.5,0.05
19723,3_6_0_1,1,3.0,0.05
19724,2_1_0_0,5,2.0,0.05
19725,3_5_0_1,0,1.5,0.05
19726,2_4_0_1,4,1.5,0.05
19727,1_2_0_0,3,2.0,0.05
19728,2_1_0_1,0,1.5,0.05
19729,3_4_1_0,5,3.0,0.05
19730,2_1_1_1,4,7.0,0.05
19731,1_0_1_0,5,3.0,0.05
19732,1_7_0_1,1,3.0,0.05
19733,1_1_1_0,5,3.0,0.05
19734,1_5_0_0,3,2.0,0.05
19735,1_6_1_0,1,6.0,0.05
19736,1_3_0_1,1,3.0,0.05
19737,3_4_0_1,4,1.5,0.05
19738,1_0_0_0,3,2.0,0.05
19739,2_3_1_1,0,9.0,0.05
19740,3_7_0_0,2,2.0,0.05
19741,3_7_1_0,1,6.0,0.05
19742,1_6_0_0,2,2.0,0.05
19743,1_3_0_0,5,2.0,0.05
19744,3_1_1_1,0,9.0,0.05
19745,3_1_1_0,0,3.0,0.05
19746,2_7_1_1,0,9.0,0.05
19747,1_3_1_0,1,6.0,0.05
19748,1_1_0_1,0,1.5,0.05
19749,3_5_0_0,3,2.0,0.05
19750,2_3_0_1,3,1.0,0.05
19751,2_0_1_0,5,3.0,0.05
19752,1_5_0_1,0,1.5,0.05
19753,2_4_1_1,0,5.0,0.05
19754,1_4_0_1,3,1.0,0.05
19755,3_2_0_0,3,2.0,0.05
19756,1_4_1_1,4,7.0,0.05
19757,2_4_0_1,4,1.5,0.05
19758,3_2_1_1,1,9.0,0.05
19759,3_3_1_0,0,3.0,0.05
19760,3_0_1_0,4,1.0,0.05
19761,3_7_0_0,2,2.0,0.05
19762,1_0_1_0,5,3.0,0.05
19763,3_1_0_0,5,2.0,0.05
19764,2_4_0_1,4,1.5,0.05
19765,2_1_0_0,5,2.0,0.05
19766,1_4_1_1,4,7.0,0.05
19767,3_3_0_1,1,3.0,0.05
19768,2_7_1_0,1,6.0,0.05
19769,2_4_0_0,3,2.0,0.05
19770,2_1_1_1,4,7.0,0.05
19771,2_2_0_0,1,0.0,0.05
19772,2_0_1_1,1,5.0,0.05
19773,2_5_1_0,1,2.0,0.05
19774,3_2_1_0,1,6.0,0.05
19775,1_6_1_1,4,7.0,0.05
19776,2_1_0_1,0,1.5,0.05
19777,2_2_0_0,3,2.0,0.05
19778,3_6_1_0,1,6.0,0.05
19779,3_7_0_0,2,2.0,0.05
19780,3_1_0_0,3,2.0,0.05
19781,3_6_1_1,4,7.0,0.05
19782,3_2_0_1,4,1.5,0.05
19783,3_7_0_0,2,2.0,0.05
19784,1_0_0_1,3,1.0,0.05
19785,1_2_0_0,3,2.0,0.05
19786,1_7_0_0,2,2.0,0.05
19787,1_5_1_0,1,2.0,0.05
19788,2_3_0_1,3,1.0,0.05
19789,1_4_0_0,3,2.0,0.05
19790,2_6_1_0,1,6.0,0.05
19791,3_7_0_1,3,1.0,0.05
19792,1_4_0_0,3,2.0,0.05
19793,3_2_0_1,4,1.5,0.05
19794,1_7_1_1,0,9.0,0.05
19795,1_3_1_0,1,6.0,0.05
19796,3_4_1_1,0,5.0,0.05
19797,3_0_0_1,3,1.0,0.05
19798,1_1_0_0,3,2.0,0.05
19799,2_0_0_0,5,2.0,0.05
19800,3_0_1_0,4,1.0,0.05
19801,1_4_1_0,5,3.0,0.05
19802,3_3_0_1,1,3.0,0.05
19803,3_1_1_0,0,3.0,0.05
19804,2_1_0_0,5,2.0,0.05
19805,2_2_1_0,1,6.0,0.05
19806,3_4_1_0,5,3.0,0.05
19807,3_1_0_1,0,1.5,0.05
19808,3_7_1_0,1,6.0,0.05
19809,1_5_0_0,3,2.0,0.05
19810,3_3_1_1,1,9.0,0.05
19811,1_6_1_0,1,6.0,0.05
19812,2_7_0_0,3,2.0,0.05
19813,2_4_0_0,3,2.0,0.05
19814,1_4_1_0,5,3.0,0.05
19815,2_4_1_0,1,2.0,0.05
19816,1_7_1_0,1,6.0,0.05
19817,3_5_0_1,0,1.5,0.05
19818,3_6_1_0,1,6.0,0.05
19819,1_2_0_1,3,1.0,0.05
19820,1_2_0_0,0,-8.5,0.05
19821,3_3_1_1,1,9.0,0.05
19822,2_4_1_0,1,2.0,0.05
19823,1_6_0_0,2,2.0,0.05
19824,3_0_1_1,0,5.0,0.05
19825,1_3_1_0,1,6.0,0.05
19826,3_3_0_1,1,3.0,0.05
19827,1_0_0_1,3,1.0,0.05
19828,1_1_0_0,3,2.0,0.05
19829,1_0_1_0,5,3.0,0.05
19830,1_1_1_1,0,9.0,0.05
19831,2_6_1_1,1,9.0,0.05
19832,3_1_1_0,0,3.0,0.05
19833,1_1_1_1,0,9.0,0.05
19834,2_0_0_1,4,1.5,0.05
19835,2_3_0_0,3,2.0,0.05
19836,1_6_0_1,1,3.0,0.05
19837,1_1_1_1,0,9.0,0.05
19838,1_7_1_1,0,9.0,0.05
19839,1_4_1_0,5,3.0,0.05
19840,2_2_1_1,4,7.0,0.05
19841,1_7_1_1,0,9.0,0.05
19842,2_5_1_1,0,9.0,0.05
19843,3_7_0_0,2,2.0,0.05
19844,2_5_1_0,1,2.0,0.05
19845,1_5_0_1,0,1.5,0.05
19846,3_0_1_1,0,5.0,0.05
19847,1_3_0_1,1,3.0,0.05
19848,3_2_0_0,3,2.0,0.05
19849,1_5_1_1,0,9.0,0.05
19850,3_5_0_1,0,1.5,0.05
19851,1_3_0_1,4,1.5,0.05
19852,1_3_1_0,1,6.0,0.05
19853,3_1_1_0,0,3.0,0.05
19854,2_1_0_1,0,1.5,0.05
19855,1_2_0_0,3,2.0,0.05
19856,3_4_1_1,0,5.0,0.05
19857,1_6_1_1,4,7.0,0.05
19858,3_5_0_1,0,1.5,0.05
19859,1_4_1_1,4,7.0,0.05
19860,2_3_1_0,1,6.0,0.05
19861,1_5_0_1,0,1.5,0.05
19862,3_2_0_0,3,2.0,0.05
19863,1_0_1_1,4,7.0,0.05
19864,1_3_1_1,4,7.0,0.05
19865,2_4_0_0,3,2.0,0.05
19866,3_3_0_0,5,2.0,0.05
19867,1_0_0_1,3,1.0,0.05
19868,2_2_0_0,3,2.0,0.05
19869,1_5_1_1,0,9.0,0.05
19870,3_3_0_0,5,2.0,0.05
19871,1_7_0_0,2,2.0,0.05
19872,2_3_1_0,1,6.0,0.05
19873,1_1_0_1,3,1.0,0.05
19874,1_2_0_0,3,2.0,0.05
19875,2_7_1_1,0,9.0,0.05
19876,1_2_1_0,1,6.0,0.05
19877,3_5_1_0,0,3.0,0.05
19878,2_0_1_0,0,-1.0,0.05
19879,1_7_1_1,0,9.0,0.05
19880,1_5_0_0,3,2.0,0.05
19881,3_4_1_0,5,3.0,0.05
19882,1_1_0_1,0,1.5,0.05
19883,1_1_1_1,0,9.0,0.05
19884,3_5_1_0,0,3.0,0.05
19885,3_4_1_1,0,5.0,0.05
19886,2_5_0_1,4,1.5,0.05
19887,2_3_1_0,1,6.0,0.05
19888,3_2_0_0,3,2.0,0.05
19889,2_4_1_0,1,2.0,0.05
19890,1_4_0_1,3,1.0,0.05
19891,1_6_0_0,2,2.0,0.05
19892,1_0_0_1,3,1.0,0.05
19893,1_2_1_1,4,7.0,0.05
19894,1_7_0_1,1,3.0,0.05
19895,2_0_1_1,2,-9.0,0.05
19896,1_6_1_0,1,6.0,0.05
19897,1_2_0_0,3,2.0,0.05
19898,3_0_0_0,5,2.0,0.05
19899,3_2_0_0,3,2.0,0.05
19900,3_1_1_0,0,3.0,0.05
19901,2_0_0_1,4,1.5,0.05
19902,2_0_0_1,4,1.5,0.05
19903,3_3_0_1,1,3.0,0.05
19904,3_0_0_0,5,2.0,0.05
19905,1_6_1_1,4,7.0,0.05
19906,3_0_0_0,5,2.0,0.05
19907,2_1_0_0,5,2.0,0.05
19908,3_3_0_1,1,3.0,0.05
19909,1_3_0_1,1,3.0,0.05
19910,1_3_0_0,5,2.0,0.05
19911,2_2_1_0,1,6.0,0.05
19912,2_6_1_1,1,9.0,0.05
19913,2_2_0_1,4,1.5,0.05
19914,3_2_0_0,3,2.0,0.05
19915,1_3_0_1,1,3.0,0.05
19916,3_3_0_0,5,2.0,0.05
19917,3_0_1_0,4,1.0,0.05
19918,3_4_0_0,5,2.0,0.05
19919,2_5_0_0,5,2.0,0.05
19920,1_2_0_1,3,1.0,0.05
19921,3_2_0_1,4,1.5,0.05
19922,2_4_0_1,4,1.5,0.05
19923,3_4_1_0,5,3.0,0.05
19924,2_4_1_0,1,2.0,0.05
19925,3_3_1_0,0,3.0,0.05
19926,1_3_1_0,1,6.0,0.05
19927,3_1_0_1,0,1.5,0.05
19928,3_6_1_0,1,6.0,0.05
19929,1_4_0_1,3,1.0,0.05
19930,1_5_1_0,1,2.0,0.05
19931,3_7_0_0,2,2.0,0.05
19932,1_0_1_0,5,3.0,0.05
19933,1_0_1_0,5,3.0,0.05
19934,2_5_1_0,1,2.0,0.05
19935,3_5_0_1,0,1.5,0.05
19936,3_5_0_1,0,1.5,0.05
19937,3_4_0_1,4,1.5,0.05
19938,1_4_1_0,5,3.0,0.05
19939,2_2_1_0,1,6.0,0.05
19940,1_4_1_1,4,7.0,0.05
19941,1_0_1_1,4,7.0,0.05
19942,1_2_1_1,4,7.0,0.05
19943,1_4_1_1,4,7.0,0.05
19944,1_3_0_1,1,3.0,0.05
19945,2_1_0_0,5,2.0,0.05
19946,2_5_1_1,0,9.0,0.05
19947,2_2_0_0,3,2.0,0.05
19948,3_1_1_0,0,3.0,0.05
19949,3_2_1_1,1,9.0,0.05
19950,3_3_0_0,5,2.0,0.05
19951,3_6_1_0,1,6.0,0.05
19952,2_1_0_1,0,1.5,0.05
19953,1_0_1_1,4,7.0,0.05
19954,2_3_1_0,1,6.0,0.05
19955,1_6_0_0,2,2.0,0.05
19956,3_4_1_0,5,3.0,0.05
19957,2_4_1_1,0,5.0,0.05
19958,3_0_0_0,5,2.0,0.05
19959,3_7_0_0,2,2.0,0.05
19960,3_7_0_0,1,0.0,0.05
19961,2_6_1_1,4,7.0,0.05
19962,3_0_1_0,3,-14.0,0.05
19963,1_4_1_1,4,7.0,0.05
19964,1_0_1_1,4,7.0,0.05
19965,3_0_0_1,3,1.0,0.05
19966,1_3_1_0,1,6.0,0.05
19967,2_1_1_1,4,7.0,0.05
19968,3_7_1_1,4,7.0,0.05
19969,3_7_1_1,4,7.0,0.05
19970,2_5_1_1,0,9.0,0.05
19971,1_4_0_0,3,2.0,0.05
19972,1_7_0_1,1,3.0,0.05
19973,3_4_1_1,0,5.0,0.05
19974,2_1_0_1,0,1.5,0.05
19975,2_0_0_0,5,2.0,0.05
19976,2_2_0_0,3,2.0,0.05
19977,1_1_1_0,5,3.0,0.05
19978,3_0_0_0,5,2.0,0.05
19979,3_2_0_0,3,2.0,0.05
19980,2_0_0_0,5,2.0,0.05
19981,1_4_1_0,5,3.0,0.05
19982,2_6_1_1,1,9.0,0.05
19983,3_1_0_0,3,2.0,0.05
19984,2_6_0_0,1,0.0,0.05
19985,1_3_1_1,4,7.0,0.05
19986,3_2_0_0,3,2.0,0.05
19987,1_5_0_1,0,1.5,0.05
19988,2_1_0_0,5,2.0,0.05
19989,1_7_0_1,1,3.0,0.05
19990,1_4_1_1,4,7.0,0.05
19991,3_7_1_1,4,7.0,0.05
19992,3_2_1_1,1,9.0,0.05
19993,2_5_0_0,5,2.0,0.05
19994,2_2_1_1,4,7.0,0.05
19995,2_2_1_0,1,6.0,0.05
19996,3_3_1_0,0,3.0,0.05
19997,3_6_0_0,5,2.0,0.05
19998,3_7_0_1,3,1.0,0.05
19999,1_0_0_0,3,2.0,0.05
20000,1_2_1_1,4,7.0,0.05
20001,2_6_1_0,1,6.0,0.05
20002,1_1_0_1,0,1.5,0.05
20003,1_7_1_1,0,9.0,0.05
20004,2_5_1_1,5,1.0,0.05
20005,3_1_1_1,0,9.0,0.05
20006,2_0_1_0,5,3.0,0.05
20007,1_7_0_1,1,3.0,0.05
20008,2_2_1_0,1,6.0,0.05
20009,1_7_1_1,0,9.0,0.05
20010,2_0_1_1,1,5.0,0.05
20011,2_1_1_1,4,7.0,0.05
20012,2_4_0_1,4,1.5,0.05
20013,2_0_1_1,1,5.0,0.05
20014,3_4_1_0,5,3.0,0.05
20015,1_0_1_1,4,7.0,0.05
20016,2_4_1_0,1,2.0,0.05
20017,2_2_1_1,4,7.0,0.05
20018,2_0_0_0,5,2.0,0.05
20019,2_7_1_0,1,6.0,0.05
20020,3_2_0_1,4,1.5,0.05
20021,2_1_0_1,0,1.5,0.05
20022,2_6_0_1,4,1.5,0.05
20023,3_1_1_0,0,3.0,0.05
20024,3_2_1_0,1,6.0,0.05
20025,1_0_1_1,4,7.0,0.05
20026,1_4_0_1,3,1.0,0.05
20027,2_7_1_1,0,9.0,0.05
20028,2_1_1_1,4,7.0,0.05
20029,1_6_1_0,1,6.0,0.05
20030,1_4_1_1,4,7.0,0.05
20031,3_2_0_0,3,2.0,0.05
20032,1_4_1_1,4,7.0,0.05
20033,2_7_0_1,1,3.0,0.05
20034,2_0_1_0,5,3.0,0.05
20035,2_3_1_0,1,6.0,0.05
20036,3_4_0_0,5,2.0,0.05
20037,2_4_0_0,3,2.0,0.05
20038,1_5_0_1,0,1.5,0.05
20039,1_2_0_0,3,2.0,0.05
20040,3_3_1_0,0,3.0,0.05
20041,1_6_1_0,1,6.0,0.05
20042,2_3_1_0,1,6.0,0.05
20043,1_5_1_1,0,9.0,0.05
20044,1_5_0_0,3,2.0,0.05
20045,1_0_1_1,4,7.0,0.05
20046,1_7_0_0,2,2.0,0.05
20047,1_1_1_0,5,3.0,0.05
20048,1_7_1_0,1,6.0,0.05
20049,1_5_0_1,0,1.5,0.05
20050,2_0_1_0,5,3.0,0.05
20051,1_2_0_0,3,2.0,0.05
20052,3_0_0_1,3,1.0,0.05
20053,3_5_1_0,0,3.0,0.05
20054,3_7_1_0,1,6.0,0.05
20055,3_0_0_0,1,-4.0,0.05
20056,3_5_0_0,3,2.0,0.05
20057,2_1_0_1,0,1.5,0.05
20058,1_4_0_1,3,1.0,0.05
20059,1_5_1_1,0,9.0,0.05
20060,2_6_1_0,1,6.0,0.05
20061,3_0_1_0,4,1.0,0.05
20062,3_1_0_1,0,1.5,0.05
20063,3_1_1_0,0,3.0,0.05
20064,3_5_0_0,3,2.0,0.05
20065,2_7_0_0,3,2.0,0.05
20066,3_7_0_0,2,2.0,0.05
20067,1_5_1_1,0,9.0,0.05
20068,3_2_0_1,4,1.5,0.05
20069,3_0_0_0,5,2.0,0.05
20070,3_3_0_0,5,2.0,0.05
20071,2_0_0_1,4,1.5,0.05
20072,2_2_1_0,1,6.0,0.05
20073,1_3_1_1,4,7.0,0.05
20074,2_6_0_0,1,0.0,0.05
20075,3_4_1_0,5,3.0,0.05
20076,3_4_0_1,5,0.0,0.05
20077,1_4_0_1,3,1.0,0.05
20078,1_2_1_1,4,7.0,0.05
20079,3_7_1_0,1,6.0,0.05
20080,2_0_0_0,5,2.0,0.05
20081,2_1_1_0,5,3.0,0.05
20082,1_0_1_1,4,7.0,0.05
20083,2_1_0_1,0,1.5,0.05
20084,3_4_0_0,5,2.0,0.05
20085,2_7_1_1,0,9.0,0.05
20086,1_3_1_1,4,7.0,0.05
20087,3_0_0_0,5,2.0,0.05
20088,1_7_0_0,2,2.0,0.05
20089,1_4_1_0,5,3.0,0.05
20090,1_5_1_0,1,2.0,0.05
20091,2_6_1_1,1,9.0,0.05
20092,3_2_1_1,1,9.0,0.05
20093,1_1_1_0,5,3.0,0.05
20094,2_5_1_0,1,2.0,0.05
20095,2_3_0_0,3,2.0,0.05
20096,2_5_1_1,0,9.0,0.05
20097,3_2_1_0,1,6.0,0.05
20098,2_1_1_1,4,7.0,0.05
20099,1_1_0_1,0,1.5,0.05
20100,2_2_0_0,3,2.0,0.05
20101,3_6_1_1,4,7.0,0.05
20102,3_1_0_1,0,1.5,0.05
20103,3_3_1_1,1,9.0,0.05
20104,3_5_1_0,0,3.0,0.05
20105,1_6_1_0,1,6.0,0.05
20106,2_4_1_1,0,5.0,0.05
20107,3_4_1_0,5,3.0,0.05
20108,1_5_1_1,0,9.0,0.05
20109,1_4_0_1,3,1.0,0.05
20110,3_4_0_0,5,2.0,0.05
20111,1_0_1_0,5,3.0,0.05
20112,3_3_1_1,1,9.0,0.05
20113,1_5_0_1,0,1.5,0.05
20114,3_2_0_0,3,2.0,0.05
20115,1_6_0_1,1,3.0,0.05
20116,1_2_0_1,3,1.0,0.05
20117,2_5_1_0,1,2.0,0.05
20118,3_6_1_1,4,7.0,0.05
20119,3_3_0_0,5,2.0,0.05
20120,2_6_0_0,1,0.0,0.05
20121,1_3_1_1,4,7.0,0.05
20122,1_1_1_1,0,9.0,0.05
20123,1_6_1_0,1,6.0,0.05
20124,3_1_1_0,0,3.0,0.05
20125,3_3_1_1,1,9.0,0.05
20126,1_3_0_1,1,3.0,0.05
20127,1_7_1_0,1,6.0,0.05
20128,1_5_0_1,0,1.5,0.05
20129,2_4_1_1,0,5.0,0.05
20130,1_7_0_1,1,3.0,0.05
20131,1_1_0_0,3,2.0,0.05
20132,3_2_0_0,3,2.0,0.05
20133,2_7_0_0,3,2.0,0.05
20134,1_4_0_0,3,2.0,0.05
20135,1_7_1_1,0,9.0,0.05
20136,2_2_0_1,4,1.5,0.05
20137,1_7_1_0,1,6.0,0.05
20138,1_6_1_1,4,7.0,0.05
20139,2_1_1_0,5,3.0,0.05
20140,2_4_1_1,0,5.0,0.05
20141,2_6_0_1,4,1.5,0.05
20142,2_0_1_0,5,3.0,0.05
20143,3_4_1_1,0,5.0,0.05
20144,2_5_1_0,1,2.0,0.05
20145,2_1_0_0,5,2.0,0.05
20146,1_3_1_0,1,6.0,0.05
20147,2_3_1_1,0,9.0,0.05
20148,3_7_1_1,4,7.0,0.05
20149,1_5_1_1,0,9.0,0.05
20150,1_2_1_0,1,6.0,0.05
20151,3_1_1_0,0,3.0,0.05
20152,3_5_1_1,0,9.0,0.05
20153,3_2_1_1,3,-15.0,0.05
20154,2_6_1_0,1,6.0,0.05
20155,2_6_0_0,1,0.0,0.05
20156,1_5_0_1,0,1.5,0.05
20157,1_1_0_1,0,1.5,0.05
20158,2_7_0_1,1,3.0,0.05
20159,2_2_0_0,3,2.0,0.05
20160,1_5_1_1,0,9.0,0.05
20161,2_6_0_0,1,0.0,0.05
20162,3_5_0_1,0,1.5,0.05
20163,1_4_0_1,3,1.0,0.05
20164,1_4_0_0,3,2.0,0.05
20165,2_3_1_1,0,9.0,0.05
20166,1_4_1_1,4,7.0,0.05
20167,2_2_0_1,4,1.5,0.05
20168,3_2_1_0,1,6.0,0.05
20169,3_4_0_1,4,1.5,0.05
20170,1_0_1_1,4,7.0,0.05
20171,3_3_0_0,5,2.0,0.05
20172,2_4_0_1,4,1.5,0.05
20173,1_6_0_1,1,3.0,0.05
20174,3_5_1_1,0,9.0,0.05
20175,3_5_0_0,3,2.0,0.05
20176,1_4_0_1,3,1.0,0.05
20177,3_3_0_1,1,3.0,0.05
20178,1_4_1_1,4,7.0,0.05
20179,3_3_1_0,0,3.0,0.05
20180,3_4_1_1,0,5.0,0.05
20181,2_7_1_0,1,6.0,0.05
20182,2_4_1_0,1,2.0,0.05
20183,3_4_1_1,0,5.0,0.05
20184,2_0_0_1,4,1.5,0.05
20185,3_3_1_0,0,3.0,0.05
20186,1_1_1_1,0,9.0,0.05
20187,3_5_1_1,0,9.0,0.05
20188,2_6_1_1,4,7.0,0.05
20189,1_1_0_1,0,1.5,0.05
20190,3_7_0_1,3,1.0,0.05
20191,1_3_1_0,1,6.0,0.05
20192,2_5_1_1,0,9.0,0.05
20193,1_0_0_1,3,1.0,0.05
20194,1_4_0_0,3,2.0,0.05
20195,3_7_0_0,2,2.0,0.05
20196,3_6_1_0,1,6.0,0.05
20197,2_4_1_0,1,2.0,0.05
20198,1_5_0_1,0,1.5,0.05
20199,2_3_0_1,3,1.0,0.05
20200,2_1_1_1,4,7.0,0.05
20201,3_3_0_1,1,3.0,0.05
20202,3_1_1_1,0,9.0,0.05
20203,3_4_0_1,4,1.5,0.05
20204,1_2_0_0,3,2.0,0.05
20205,3_5_0_0,3,2.0,0.05
20206,3_0_1_0,4,1.0,0.05
20207,2_4_0_0,3,2.0,0.05
20208,2_1_1_1,4,7.0,0.05
20209,1_7_0_0,2,2.0,0.05
20210,3_1_1_0,0,3.0,0.05
20211,3_1_1_1,0,9.0,0.05
20212,3_4_0_1,4,1.5,0.05
20213,3_0_1_1,0,5.0,0.05
20214,1_4_1_0,5,3.0,0.05
20215,2_6_1_1,1,9.0,0.05
20216,3_7_1_0,1,6.0,0.05
20217,1_4_0_1,3,1.0,0.05
20218,2_3_0_1,3,1.0,0.05
20219,2_2_0_0,3,2.0,0.05
20220,2_2_0_0,3,2.0,0.05
20221,1_0_1_0,5,3.0,0.05
20222,2_7_1_0,1,6.0,0.05
20223,2_0_1_1,1,5.0,0.05
20224,1_7_1_0,1,6.0,0.05
20225,2_2_1_0,1,6.0,0.05
20226,2_4_0_0,3,2.0,0.05
20227,3_2_0_1,4,1.5,0.05
20228,3_1_0_0,3,2.0,0.05
20229,3_4_0_1,4,1.5,0.05
20230,2_3_1_0,1,6.0,0.05
20231,3_0_0_0,5,2.0,0.05
20232,1_4_1_0,5,3.0,0.05
20233,2_7_0_1,1,3.0,0.05
20234,1_1_0_0,3,2.0,0.05
20235,1_7_1_1,0,9.0,0.05
20236,3_5_0_1,0,1.5,0.05
20237,3_5_0_1,0,1.5,0.05
20238,2_7_1_1,0,9.0,0.05
20239,3_5_0_1,0,1.5,0.05
20240,3_0_0_0,1,-4.0,0.05
20241,2_2_1_1,4,7.0,0.05
20242,3_7_1_0,1,6.0,0.05
20243,3_5_1_1,0,9.0,0.05
20244,1_7_1_1,0,9.0,0.05
20245,2_7_0_1,1,3.0,0.05
20246,2_7_0_1,1,3.0,0.05
20247,3_7_1_0,1,6.0,0.05
20248,1_3_0_0,5,2.0,0.05
20249,3_3_0_1,1,3.0,0.05
20250,1_6_0_0,2,2.0,0.05
20251,1_5_1_0,1,2.0,0.05
20252,2_4_1_1,0,5.0,0.05
20253,2_0_0_1,4,1.5,0.05
20254,1_3_1_0,3,-14.0,0.05
20255,2_2_1_1,4,7.0,0.05
20256,2_2_0_1,4,1.5,0.05
20257,1_0_1_1,4,7.0,0.05
20258,1_5_1_1,0,9.0,0.05
20259,3_5_1_0,0,3.0,0.05
20260,2_1_1_0,5,3.0,0.05
20261,3_3_0_0,5,2.0,0.05
20262,1_7_0_1,1,3.0,0.05
20263,2_5_1_0,1,2.0,0.05
20264,2_0_0_0,5,2.0,0.05
20265,1_7_1_0,1,6.0,0.05
20266,2_3_0_0,3,2.0,0.05
20267,1_3_0_0,5,2.0,0.05
20268,1_6_1_0,1,6.0,0.05
20269,3_0_0_1,3,1.0,0.05
20270,2_1_0_0,5,2.0,0.05
20271,1_6_1_0,1,6.0,0.05
20272,1_1_0_0,3,2.0,0.05
20273,1_5_1_1,0,9.0,0.05
20274,3_1_1_1,0,9.0,0.05
20275,3_1_0_1,0,1.5,0.05
20276,2_5_1_0,1,2.0,0.05
20277,1_2_1_0,1,6.0,0.05
20278,1_3_0_0,5,2.0,0.05
20279,1_3_0_1,1,3.0,0.05
20280,1_1_1_0,5,3.0,0.05
20281,1_6_0_0,2,2.0,0.05
20282,1_3_0_0,5,2.0,0.05
20283,1_4_0_1,3,1.0,0.05
20284,2_5_0_1,4,1.5,0.05
20285,1_3_1_1,4,7.0,0.05
20286,1_5_0_0,3,2.0,0.05
20287,2_6_0_1,4,1.5,0.05
20288,1_4_0_0,3,2.0,0.05
20289,3_7_1_0,1,6.0,0.05
20290,2_2_1_0,1,6.0,0.05
20291,1_6_0_1,1,3.0,0.05
20292,3_7_0_0,2,2.0,0.05
20293,3_3_1_1,0,9.0,0.05
20294,2_5_1_1,0,9.0,0.05
20295,2_3_1_1,0,9.0,0.05
20296,3_6_0_1,1,3.0,0.05
20297,1_6_1_1,4,7.0,0.05
20298,3_4_1_1,0,5.0,0.05
20299,3_5_0_1,0,1.5,0.05
20300,2_2_0_1,4,1.5,0.05
20301,3_5_0_0,3,2.0,0.05
20302,2_3_1_0,1,6.0,0.05
20303,2_1_0_1,0,1.5,0.05
20304,2_5_0_0,5,2.0,0.05
20305,2_0_0_0,5,2.0,0.05
20306,2_0_0_0,5,2.0,0.05
20307,3_7_1_1,4,7.0,0.05
20308,1_0_0_0,3,2.0,0.05
20309,1_6_0_1,1,3.0,0.05
20310,1_4_1_1,4,7.0,0.05
20311,1_3_1_1,4,7.0,0.05
20312,2_4_0_0,3,2.0,0.05
20313,1_0_1_0,5,3.0,0.05
20314,3_2_0_0,3,2.0,0.05
20315,2_4_0_1,4,1.5,0.05
20316,3_2_1_0,1,6.0,0.05
20317,1_7_1_0,1,6.0,0.05
20318,2_6_1_0,1,6.0,0.05
20319,3_2_0_1,4,1.5,0.05
20320,1_3_0_0,5,2.0,0.05
20321,2_3_0_1,3,1.0,0.05
20322,1_4_1_1,4,7.0,0.05
20323,1_4_1_1,4,7.0,0.05
20324,3_3_1_1,1,9.0,0.05
20325,3_1_0_1,2,-4.0,0.05
20326,3_1_1_1,0,9.0,0.05
20327,2_2_1_0,1,6.0,0.05
20328,1_3_1_1,4,7.0,0.05
20329,2_0_1_0,5,3.0,0.05
20330,2_1_0_1,0,1.5,0.05
20331,1_6_1_0,1,6.0,0.05
20332,3_6_0_1,1,3.0,0.05
20333,3_3_0_1,1,3.0,0.05
20334,2_5_0_0,5,2.0,0.05
20335,2_1_0_1,0,1.5,0.05
20336,1_1_0_1,0,1.5,0.05
20337,1_3_1_1,4,7.0,0.05
20338,2_6_0_1,4,1.5,0.05
20339,3_6_0_1,1,3.0,0.05
20340,2_5_1_0,1,2.0,0.05
20341,3_4_0_0,5,2.0,0.05
20342,2_3_0_1,3,1.0,0.05
20343,3_7_0_0,2,2.0,0.05
20344,2_7_0_1,1,3.0,0.05
20345,3_7_1_1,4,7.0,0.05
20346,3_3_0_0,5,2.0,0.05
20347,1_2_1_1,4,7.0,0.05
20348,3_0_0_0,5,2.0,0.05
20349,2_5_1_0,1,2.0,0.05
20350,1_1_1_0,5,3.0,0.05
20351,3_7_1_0,1,6.0,0.05
20352,2_2_1_1,4,7.0,0.05
20353,2_5_1_1,0,9.0,0.05
20354,1_4_1_0,5,3.0,0.05
20355,2_0_0_1,4,1.5,0.05
20356,3_0_1_0,4,1.0,0.05
20357,2_3_0_0,3,2.0,0.05
20358,2_2_1_0,1,6.0,0.05
20359,2_7_1_1,0,9.0,0.05
20360,3_3_0_0,5,2.0,0.05
20361,3_0_0_1,3,1.0,0.05
20362,1_5_1_0,1,2.0,0.05
20363,2_7_0_1,1,3.0,0.05
20364,1_6_1_1,4,7.0,0.05
20365,1_2_1_0,5,3.0,0.05
20366,3_6_1_1,4,7.0,0.05
20367,1_3_0_0,5,2.0,0.05
20368,2_5_1_0,1,2.0,0.05
20369,3_5_1_0,0,3.0,0.05
20370,2_3_0_1,3,1.0,0.05
20371,1_7_1_1,0,9.0,0.05
20372,2_5_1_1,0,9.0,0.05
20373,3_2_0_1,4,1.5,0.05
20374,2_6_1_0,1,6.0,0.05
20375,3_3_0_1,1,3.0,0.05
20376,3_4_1_0,5,3.0,0.05
20377,1_5_0_1,0,1.5,0.05
20378,3_0_0_0,5,2.0,0.05
20379,3_5_1_0,0,3.0,0.05
20380,3_7_1_1,4,7.0,0.05
20381,2_5_0_0,5,2.0,0.05
20382,1_2_1_1,4,7.0,0.05
20383,1_0_1_0,5,3.0,0.05
20384,3_3_0_1,1,3.0,0.05
20385,2_1_0_1,0,1.5,0.05
20386,3_0_0_1,3,1.0,0.05
20387,1_4_1_0,5,3.0,0.05
20388,2_5_0_1,4,1.5,0.05
20389,2_2_0_0,3,2.0,0.05
20390,1_5_0_0,3,2.0,0.05
20391,3_7_0_0,2,2.0,0.05
20392,3_1_0_0,3,2.0,0.05
20393,1_2_0_1,3,1.0,0.05
20394,1_2_0_1,3,1.0,0.05
20395,1_4_0_0,3,2.0,0.05
20396,3_7_1_0,1,6.0,0.05
20397,3_6_0_1,1,3.0,0.05
20398,3_4_1_0,5,3.0,0.05
20399,2_1_0_0,5,2.0,0.05
20400,3_3_0_0,5,2.0,0.05
20401,2_1_0_0,5,2.0,0.05
20402,3_4_0_0,5,2.0,0.05
20403,1_7_0_0,2,2.0,0.05
20404,3_0_0_1,3,1.0,0.05
20405,1_4_1_1,4,7.0,0.05
20406,1_2_0_1,3,1.0,0.05
20407,3_7_0_0,2,2.0,0.05
20408,3_5_1_0,0,3.0,0.05
20409,1_0_1_0,5,3.0,0.05
20410,2_5_0_1,4,1.5,0.05
20411,2_3_1_1,0,9.0,0.05
20412,1_6_1_0,1,6.0,0.05
20413,1_6_0_1,1,3.0,0.05
20414,3_3_0_0,5,2.0,0.05
20415,3_0_0_0,5,2.0,0.05
20416,3_2_1_0,1,6.0,0.05
20417,2_0_1_0,5,3.0,0.05
20418,2_0_1_1,1,5.0,0.05
20419,1_3_1_1,4,7.0,0.05
20420,1_2_1_1,4,7.0,0.05
20421,3_4_1_1,0,5.0,0.05
20422,3_6_0_1,1,3.0,0.05
20423,2_4_1_0,1,2.0,0.05
20424,2_3_0_0,3,2.0,0.05
20425,2_6_0_0,1,0.0,0.05
20426,3_0_0_0,5,2.0,0.05
20427,3_5_0_0,3,2.0,0.05
20428,1_3_0_0,5,2.0,0.05
20429,3_1_1_0,0,3.0,0.05
20430,2_5_0_1,4,1.5,0.05
20431,3_3_0_1,1,3.0,0.05
20432,3_6_1_0,1,6.0,0.05
20433,1_6_0_1,1,3.0,0.05
20434,3_0_1_1,0,5.0,0.05
20435,1_0_0_0,3,2.0,0.05
20436,2_6_0_1,4,1.5,0.05
20437,2_1_1_0,5,3.0,0.05
20438,2_6_1_0,1,6.0,0.05
20439,1_2_0_0,3,2.0,0.05
20440,3_3_1_0,0,3.0,0.05
20441,3_0_0_0,5,2.0,0.05
20442,2_1_1_0,5,3.0,0.05
20443,3_5_1_1,0,9.0,0.05
20444,3_3_1_1,1,9.0,0.05
20445,1_7_1_1,0,9.0,0.05
20446,3_7_0_1,3,1.0,0.05
20447,2_5_0_0,5,2.0,0.05
20448,2_0_0_0,5,2.0,0.05
20449,3_0_0_0,5,2.0,0.05
20450,3_1_1_1,0,9.0,0.05
20451,2_7_0_0,3,2.0,0.05
20452,2_2_0_0,3,2.0,0.05
20453,1_2_1_0,1,6.0,0.05
20454,2_7_0_0,3,2.0,0.05
20455,3_3_0_1,1,3.0,0.05
20456,3_4_1_1,0,5.0,0.05
20457,2_4_0_0,3,2.0,0.05
20458,3_6_1_0,1,6.0,0.05
20459,2_7_0_1,2,0.0,0.05
20460,1_3_0_1,1,3.0,0.05
20461,2_1_1_0,5,3.0,0.05
20462,1_3_0_1,1,3.0,0.05
20463,3_1_1_0,0,3.0,0.05
20464,3_5_0_0,3,2.0,0.05
20465,1_4_1_1,4,7.0,0.05
20466,2_2_1_0,1,6.0,0.05
20467,1_0_1_1,4,7.0,0.05
20468,3_0_0_1,3,1.0,0.05
20469,3_7_1_1,4,7.0,0.05
20470,2_4_1_1,0,5.0,0.05
20471,2_5_1_0,1,2.0,0.05
20472,1_3_1_0,1,6.0,0.05
20473,3_5_1_0,0,3.0,0.05
20474,2_5_0_0,5,2.0,0.05
20475,3_5_0_0,3,2.0,0.05
20476,1_6_1_0,1,6.0,0.05
20477,2_5_1_0,1,2.0,0.05
20478,1_4_1_1,4,7.0,0.05
20479,1_3_1_1,4,7.0,0.05
20480,3_7_1_0,1,6.0,0.05
20481,2_3_1_1,0,9.0,0.05
20482,3_4_0_0,5,2.0,0.05
20483,3_0_1_0,4,1.0,0.05
20484,1_2_0_1,3,1.0,0.05
20485,1_4_1_1,4,7.0,0.05
20486,2_6_0_1,4,1.5,0.05
20487,2_3_0_0,3,2.0,0.05
20488,1_0_0_1,3,1.0,0.05
20489,1_5_0_1,0,1.5,0.05
20490,2_7_0_0,3,2.0,0.05
20491,2_5_0_0,5,2.0,0.05
20492,3_7_0_0,5,2.0,0.05
20493,1_7_0_1,1,3.0,0.05
20494,1_7_0_0,1,0.0,0.05
20495,3_7_0_0,2,2.0,0.05
20496,3_3_0_1,1,3.0,0.05
20497,1_6_0_0,2,2.0,0.05
20498,1_0_1_1,4,7.0,0.05
20499,2_4_0_0,3,2.0,0.05
20500,1_3_1_0,1,6.0,0.05
20501,3_0_1_0,4,1.0,0.05
20502,2_3_0_1,3,1.0,0.05
20503,3_6_0_0,5,2.0,0.05
20504,3_4_1_0,5,3.0,0.05
20505,2_5_0_1,4,1.5,0.05
20506,2_6_0_1,4,1.5,0.05
20507,1_3_0_1,1,3.0,0.05
20508,2_3_1_0,1,6.0,0.05
20509,2_0_0_1,4,1.5,0.05
20510,2_5_0_0,5,2.0,0.05
20511,2_7_0_1,1,3.0,0.05
20512,2_7_0_1,1,3.0,0.05
20513,2_0_0_0,5,2.0,0.05
20514,1_6_1_1,4,7.0,0.05
20515,1_5_1_0,1,2.0,0.05
20516,1_4_0_0,3,2.0,0.05
20517,1_7_0_1,3,1.0,0.05
20518,1_5_0_1,0,1.5,0.05
20519,3_0_1_1,0,5.0,0.05
20520,3_7_1_0,1,6.0,0.05
20521,3_2_1_0,1,6.0,0.05
20522,3_2_1_1,1,9.0,0.05
20523,3_4_1_1,0,5.0,0.05
20524,3_0_1_0,0,-1.0,0.05
20525,3_0_1_1,0,5.0,0.05
20526,2_7_0_0,3,2.0,0.05
20527,3_2_1_0,1,6.0,0.05
20528,2_4_0_1,4,1.5,0.05
20529,1_4_0_1,3,1.0,0.05
20530,3_1_0_0,3,2.0,0.05
20531,3_1_1_1,0,9.0,0.05
20532,3_0_1_0,4,1.0,0.05
20533,3_7_0_1,3,1.0,0.05
20534,2_2_1_1,4,7.0,0.05
20535,2_6_1_0,1,6.0,0.05
20536,2_1_0_0,5,2.0,0.05
20537,2_6_0_1,0,-2.5,0.05
20538,1_3_0_1,1,3.0,0.05
20539,3_7_0_1,3,1.0,0.05
20540,3_3_0_1,1,3.0,0.05
20541,3_5_1_1,0,9.0,0.05
20542,3_3_0_0,5,2.0,0.05
20543,3_4_1_1,0,5.0,0.05
20544,3_2_1_0,1,6.0,0.05
20545,2_3_1_0,1,6.0,0.05
20546,2_4_0_1,4,1.5,0.05
20547,1_7_1_1,0,9.0,0.05
20548,2_1_0_0,5,2.0,0.05
20549,3_4_0_0,5,2.0,0.05
20550,3_4_1_0,5,3.0,0.05
20551,1_5_0_1,0,1.5,0.05
20552,1_1_0_1,0,1.5,0.05
20553,2_2_1_1,4,7.0,0.05
20554,2_3_1_0,1,6.0,0.05
20555,2_0_1_0,5,3.0,0.05
20556,2_5_0_0,5,2.0,0.05
20557,3_3_0_1,1,3.0,0.05
20558,2_3_1_1,0,9.0,0.05
20559,2_5_0_0,5,2.0,0.05
20560,1_5_1_1,0,9.0,0.05
20561,2_0_0_0,5,2.0,0.05
20562,1_5_0_1,0,1.5,0.05
20563,3_7_1_1,4,7.0,0.05
20564,2_0_1_1,1,5.0,0.05
20565,1_3_1_1,1,9.0,0.05
20566,3_0_0_0,5,2.0,0.05
20567,2_6_0_1,4,1.5,0.05
20568,1_0_1_0,5,3.0,0.05
20569,2_6_0_1,4,1.5,0.05
20570,1_2_0_1,3,1.0,0.05
20571,1_7_1_1,0,9.0,0.05
20572,3_1_0_0,3,2.0,0.05
20573,2_5_1_0,5,3.0,0.05
20574,3_4_0_1,0,-2.5,0.05
20575,1_7_0_1,1,3.0,0.05
20576,1_7_0_1,1,3.0,0.05
20577,1_4_0_0,3,2.0,0.05
20578,2_2_1_0,1,6.0,0.05
20579,1_6_1_0,1,6.0,0.05
20580,3_6_1_0,1,6.0,0.05
20581,2_2_1_1,4,7.0,0.05
20582,2_6_1_1,1,9.0,0.05
20583,1_5_0_0,3,2.0,0.05
20584,2_6_1_1,1,9.0,0.05
20585,3_3_0_0,5,2.0,0.05
20586,3_0_0_0,5,2.0,0.05
20587,3_5_1_0,0,3.0,0.05
20588,1_7_0_1,1,3.0,0.05
20589,2_7_0_0,3,2.0,0.05
20590,2_3_1_1,0,9.0,0.05
20591,1_1_0_1,0,1.5,0.05
20592,3_2_1_1,1,9.0,0.05
20593,2_5_1_0,1,2.0,0.05
20594,2_2_0_1,4,1.5,0.05
20595,1_1_0_1,0,1.5,0.05
20596,3_1_1_0,0,3.0,0.05
20597,2_4_0_1,4,1.5,0.05
20598,2_4_0_0,3,2.0,0.05
20599,3_4_0_0,5,2.0,0.05
20600,3_3_1_0,0,3.0,0.05
20601,3_0_0_0,5,2.0,0.05
20602,2_2_1_1,4,7.0,0.05
20603,3_6_0_1,1,3.0,0.05
20604,1_6_1_0,1,6.0,0.05
20605,2_7_1_0,1,6.0,0.05
20606,1_0_0_0,3,2.0,0.05
20607,3_7_0_1,3,1.0,0.05
20608,2_0_1_1,1,5.0,0.05
20609,1_0_1_1,4,7.0,0.05
20610,2_1_0_1,0,1.5,0.05
20611,3_5_0_1,0,1.5,0.05
20612,2_1_0_0,0,-4.5,0.05
20613,3_5_1_0,0,3.0,0.05
20614,1_3_1_0,1,6.0,0.05
20615,2_0_1_1,1,5.0,0.05
20616,3_2_0_1,2,-4.0,0.05
20617,1_0_0_1,3,1.0,0.05
20618,1_7_0_1,1,3.0,0.05
20619,2_6_0_1,4,1.5,0.05
20620,1_5_1_0,1,2.0,0.05
20621,3_7_0_1,3,1.0,0.05
20622,2_6_0_0,1,0.0,0.05
20623,3_6_1_0,1,6.0,0.05
20624,1_5_1_0,1,2.0,0.05
20625,1_2_0_0,3,2.0,0.05
20626,1_1_1_0,5,3.0,0.05
20627,1_7_1_0,1,6.0,0.05
20628,3_1_0_1,0,1.5,0.05
20629,2_2_0_1,4,1.5,0.05
20630,2_3_1_1,0,9.0,0.05
20631,1_6_0_0,2,2.0,0.05
20632,3_4_0_0,5,2.0,0.05
20633,2_6_1_1,1,9.0,0.05
20634,1_6_0_1,1,3.0,0.05
20635,3_7_1_0,1,6.0,0.05
20636,3_3_1_0,0,3.0,0.05
20637,2_6_1_1,1,9.0,0.05
20638,1_3_0_1,1,3.0,0.05
20639,1_0_0_0,3,2.0,0.05
20640,2_5_0_0,5,2.0,0.05
20641,1_7_1_0,1,6.0,0.05
20642,1_5_0_0,3,2.0,0.05
20643,1_1_1_1,0,9.0,0.05
20644,2_3_1_0,1,6.0,0.05
20645,3_5_1_1,0,9.0,0.05
20646,1_0_1_1,4,7.0,0.05
20647,3_1_0_1,0,1.5,0.05
20648,3_6_1_1,4,7.0,0.05
20649,2_3_1_1,0,9.0,0.05
20650,1_5_0_1,0,1.5,0.05
20651,2_5_0_1,4,1.5,0.05
20652,3_2_1_1,1,9.0,0.05
20653,2_0_0_0,5,2.0,0.05
20654,3_2_1_1,4,7.0,0.05
20655,2_6_0_1,4,1.5,0.05
20656,3_0_0_0,5,2.0,0.05
20657,3_3_1_1,0,9.0,0.05
20658,3_1_0_0,3,2.0,0.05
20659,3_6_0_1,4,1.5,0.05
20660,3_3_0_1,1,3.0,0.05
20661,3_6_0_0,5,2.0,0.05
20662,3_2_0_0,3,2.0,0.05
20663,1_2_0_1,3,1.0,0.05
20664,3_7_1_0,1,6.0,0.05
20665,1_3_1_1,4,7.0,0.05
20666,2_2_1_0,1,6.0,0.05
20667,1_0_1_0,5,3.0,0.05
20668,3_1_1_0,0,3.0,0.05
20669,2_2_1_0,1,6.0,0.05
20670,1_6_1_1,5,1.0,0.05
20671,3_0_0_0,5,2.0,0.05
20672,3_1_0_0,3,2.0,0.05
20673,3_1_0_0,0,-4.5,0.05
20674,1_6_0_1,1,3.0,0.05
20675,2_3_0_1,3,1.0,0.05
20676,2_2_0_1,4,1.5,0.05
20677,3_1_0_1,0,1.5,0.05
20678,2_0_0_0,5,2.0,0.05
20679,1_7_0_0,2,2.0,0.05
20680,2_3_1_0,1,6.0,0.05
20681,2_3_0_1,3,1.0,0.05
20682,1_1_0_1,0,1.5,0.05
20683,2_1_0_0,5,2.0,0.05
20684,2_1_1_0,5,3.0,0.05
20685,1_5_0_1,0,1.5,0.05
20686,1_3_0_1,4,1.5,0.05
20687,3_1_1_1,0,9.0,0.05
20688,2_3_1_0,1,6.0,0.05
20689,1_7_0_1,1,3.0,0.05
20690,2_2_1_1,4,7.0,0.05
20691,1_1_1_0,5,3.0,0.05
20692,1_6_1_0,1,6.0,0.05
20693,3_0_0_0,5,2.0,0.05
20694,3_1_0_1,0,1.5,0.05
20695,1_1_1_0,5,3.0,0.05
20696,2_6_0_0,1,0.0,0.05
20697,2_6_0_1,4,1.5,0.05
20698,2_5_1_1,0,9.0,0.05
20699,2_7_1_1,0,9.0,0.05
20700,1_5_1_0,1,2.0,0.05
20701,2_4_0_1,4,1.5,0.05
20702,2_2_1_1,4,7.0,0.05
20703,1_3_0_1,1,3.0,0.05
20704,3_3_1_1,1,9.0,0.05
20705,3_3_0_1,1,3.0,0.05
20706,2_7_0_1,1,3.0,0.05
20707,1_5_1_1,0,9.0,0.05
20708,2_4_0_1,4,1.5,0.05
20709,3_5_0_1,0,1.5,0.05
20710,1_1_0_1,0,1.5,0.05
20711,2_3_0_0,3,2.0,0.05
20712,2_0_0_1,4,1.5,0.05
20713,3_3_0_1,1,3.0,0.05
20714,2_7_0_0,3,2.0,0.05
20715,1_5_0_0,3,2.0,0.05
20716,2_3_0_0,3,2.0,0.05
20717,2_5_0_1,4,1.5,0.05
20718,1_5_0_1,2,0.0,0.05
20719,3_6_1_0,1,6.0,0.05
20720,3_0_0_0,5,2.0,0.05
20721,3_6_0_0,5,2.0,0.05
20722,1_3_1_0,1,6.0,0.05
20723,3_4_0_1,4,1.5,0.05
20724,3_3_0_1,1,3.0,0.05
20725,2_1_1_0,5,3.0,0.05
20726,3_5_0_0,3,2.0,0.05
20727,1_0_0_1,3,1.0,0.05
20728,1_7_0_0,2,2.0,0.05
20729,2_4_1_1,0,5.0,0.05
20730,3_7_1_0,1,6.0,0.05
20731,3_6_1_0,1,6.0,0.05
20732,3_5_1_1,0,9.0,0.05
20733,1_6_1_1,4,7.0,0.05
20734,2_0_0_0,5,2.0,0.05
20735,3_6_1_0,1,6.0,0.05
20736,2_3_1_1,0,9.0,0.05
20737,3_6_1_1,4,7.0,0.05
20738,3_5_1_0,0,3.0,0.05
20739,1_0_1_1,4,7.0,0.05
20740,1_3_0_0,5,2.0,0.05
20741,3_7_0_0,2,2.0,0.05
20742,3_2_1_0,1,6.0,0.05
20743,1_0_1_0,5,3.0,0.05
20744,2_7_0_1,1,3.0,0.05
20745,3_6_1_1,4,7.0,0.05
20746,3_2_1_0,1,6.0,0.05
20747,2_0_1_0,5,3.0,0.05
20748,2_3_0_1,3,1.0,0.05
20749,2_7_0_1,1,3.0,0.05
20750,1_0_1_1,4,7.0,0.05
20751,3_1_1_0,0,3.0,0.05
20752,3_0_1_0,4,1.0,0.05
20753,3_4_1_1,0,5.0,0.05
20754,1_1_0_0,3,2.0,0.05
20755,2_2_1_1,4,7.0,0.05
20756,2_0_1_1,1,5.0,0.05
20757,2_1_0_1,0,1.5,0.05
20758,2_7_0_1,1,3.0,0.05
20759,3_3_1_1,1,9.0,0.05
20760,3_5_1_1,0,9.0,0.05
20761,2_0_1_1,1,5.0,0.05
20762,3_6_1_0,1,6.0,0.05
20763,1_0_1_0,5,3.0,0.05
20764,2_5_0_0,5,2.0,0.05
20765,1_1_1_0,5,3.0,0.05
20766,2_3_0_0,3,2.0,0.05
20767,1_6_1_1,4,7.0,0.05
20768,1_0_1_0,5,3.0,0.05
20769,2_2_0_0,1,0.0,0.05
20770,2_3_0_1,3,1.0,0.05
20771,3_4_1_0,5,3.0,0.05
20772,3_2_0_1,4,1.5,0.05
20773,2_5_1_0,1,2.0,0.05
20774,3_1_0_0,3,2.0,0.05
20775,1_2_0_0,3,2.0,0.05
20776,1_7_0_0,2,2.0,0.05
20777,1_3_1_0,1,6.0,0.05
20778,2_4_1_1,0,5.0,0.05
20779,3_1_0_1,0,1.5,0.05
20780,1_5_1_1,0,9.0,0.05
20781,3_1_0_0,3,2.0,0.05
20782,1_6_0_0,2,2.0,0.05
20783,1_6_0_1,1,3.0,0.05
20784,3_0_0_0,5,2.0,0.05
20785,3_3_0_1,1,3.0,0.05
20786,1_1_0_1,0,1.5,0.05
20787,2_3_1_1,0,9.0,0.05
20788,1_3_0_1,1,3.0,0.05
20789,2_5_1_1,0,9.0,0.05
20790,2_1_0_0,5,2.0,0.05
20791,2_4_0_0,3,2.0,0.05
20792,3_1_0_0,3,2.0,0.05
20793,1_0_1_0,5,3.0,0.05
20794,2_6_1_1,4,7.0,0.05
20795,1_5_0_0,3,2.0,0.05
20796,3_7_0_1,3,1.0,0.05
20797,1_1_0_0,3,2.0,0.05
20798,2_6_1_1,1,9.0,0.05
20799,3_4_0_0,5,2.0,0.05
20800,2_6_0_0,1,0.0,0.05
20801,2_7_0_1,1,3.0,0.05
20802,3_2_1_0,1,6.0,0.05
20803,2_5_0_1,4,1.5,0.05
20804,1_3_0_0,5,2.0,0.05
20805,1_3_0_0,5,2.0,0.05
20806,1_5_0_1,0,1.5,0.05
20807,3_7_1_1,4,7.0,0.05
20808,1_7_1_1,0,9.0,0.05
20809,2_1_0_1,0,1.5,0.05
20810,2_3_0_1,3,1.0,0.05
20811,3_5_0_1,0,1.5,0.05
20812,3_7_0_0,2,2.0,0.05
20813,3_5_0_0,1,-4.0,0.05
20814,1_2_0_0,3,2.0,0.05
20815,2_3_0_1,3,1.0,0.05
20816,3_3_1_0,0,3.0,0.05
20817,3_4_1_1,0,5.0,0.05
20818,1_5_1_0,1,2.0,0.05
20819,2_3_1_0,1,6.0,0.05
20820,1_3_0_1,1,3.0,0.05
20821,1_1_0_0,3,2.0,0.05
20822,2_6_1_0,1,6.0,0.05
20823,1_2_0_1,3,1.0,0.05
20824,3_2_1_0,1,6.0,0.05
20825,2_5_1_1,0,9.0,0.05
20826,2_5_1_1,0,9.0,0.05
20827,3_3_1_1,1,9.0,0.05
20828,1_1_0_1,0,1.5,0.05
20829,1_7_0_1,1,3.0,0.05
20830,3_3_1_1,1,9.0,0.05
20831,2_6_1_0,1,6.0,0.05
20832,2_6_0_1,4,1.5,0.05
20833,3_5_0_1,0,1.5,0.05
20834,3_2_0_0,3,2.0,0.05
20835,3_0_0_0,0,-8.5,0.05
20836,3_6_0_1,1,3.0,0.05
20837,3_2_1_0,1,6.0,0.05
20838,3_7_0_1,3,1.0,0.05
20839,2_2_1_1,4,7.0,0.05
20840,1_1_1_0,5,3.0,0.05
20841,3_5_1_0,0,3.0,0.05
20842,2_0_1_0,2,-7.0,0.05
20843,1_0_1_0,5,3.0,0.05
20844,3_2_0_0,3,2.0,0.05
20845,3_6_1_1,4,7.0,0.05
20846,1_2_0_1,3,1.0,0.05
20847,3_0_0_1,3,1.0,0.05
20848,3_3_0_1,1,3.0,0.05
20849,1_0_0_0,3,2.0,0.05
20850,3_4_1_1,0,5.0,0.05
20851,3_3_1_0,0,3.0,0.05
20852,1_7_1_0,1,6.0,0.05
20853,3_6_0_0,5,2.0,0.05
20854,3_3_1_1,1,9.0,0.05
20855,1_2_1_1,4,7.0,0.05
20856,2_3_1_0,1,6.0,0.05
20857,2_2_1_0,1,6.0,0.05
20858,1_7_1_1,0,9.0,0.05
20859,2_6_0_0,1,0.0,0.05
20860,1_2_1_1,4,7.0,0.05
20861,2_4_1_0,1,2.0,0.05
20862,2_1_0_1,2,-4.0,0.05
20863,2_6_0_0,1,0.0,0.05
20864,2_1_0_0,5,2.0,0.05
20865,3_7_1_1,4,7.0,0.05
20866,1_1_1_0,5,3.0,0.05
20867,2_0_0_1,4,1.5,0.05
20868,1_2_0_1,3,1.0,0.05
20869,2_2_0_1,4,1.5,0.05
20870,2_4_1_0,1,2.0,0.05
20871,2_0_0_1,4,1.5,0.05
20872,2_1_1_0,5,3.0,0.05
20873,1_1_0_0,3,2.0,0.05
20874,1_2_1_1,4,7.0,0.05
20875,3_0_0_1,3,1.0,0.05
20876,1_2_0_0,3,2.0,0.05
20877,2_5_0_0,5,2.0,0.05
20878,2_0_1_0,5,3.0,0.05
20879,2_1_1_1,4,7.0,0.05
20880,3_2_0_1,1,3.0,0.05
20881,3_0_0_0,5,2.0,0.05
20882,3_6_0_0,5,2.0,0.05
20883,3_6_1_0,1,6.0,0.05
20884,1_3_0_0,5,2.0,0.05
20885,2_6_1_0,1,6.0,0.05
20886,1_3_1_1,4,7.0,0.05
20887,3_7_1_1,4,7.0,0.05
20888,1_3_0_1,1,3.0,0.05
20889,2_5_1_0,1,2.0,0.05
20890,1_7_1_0,1,6.0,0.05
20891,1_3_0_0,5,2.0,0.05
20892,2_7_0_1,1,3.0,0.05
20893,3_6_0_0,5,2.0,0.05
20894,2_2_0_0,3,2.0,0.05
20895,1_2_0_1,3,1.0,0.05
20896,2_1_0_1,0,1.5,0.05
20897,3_5_1_0,0,3.0,0.05
20898,3_0_0_0,5,2.0,0.05
20899,1_4_1_1,4,7.0,0.05
20900,3_5_1_0,0,3.0,0.05
20901,3_6_0_0,5,2.0,0.05
20902,1_4_1_0,5,3.0,0.05
20903,3_4_1_0,5,3.0,0.05
20904,3_2_0_1,4,1.5,0.05
20905,3_2_0_0,3,2.0,0.05
20906,3_0_1_0,4,1.0,0.05
20907,3_3_1_1,1,9.0,0.05
20908,1_1_0_0,3,2.0,0.05
20909,3_6_1_0,1,6.0,0.05
20910,3_2_1_1,1,9.0,0.05
20911,2_1_0_1,0,1.5,0.05
20912,3_7_1_0,1,6.0,0.05
20913,1_0_0_0,3,2.0,0.05
20914,3_1_0_0,3,2.0,0.05
20915,2_3_1_1,0,9.0,0.05
20916,3_3_0_1,1,3.0,0.05
20917,3_1_0_1,0,1.5,0.05
20918,1_1_0_0,3,2.0,0.05
20919,1_7_0_0,2,2.0,0.05
20920,1_4_0_0,3,2.0,0.05
20921,1_2_1_1,4,7.0,0.05
20922,3_7_1_0,2,-3.0,0.05
20923,2_3_1_1,0,9.0,0.05
20924,1_5_0_1,0,1.5,0.05
20925,3_1_0_0,3,2.0,0.05
20926,2_7_1_1,0,9.0,0.05
20927,3_5_1_1,0,9.0,0.05
20928,3_1_0_1,0,1.5,0.05
20929,1_7_1_1,0,9.0,0.05
20930,1_5_0_0,3,2.0,0.05
20931,3_1_0_1,0,1.5,0.05
20932,2_6_1_0,1,6.0,0.05
20933,1_2_0_1,3,1.0,0.05
20934,2_2_0_1,4,1.5,0.05
20935,3_0_0_1,3,1.0,0.05
20936,1_4_1_0,5,3.0,0.05
20937,3_5_0_0,3,2.0,0.05
20938,2_2_1_1,4,7.0,0.05
20939,1_1_1_1,0,9.0,0.05
20940,2_1_0_1,0,1.5,0.05
20941,1_0_1_1,4,7.0,0.05
20942,1_3_1_1,4,7.0,0.05
20943,1_7_1_1,0,9.0,0.05
20944,2_3_0_0,3,2.0,0.05
20945,2_0_1_0,5,3.0,0.05
20946,2_5_0_0,5,2.0,0.05
20947,1_7_1_0,4,1.0,0.05
20948,1_3_0_0,5,2.0,0.05
20949,1_6_1_1,4,7.0,0.05
20950,3_1_1_0,0,3.0,0.05
20951,2_1_1_0,5,3.0,0.05
20952,1_7_0_1,1,3.0,0.05
20953,3_0_1_0,4,1.0,0.05
20954,1_6_0_1,1,3.0,0.05
20955,2_0_1_0,5,3.0,0.05
20956,2_0_1_1,1,5.0,0.05
20957,1_7_0_0,2,2.0,0.05
20958,3_1_1_0,0,3.0,0.05
20959,2_4_1_0,1,2.0,0.05
20960,3_1_0_0,3,2.0,0.05
20961,1_0_0_0,3,2.0,0.05
20962,2_0_1_1,1,5.0,0.05
20963,3_2_0_1,4,1.5,0.05
20964,1_4_1_0,5,3.0,0.05
20965,3_7_0_1,3,1.0,0.05
20966,2_0_1_1,1,5.0,0.05
20967,1_3_1_1,4,7.0,0.05
20968,1_5_0_0,3,2.0,0.05
20969,1_5_1_1,0,9.0,0.05
20970,1_5_1_0,1,2.0,0.05
20971,1_3_0_1,1,3.0,0.05
20972,2_7_1_0,1,6.0,0.05
20973,2_1_1_0,5,3.0,0.05
20974,1_5_0_1,0,1.5,0.05
20975,1_0_1_0,5,3.0,0.05
20976,3_7_0_0,2,2.0,0.05
20977,2_5_1_1,0,9.0,0.05
20978,3_2_0_0,3,2.0,0.05
20979,3_0_1_1,0,5.0,0.05
20980,1_1_0_1,0,1.5,0.05
20981,2_3_1_0,1,6.0,0.05
20982,3_3_1_0,0,3.0,0.05
20983,2_5_1_0,1,2.0,0.05
20984,3_7_1_1,4,7.0,0.05
20985,1_0_1_1,4,7.0,0.05
20986,1_5_1_0,1,2.0,0.05
20987,3_3_0_0,5,2.0,0.05
20988,1_6_1_1,4,7.0,0.05
20989,1_3_0_0,5,2.0,0.05
20990,2_0_0_0,5,2.0,0.05
20991,3_6_1_1,4,7.0,0.05
20992,1_0_0_0,3,2.0,0.05
20993,2_3_1_0,0,3.0,0.05
20994,3_1_0_1,0,1.5,0.05
20995,2_7_0_0,3,2.0,0.05
20996,3_7_0_1,3,1.0,0.05
20997,2_0_0_1,4,1.5,0.05
20998,3_0_1_0,4,1.0,0.05
20999,1_0_0_1,3,1.0,0.05
21000,1_3_0_1,1,3.0,0.05
21001,1_4_1_1,4,7.0,0.05
21002,1_3_0_0,5,2.0,0.05
21003,3_3_1_0,0,3.0,0.05
21004,3_4_1_1,0,5.0,0.05
21005,3_6_0_1,1,3.0,0.05
21006,1_6_1_0,1,6.0,0.05
21007,1_2_0_1,3,1.0,0.05
21008,1_6_0_1,1,3.0,0.05
21009,2_2_1_0,1,6.0,0.05
21010,2_7_0_0,3,2.0,0.05
21011,1_2_0_1,3,1.0,0.05
21012,3_3_0_1,1,3.0,0.05
21013,1_3_0_1,1,3.0,0.05
21014,1_5_1_0,1,2.0,0.05
21015,2_5_1_1,0,9.0,0.05
21016,3_0_1_0,4,1.0,0.05
21017,2_3_0_1,3,1.0,0.05
21018,1_1_0_1,0,1.5,0.05
21019,3_7_1_0,1,6.0,0.05
21020,3_4_1_1,0,5.0,0.05
21021,2_0_0_0,5,2.0,0.05
21022,3_2_1_1,1,9.0,0.05
21023,1_4_1_1,4,7.0,0.05
21024,2_4_1_0,1,2.0,0.05
21025,3_1_0_0,3,2.0,0.05
21026,1_1_1_0,5,3.0,0.05
21027,2_0_0_0,5,2.0,0.05
21028,1_2_0_0,3,2.0,0.05
21029,2_4_1_1,0,5.0,0.05
21030,1_4_1_0,5,3.0,0.05
21031,1_1_1_1,0,9.0,0.05
21032,3_6_0_1,1,3.0,0.05
21033,2_7_1_0,1,6.0,0.05
21034,2_5_0_1,4,1.5,0.05
21035,1_5_1_0,1,2.0,0.05
21036,3_3_0_0,5,2.0,0.05
21037,1_2_1_0,1,6.0,0.05
21038,2_1_1_0,5,3.0,0.05
21039,2_4_0_0,3,2.0,0.05
21040,2_3_1_0,1,6.0,0.05
21041,3_3_1_0,0,3.0,0.05
21042,1_1_1_0,5,3.0,0.05
21043,1_0_0_1,3,1.0,0.05
21044,3_3_0_1,1,3.0,0.05
21045,1_7_1_1,0,9.0,0.05
21046,1_7_0_0,2,2.0,0.05
21047,3_4_0_1,4,1.5,0.05
21048,1_2_1_1,4,7.0,0.05
21049,3_7_0_0,2,2.0,0.05
21050,2_3_0_1,3,1.0,0.05
21051,2_7_1_0,1,6.0,0.05
21052,3_7_1_1,4,7.0,0.05
21053,1_6_1_1,4,7.0,0.05
21054,1_5_1_0,1,2.0,0.05
21055,1_7_0_1,1,3.0,0.05
21056,1_0_1_0,5,3.0,0.05
21057,1_6_0_0,2,2.0,0.05
21058,3_1_0_1,0,1.5,0.05
21059,3_3_0_0,5,2.0,0.05
21060,3_1_1_1,0,9.0,0.05
21061,1_1_0_1,0,1.5,0.05
21062,1_0_1_0,5,3.0,0.05
21063,2_6_0_0,1,0.0,0.05
21064,1_6_0_1,1,3.0,0.05
21065,3_0_1_0,4,1.0,0.05
21066,3_6_0_1,1,3.0,0.05
21067,2_1_1_1,4,7.0,0.05
21068,1_3_1_0,1,6.0,0.05
21069,2_2_1_0,1,6.0,0.05
21070,1_0_1_1,4,7.0,0.05
21071,3_1_1_0,0,3.0,0.05
21072,3_2_1_0,1,6.0,0.05
21073,3_1_0_1,0,1.5,0.05
21074,3_4_1_0,5,3.0,0.05
21075,3_3_1_0,0,3.0,0.05
21076,3_7_1_1,4,7.0,0.05
21077,3_0_1_0,4,1.0,0.05
21078,3_2_1_1,1,9.0,0.05
21079,3_1_0_1,0,1.5,0.05
21080,1_2_1_0,1,6.0,0.05
21081,3_5_0_0,1,-4.0,0.05
21082,2_1_1_1,4,7.0,0.05
21083,3_0_1_0,4,1.0,0.05
21084,3_1_0_1,0,1.5,0.05
21085,1_3_1_1,4,7.0,0.05
21086,1_1_0_1,0,1.5,0.05
21087,1_7_0_0,2,2.0,0.05
21088,1_4_1_1,4,7.0,0.05
21089,1_1_1_1,0,9.0,0.05
21090,1_4_1_1,4,7.0,0.05
21091,3_3_1_0,0,3.0,0.05
21092,3_2_1_0,1,6.0,0.05
21093,1_2_1_1,4,7.0,0.05
21094,3_0_0_1,3,1.0,0.05
21095,3_5_1_1,0,9.0,0.05
21096,3_5_1_0,0,3.0,0.05
21097,2_6_0_1,4,1.5,0.05
21098,2_4_1_1,0,5.0,0.05
21099,1_1_1_1,0,9.0,0.05
21100,1_7_1_1,0,9.0,0.05
21101,1_2_1_0,1,6.0,0.05
21102,3_7_0_1,3,1.0,0.05
21103,3_4_0_1,4,1.5,0.05
21104,2_4_1_1,0,5.0,0.05
21105,2_1_1_0,5,3.0,0.05
21106,2_0_1_0,5,3.0,0.05
21107,2_7_1_0,1,6.0,0.05
21108,2_7_0_1,1,3.0,0.05
21109,1_6_0_1,1,3.0,0.05
21110,3_1_1_1,0,9.0,0.05
21111,1_7_1_1,0,9.0,0.05
21112,3_3_1_1,1,9.0,0.05
21113,3_6_0_0,5,2.0,0.05
21114,2_5_0_1,4,1.5,0.05
21115,1_2_1_1,4,7.0,0.05
21116,3_1_1_0,0,3.0,0.05
21117,2_5_1_0,1,2.0,0.05
21118,3_2_1_1,1,9.0,0.05
21119,1_0_1_1,4,7.0,0.05
21120,1_5_1_1,0,9.0,0.05
21121,2_1_0_1,0,1.5,0.05
21122,1_7_1_1,0,9.0,0.05
21123,2_1_0_1,0,1.5,0.05
21124,2_1_1_0,5,3.0,0.05
21125,1_1_1_0,5,3.0,0.05
21126,3_6_1_0,1,6.0,0.05
21127,3_7_0_0,2,2.0,0.05
21128,3_6_1_0,1,6.0,0.05
21129,2_0_1_0,5,3.0,0.05
21130,3_1_0_1,0,1.5,0.05
21131,1_6_1_1,4,7.0,0.05
21132,1_0_0_0,3,2.0,0.05
21133,1_6_1_1,4,7.0,0.05
21134,2_5_1_1,0,9.0,0.05
21135,3_5_0_1,0,1.5,0.05
21136,2_2_1_1,4,7.0,0.05
21137,1_0_1_1,4,7.0,0.05
21138,1_7_1_0,1,6.0,0.05
21139,1_0_0_0,3,2.0,0.05
21140,1_5_1_0,1,2.0,0.05
21141,1_3_0_1,1,3.0,0.05
21142,3_7_0_0,2,2.0,0.05
21143,3_7_1_1,4,7.0,0.05
21144,1_7_1_1,0,9.0,0.05
21145,2_5_1_1,0,9.0,0.05
21146,3_7_1_1,4,7.0,0.05
21147,1_4_1_0,5,3.0,0.05
21148,2_3_0_0,3,2.0,0.05
21149,2_4_1_1,0,5.0,0.05
21150,3_5_0_0,3,2.0,0.05
21151,3_1_1_1,0,9.0,0.05
21152,1_4_0_0,3,2.0,0.05
21153,2_6_0_0,1,0.0,0.05
21154,3_0_1_0,4,1.0,0.05
21155,1_3_0_0,5,2.0,0.05
21156,1_5_0_1,0,1.5,0.05
21157,3_4_0_1,4,1.5,0.05
21158,2_2_1_1,4,7.0,0.05
21159,2_2_1_1,4,7.0,0.05
21160,2_4_0_1,4,1.5,0.05
21161,1_2_0_0,3,2.0,0.05
21162,2_1_0_0,5,2.0,0.05
21163,3_6_1_1,4,7.0,0.05
21164,2_5_1_0,1,2.0,0.05
21165,2_5_1_0,1,2.0,0.05
21166,2_4_1_0,1,2.0,0.05
21167,2_7_1_0,1,6.0,0.05
21168,3_3_1_1,1,9.0,0.05
21169,2_2_1_1,4,7.0,0.05
21170,2_4_0_1,4,1.5,0.05
21171,1_1_1_1,0,9.0,0.05
21172,1_3_0_1,1,3.0,0.05
21173,1_4_1_1,4,7.0,0.05
21174,3_2_0_1,4,1.5,0.05
21175,1_7_0_0,2,2.0,0.05
21176,1_1_0_0,3,2.0,0.05
21177,3_5_1_0,0,3.0,0.05
21178,3_7_1_0,1,6.0,0.05
21179,2_0_1_0,5,3.0,0.05
21180,1_5_1_0,1,2.0,0.05
21181,1_3_1_1,4,7.0,0.05
21182,2_3_0_1,4,1.5,0.05
21183,1_2_0_0,1,0.0,0.05
21184,2_7_0_1,1,3.0,0.05
21185,1_1_0_0,3,2.0,0.05
21186,3_4_1_0,5,3.0,0.05
21187,3_0_1_1,0,5.0,0.05
21188,3_6_0_0,5,2.0,0.05
21189,1_5_0_1,0,1.5,0.05
21190,3_7_1_0,1,6.0,0.05
21191,1_4_1_1,4,7.0,0.05
21192,2_2_0_0,3,2.0,0.05
21193,2_1_0_0,5,2.0,0.05
21194,1_0_1_1,4,7.0,0.05
21195,2_7_1_1,0,9.0,0.05
21196,3_3_0_1,1,3.0,0.05
21197,1_2_1_1,4,7.0,0.05
21198,2_5_0_0,2,2.0,0.05
21199,1_7_1_1,3,-15.0,0.05
21200,2_7_0_1,1,3.0,0.05
21201,3_5_1_0,0,3.0,0.05
21202,1_1_0_0,3,2.0,0.05
21203,2_1_1_1,4,7.0,0.05
21204,1_3_0_0,5,2.0,0.05
21205,2_5_1_1,0,9.0,0.05
21206,3_5_0_1,0,1.5,0.05
21207,2_6_1_0,1,6.0,0.05
21208,1_1_1_0,5,3.0,0.05
21209,1_2_0_1,3,1.0,0.05
21210,2_7_1_0,1,6.0,0.05
21211,3_1_0_1,0,1.5,0.05
21212,3_5_0_1,0,1.5,0.05
21213,2_6_0_0,1,0.0,0.05
21214,3_5_1_1,0,9.0,0.05
21215,3_0_0_1,3,1.0,0.05
21216,2_1_1_1,4,7.0,0.05
21217,3_4_1_0,5,3.0,0.05
21218,2_0_0_0,5,2.0,0.05
21219,2_4_0_1,5,0.0,0.05
21220,2_0_0_0,5,2.0,0.05
21221,2_2_0_0,3,2.0,0.05
21222,1_1_0_1,0,1.5,0.05
21223,3_4_1_1,0,5.0,0.05
21224,1_1_1_0,5,3.0,0.05
21225,1_5_0_1,0,1.5,0.05
21226,2_3_0_0,3,2.0,0.05
21227,1_4_0_1,3,1.0,0.05
21228,2_1_1_0,5,3.0,0.05
21229,2_1_0_1,0,1.5,0.05
21230,2_5_0_0,5,2.0,0.05
21231,1_2_0_0,3,2.0,0.05
21232,2_3_0_0,3,2.0,0.05
21233,2_2_1_1,4,7.0,0.05
21234,3_6_0_1,1,3.0,0.05
21235,3_3_1_0,0,3.0,0.05
21236,2_1_0_0,5,2.0,0.05
21237,1_1_1_0,5,3.0,0.05
21238,2_6_1_1,1,9.0,0.05
21239,3_6_1_0,1,6.0,0.05
21240,3_4_0_1,4,1.5,0.05
21241,2_7_1_1,0,9.0,0.05
21242,2_1_0_1,0,1.5,0.05
21243,1_0_1_0,5,3.0,0.05
21244,1_6_0_0,2,2.0,0.05
21245,1_3_1_0,1,6.0,0.05
21246,3_1_1_1,0,9.0,0.05
21247,1_6_1_0,1,6.0,0.05
21248,2_0_1_1,1,5.0,0.05
21249,3_7_0_1,3,1.0,0.05
21250,3_0_0_1,3,1.0,0.05
21251,3_4_0_0,1,-4.0,0.05
21252,3_0_0_1,3,1.0,0.05
21253,2_5_1_1,0,9.0,0.05
21254,3_4_0_0,5,2.0,0.05
21255,2_3_0_1,3,1.0,0.05
21256,2_6_1_0,1,6.0,0.05
21257,1_3_0_0,5,2.0,0.05
21258,2_2_0_0,3,2.0,0.05
21259,3_7_1_0,1,6.0,0.05
21260,1_5_0_0,3,2.0,0.05
21261,3_6_1_0,1,6.0,0.05
21262,3_6_1_0,1,6.0,0.05
21263,3_0_0_0,5,2.0,0.05
21264,2_2_1_1,4,7.0,0.05
21265,3_0_1_0,4,1.0,0.05
21266,1_5_1_0,1,2.0,0.05
21267,3_5_0_1,0,1.5,0.05
21268,3_2_1_0,3,-14.0,0.05
21269,2_3_0_1,3,1.0,0.05
21270,2_7_1_0,1,6.0,0.05
21271,3_6_0_0,5,2.0,0.05
21272,3_2_1_1,4,7.0,0.05
21273,1_1_1_0,5,3.0,0.05
21274,3_5_0_1,0,1.5,0.05
21275,1_1_0_0,3,2.0,0.05
21276,3_3_0_0,5,2.0,0.05
21277,2_0_0_0,5,2.0,0.05
21278,2_0_0_1,4,1.5,0.05
21279,3_7_0_0,2,2.0,0.05
21280,3_5_1_0,0,3.0,0.05
21281,2_6_1_0,1,6.0,0.05
21282,1_1_1_0,5,3.0,0.05
21283,3_6_1_0,1,6.0,0.05
21284,3_3_0_1,1,3.0,0.05
21285,3_4_1_0,2,-3.0,0.05
21286,3_0_1_0,4,1.0,0.05
21287,1_6_0_1,1,3.0,0.05
21288,1_6_0_1,1,3.0,0.05
21289,3_4_0_0,5,2.0,0.05
21290,3_3_0_0,5,2.0,0.05
21291,3_7_0_1,3,1.0,0.05
21292,2_1_0_0,5,2.0,0.05
21293,3_0_1_1,0,5.0,0.05
21294,3_3_0_0,5,2.0,0.05
21295,2_0_0_0,5,2.0,0.05
21296,3_0_0_0,2,-2.0,0.05
21297,3_2_1_0,1,6.0,0.05
21298,2_4_0_1,4,1.5,0.05
21299,3_0_0_0,5,2.0,0.05
21300,2_7_1_1,0,9.0,0.05
21301,2_6_0_1,4,1.5,0.05
21302,2_5_0_0,5,2.0,0.05
21303,1_0_1_0,5,3.0,0.05
21304,1_6_1_1,4,7.0,0.05
21305,3_6_0_1,1,3.0,0.05
21306,2_1_0_1,3,1.0,0.05
21307,1_4_1_1,4,7.0,0.05
21308,3_6_1_0,1,6.0,0.05
21309,2_5_1_0,1,2.0,0.05
21310,1_3_1_1,4,7.0,0.05
21311,1_5_0_0,3,2.0,0.05
21312,1_1_1_0,5,3.0,0.05
21313,1_6_1_0,1,6.0,0.05
21314,2_3_0_1,3,1.0,0.05
21315,2_1_0_0,5,2.0,0.05
21316,1_2_1_0,1,6.0,0.05
21317,1_1_1_1,0,9.0,0.05
21318,2_2_1_1,4,7.0,0.05
21319,2_7_1_1,0,9.0,0.05
21320,2_5_0_1,2,0.0,0.05
21321,3_5_1_0,0,3.0,0.05
21322,2_7_0_0,3,2.0,0.05
21323,1_2_1_1,4,7.0,0.05
21324,2_5_1_1,0,9.0,0.05
21325,3_1_0_1,0,1.5,0.05
21326,1_0_0_0,3,2.0,0.05
21327,2_5_0_0,5,2.0,0.05
21328,3_1_0_0,3,2.0,0.05
21329,2_1_1_1,4,7.0,0.05
21330,2_2_1_1,4,7.0,0.05
21331,2_2_0_0,3,2.0,0.05
21332,2_2_0_1,0,-2.5,0.05
21333,2_0_1_1,1,5.0,0.05
21334,3_6_0_1,1,3.0,0.05
21335,1_7_1_0,1,6.0,0.05
21336,2_5_1_0,1,2.0,0.05
21337,2_0_0_0,5,2.0,0.05
21338,1_7_1_0,1,6.0,0.05
21339,1_7_1_1,0,9.0,0.05
21340,2_3_1_1,0,9.0,0.05
21341,2_3_0_0,3,2.0,0.05
21342,1_6_1_0,1,6.0,0.05
21343,2_2_0_0,3,2.0,0.05
21344,2_5_1_1,0,9.0,0.05
21345,3_6_0_1,5,0.0,0.05
21346,1_3_0_1,1,3.0,0.05
21347,3_1_0_0,3,2.0,0.05
21348,2_0_0_1,4,1.5,0.05
21349,2_4_1_1,0,5.0,0.05
21350,2_0_1_0,5,3.0,0.05
21351,2_4_0_0,3,2.0,0.05
21352,1_6_1_1,4,7.0,0.05
21353,2_0_0_0,5,2.0,0.05
21354,3_4_0_1,4,1.5,0.05
21355,3_3_1_1,2,-9.0,0.05
21356,1_1_0_1,0,1.5,0.05
21357,2_3_0_0,3,2.0,0.05
21358,1_7_1_1,0,9.0,0.05
21359,2_0_0_1,4,1.5,0.05
21360,1_0_0_0,3,2.0,0.05
21361,1_5_0_1,0,1.5,0.05
21362,2_2_0_1,4,1.5,0.05
21363,2_0_0_0,5,2.0,0.05
21364,1_2_1_1,4,7.0,0.05
21365,3_7_0_1,3,1.0,0.05
21366,3_0_0_1,3,1.0,0.05
21367,2_4_1_0,1,2.0,0.05
21368,3_3_1_1,1,9.0,0.05
21369,1_3_0_0,5,2.0,0.05
21370,2_5_0_1,4,1.5,0.05
21371,1_7_0_1,1,3.0,0.05
21372,3_3_1_1,1,9.0,0.05
21373,3_5_0_1,0,1.5,0.05
21374,1_2_0_1,3,1.0,0.05
21375,3_0_1_0,4,1.0,0.05
21376,2_0_0_1,4,1.5,0.05
21377,3_3_0_0,5,2.0,0.05
21378,2_7_1_0,1,6.0,0.05
21379,1_1_0_0,3,2.0,0.05
21380,2_1_0_1,0,1.5,0.05
21381,2_1_1_1,4,7.0,0.05
21382,1_7_1_1,0,9.0,0.05
21383,2_3_0_0,3,2.0,0.05
21384,3_0_1_1,0,5.0,0.05
21385,2_2_0_0,3,2.0,0.05
21386,2_2_0_1,4,1.5,0.05
21387,3_0_0_1,3,1.0,0.05
21388,2_7_0_1,1,3.0,0.05
21389,2_7_1_1,0,9.0,0.05
21390,3_6_0_1,1,3.0,0.05
21391,2_2_1_0,1,6.0,0.05
21392,1_4_0_1,3,1.0,0.05
21393,1_4_1_0,5,3.0,0.05
21394,1_0_1_0,1,2.0,0.05
21395,1_5_0_0,3,2.0,0.05
21396,2_4_1_1,0,5.0,0.05
21397,1_6_1_0,1,6.0,0.05
21398,1_7_0_0,2,2.0,0.05
21399,3_5_1_1,0,9.0,0.05
21400,2_6_0_0,1,0.0,0.05
21401,1_0_1_1,4,7.0,0.05
21402,1_0_0_1,0,-2.5,0.05
21403,3_5_1_1,0,9.0,0.05
21404,3_5_1_1,0,9.0,0.05
21405,1_3_0_1,1,3.0,0.05
21406,1_0_1_0,5,3.0,0.05
21407,2_0_1_0,5,3.0,0.05
21408,3_1_0_1,1,-1.0,0.05
21409,3_2_1_0,1,6.0,0.05
21410,3_4_1_1,5,1.0,0.05
21411,3_4_1_0,5,3.0,0.05
21412,3_7_0_1,3,1.0,0.05
21413,2_4_1_1,0,5.0,0.05
21414,2_5_0_0,5,2.0,0.05
21415,3_4_0_0,5,2.0,0.05
21416,3_7_1_1,4,7.0,0.05
21417,2_7_0_1,1,3.0,0.05
21418,2_6_1_1,1,9.0,0.05
21419,2_7_1_0,1,6.0,0.05
21420,2_3_1_1,0,9.0,0.05
21421,1_4_1_0,5,3.0,0.05
21422,1_5_0_1,0,1.5,0.05
21423,1_3_0_1,1,3.0,0.05
21424,3_0_1_1,0,5.0,0.05
21425,2_7_1_1,0,9.0,0.05
21426,3_0_0_0,5,2.0,0.05
21427,1_7_1_1,0,9.0,0.05
21428,1_6_1_1,4,7.0,0.05
21429,1_6_0_0,2,2.0,0.05
21430,1_7_1_1,0,9.0,0.05
21431,1_4_1_0,5,3.0,0.05
21432,2_5_0_1,4,1.5,0.05
21433,3_1_0_1,0,1.5,0.05
21434,1_7_0_1,1,3.0,0.05
21435,3_2_1_0,1,6.0,0.05
21436,2_2_0_0,3,2.0,0.05
21437,1_3_0_1,1,3.0,0.05
21438,1_5_1_0,1,2.0,0.05
21439,1_0_0_0,3,2.0,0.05
21440,3_1_0_0,3,2.0,0.05
21441,2_1_0_1,0,1.5,0.05
21442,3_7_0_0,2,2.0,0.05
21443,1_0_0_0,3,2.0,0.05
21444,1_4_0_1,5,0.0,0.05
21445,3_5_1_0,0,3.0,0.05
21446,3_2_1_0,1,6.0,0.05
21447,3_1_1_1,0,9.0,0.05
21448,1_6_1_1,4,7.0,0.05
21449,2_5_1_0,1,2.0,0.05
21450,2_0_1_1,1,5.0,0.05
21451,3_0_0_0,5,2.0,0.05
21452,2_3_0_0,3,2.0,0.05
21453,2_2_1_1,4,7.0,0.05
21454,2_5_0_0,5,2.0,0.05
21455,1_3_0_0,5,2.0,0.05
21456,3_1_1_1,0,9.0,0.05
21457,3_5_0_1,0,1.5,0.05
21458,3_1_0_1,0,1.5,0.05
21459,1_5_1_1,0,9.0,0.05
21460,2_1_1_0,5,3.0,0.05
21461,2_7_0_1,1,3.0,0.05
21462,1_1_1_0,5,3.0,0.05
21463,3_5_0_1,0,1.5,0.05
21464,3_5_0_0,3,2.0,0.05
21465,1_2_1_1,4,7.0,0.05
21466,2_0_1_1,1,5.0,0.05
21467,2_6_0_1,4,1.5,0.05
21468,3_2_0_1,4,1.5,0.05
21469,1_5_0_1,0,1.5,0.05
21470,1_6_0_1,1,3.0,0.05
21471,1_0_0_0,3,2.0,0.05
21472,2_2_1_1,4,7.0,0.05
21473,1_4_1_1,4,7.0,0.05
21474,1_3_0_0,5,2.0,0.05
21475,3_7_1_0,1,6.0,0.05
21476,1_2_1_1,4,7.0,0.05
21477,3_4_0_0,4,-4.5,0.05
21478,3_6_0_1,1,3.0,0.05
21479,2_4_1_1,0,5.0,0.05
21480,3_1_0_0,3,2.0,0.05
21481,2_2_0_0,3,2.0,0.05
21482,2_0_1_0,5,3.0,0.05
21483,2_2_1_1,4,7.0,0.05
21484,1_6_1_1,4,7.0,0.05
21485,1_5_0_0,2,2.0,0.05
21486,3_7_0_1,3,1.0,0.05
21487,2_7_0_1,1,3.0,0.05
21488,3_1_0_0,3,2.0,0.05
21489,1_7_0_1,1,3.0,0.05
21490,1_2_1_0,1,6.0,0.05
21491,3_2_1_1,1,9.0,0.05
21492,3_1_1_1,0,9.0,0.05
21493,1_7_1_0,1,6.0,0.05
21494,1_3_0_1,3,1.0,0.05
21495,1_1_1_0,5,3.0,0.05
21496,2_1_1_0,5,3.0,0.05
21497,1_2_1_1,4,7.0,0.05
21498,3_1_1_0,0,3.0,0.05
21499,3_1_0_0,3,2.0,0.05
21500,2_3_1_1,0,9.0,0.05
21501,1_4_1_0,5,3.0,0.05
21502,1_6_1_0,1,6.0,0.05
21503,1_7_1_1,0,9.0,0.05
21504,1_7_1_1,0,9.0,0.05
21505,2_7_1_0,1,6.0,0.05
21506,3_2_1_0,1,6.0,0.05
21507,3_1_1_0,0,3.0,0.05
21508,1_7_1_0,1,6.0,0.05
21509,3_2_0_0,3,2.0,0.05
21510,2_1_0_1,0,1.5,0.05
21511,2_6_0_0,1,0.0,0.05
21512,3_6_1_1,4,7.0,0.05
21513,2_0_1_0,5,3.0,0.05
21514,3_7_0_0,2,2.0,0.05
21515,2_3_1_1,0,9.0,0.05
21516,1_3_0_0,5,2.0,0.05
21517,2_2_0_0,3,2.0,0.05
21518,2_5_1_0,1,2.0,0.05
21519,2_3_1_1,0,9.0,0.05
21520,1_5_0_0,3,2.0,0.05
21521,2_5_0_1,4,1.5,0.05
21522,3_1_1_1,0,9.0,0.05
21523,3_3_0_1,1,3.0,0.05
21524,3_5_1_1,0,9.0,0.05
21525,1_6_0_0,2,2.0,0.05
21526,1_7_0_0,2,2.0,0.05
21527,1_7_0_1,1,3.0,0.05
21528,3_4_1_1,0,5.0,0.05
21529,1_3_1_0,1,6.0,0.05
21530,1_3_0_0,5,2.0,0.05
21531,2_1_1_1,4,7.0,0.05
21532,1_1_1_0,5,3.0,0.05
21533,2_7_1_0,1,6.0,0.05
21534,1_3_0_0,5,2.0,0.05
21535,1_3_0_0,5,2.0,0.05
21536,2_4_1_1,0,5.0,0.05
21537,1_1_1_1,0,9.0,0.05
21538,1_2_1_0,1,6.0,0.05
21539,3_7_1_1,4,7.0,0.05
21540,1_2_0_0,3,2.0,0.05
21541,3_4_0_0,5,2.0,0.05
21542,3_7_1_0,1,6.0,0.05
21543,1_4_1_0,5,3.0,0.05
21544,3_7_0_0,2,2.0,0.05
21545,1_7_0_0,2,2.0,0.05
21546,1_3_0_1,1,3.0,0.05
21547,1_7_0_0,2,2.0,0.05
21548,1_4_1_1,4,7.0,0.05
21549,2_7_0_0,3,2.0,0.05
21550,1_6_0_0,2,2.0,0.05
21551,3_5_1_1,0,9.0,0.05
21552,3_1_0_1,0,1.5,0.05
21553,2_1_0_0,5,2.0,0.05
21554,1_7_0_1,1,3.0,0.05
21555,1_7_0_0,2,2.0,0.05
21556,1_5_1_0,1,2.0,0.05
21557,3_4_0_1,4,1.5,0.05
21558,3_1_1_0,0,3.0,0.05
21559,1_7_1_1,0,9.0,0.05
21560,3_5_0_0,3,2.0,0.05
21561,3_7_1_1,4,7.0,0.05
21562,2_6_0_1,4,1.5,0.05
21563,3_6_1_0,1,6.0,0.05
21564,2_5_0_0,5,2.0,0.05
21565,1_7_1_0,1,6.0,0.05
21566,1_0_0_1,3,1.0,0.05
21567,3_2_1_1,1,9.0,0.05
21568,3_0_1_1,0,5.0,0.05
21569,1_1_0_1,0,1.5,0.05
21570,1_4_1_0,5,3.0,0.05
21571,1_4_1_0,5,3.0,0.05
21572,2_6_0_0,1,0.0,0.05
21573,1_5_1_1,0,9.0,0.05
21574,2_1_1_1,4,7.0,0.05
21575,3_7_1_0,1,6.0,0.05
21576,2_7_1_1,0,9.0,0.05
21577,1_3_0_1,1,3.0,0.05
21578,2_4_1_1,0,5.0,0.05
21579,2_3_0_1,3,1.0,0.05
21580,2_2_1_1,4,7.0,0.05
21581,3_0_1_1,0,5.0,0.05
21582,1_3_1_0,1,6.0,0.05
21583,1_2_0_0,3,2.0,0.05
21584,2_7_1_1,4,7.0,0.05
21585,2_7_0_0,1,0.0,0.05
21586,2_6_0_1,4,1.5,0.05
21587,2_7_0_1,1,3.0,0.05
21588,2_4_0_0,2,2.0,0.05
21589,3_3_1_0,0,3.0,0.05
21590,2_0_0_1,4,1.5,0.05
21591,2_4_0_0,3,2.0,0.05
21592,3_3_0_1,1,3.0,0.05
21593,3_7_0_1,3,1.0,0.05
21594,2_1_1_1,4,7.0,0.05
21595,3_3_1_0,0,3.0,0.05
21596,1_1_0_1,0,1.5,0.05
21597,1_7_0_0,2,2.0,0.05
21598,1_5_0_0,3,2.0,0.05
21599,2_2_0_0,3,2.0,0.05
21600,1_6_1_1,4,7.0,0.05
21601,1_0_1_1,4,7.0,0.05
21602,1_3_1_1,4,7.0,0.05
21603,1_5_0_0,3,2.0,0.05
21604,3_1_0_1,0,1.5,0.05
21605,1_6_1_1,4,7.0,0.05
21606,2_1_0_1,0,1.5,0.05
21607,2_7_0_1,1,3.0,0.05
21608,2_4_1_1,0,5.0,0.05
21609,2_2_0_0,3,2.0,0.05
21610,3_2_0_0,3,2.0,0.05
21611,3_5_1_1,0,9.0,0.05
21612,2_7_1_0,1,6.0,0.05
21613,1_6_1_1,4,7.0,0.05
21614,1_3_0_0,5,2.0,0.05
21615,3_6_0_0,5,2.0,0.05
21616,2_7_1_0,1,6.0,0.05
21617,2_4_1_0,2,-3.0,0.05
21618,3_1_0_1,0,1.5,0.05
21619,2_1_0_1,0,1.5,0.05
21620,2_1_1_0,5,3.0,0.05
21621,2_6_1_1,1,9.0,0.05
21622,1_4_1_1,4,7.0,0.05
21623,1_6_0_0,2,2.0,0.05
21624,1_1_0_0,3,2.0,0.05
21625,2_6_0_0,1,0.0,0.05
21626,1_3_0_0,5,2.0,0.05
21627,1_4_1_0,5,3.0,0.05
21628,2_4_0_0,3,2.0,0.05
21629,3_5_0_0,3,2.0,0.05
21630,1_4_1_0,5,3.0,0.05
21631,3_7_0_1,3,1.0,0.05
21632,1_6_0_1,1,3.0,0.05
21633,2_0_1_1,1,5.0,0.05
21634,2_3_0_0,3,2.0,0.05
21635,2_5_0_0,5,2.0,0.05
21636,3_0_0_0,5,2.0,0.05
21637,2_3_0_0,3,2.0,0.05
21638,3_5_1_0,0,3.0,0.05
21639,2_1_0_0,5,2.0,0.05
21640,3_1_1_0,0,3.0,0.05
21641,2_2_0_0,3,2.0,0.05
21642,1_1_1_1,0,9.0,0.05
21643,1_0_0_1,3,1.0,0.05
21644,3_7_0_1,3,1.0,0.05
21645,3_4_0_1,4,1.5,0.05
21646,2_6_0_0,1,0.0,0.05
21647,1_1_0_0,3,2.0,0.05
21648,2_3_1_1,0,9.0,0.05
21649,1_3_0_0,5,2.0,0.05
21650,1_2_1_1,4,7.0,0.05
21651,1_5_0_1,0,1.5,0.05
21652,3_4_1_0,5,3.0,0.05
21653,2_0_1_1,1,5.0,0.05
21654,1_2_1_0,1,6.0,0.05
21655,2_2_0_1,4,1.5,0.05
21656,1_7_1_1,0,9.0,0.05
21657,1_1_1_1,0,9.0,0.05
21658,1_5_0_0,3,2.0,0.05
21659,2_4_1_0,1,2.0,0.05
21660,2_7_1_1,0,9.0,0.05
21661,1_7_1_0,1,6.0,0.05
21662,1_4_0_0,3,2.0,0.05
21663,2_2_0_1,4,1.5,0.05
21664,2_7_1_0,1,6.0,0.05
21665,3_4_1_1,0,5.0,0.05
21666,3_0_1_1,0,5.0,0.05
21667,1_2_1_0,1,6.0,0.05
21668,3_3_1_0,0,3.0,0.05
21669,2_7_0_0,0,-4.5,0.05
21670,2_4_1_0,3,-14.0,0.05
21671,2_1_1_1,4,7.0,0.05
21672,3_1_0_0,3,2.0,0.05
21673,3_0_0_1,3,1.0,0.05
21674,1_7_1_1,0,9.0,0.05
21675,2_1_0_0,5,2.0,0.05
21676,3_1_0_1,0,1.5,0.05
21677,1_2_1_0,1,6.0,0.05
21678,1_2_0_0,5,2.0,0.05
21679,1_3_1_0,1,6.0,0.05
21680,2_0_0_1,2,-4.0,0.05
21681,1_3_1_0,1,6.0,0.05
21682,3_2_1_0,1,6.0,0.05
21683,2_0_0_0,5,2.0,0.05
21684,2_4_1_0,1,2.0,0.05
21685,1_6_1_0,1,6.0,0.05
21686,2_2_0_0,3,2.0,0.05
21687,1_2_1_1,4,7.0,0.05
21688,3_2_1_0,1,6.0,0.05
21689,1_4_0_1,3,1.0,0.05
21690,2_4_0_1,4,1.5,0.05
21691,3_7_1_1,4,7.0,0.05
21692,3_7_1_0,1,6.0,0.05
21693,1_5_0_1,0,1.5,0.05
21694,3_2_1_1,1,9.0,0.05
21695,3_4_1_1,0,5.0,0.05
21696,1_4_1_1,4,7.0,0.05
21697,3_0_0_0,5,2.0,0.05
21698,3_2_1_1,1,9.0,0.05
21699,1_0_1_1,4,7.0,0.05
21700,1_3_1_0,1,6.0,0.05
21701,3_6_0_0,5,2.0,0.05
21702,2_0_0_1,4,1.5,0.05
21703,1_1_1_0,3,-14.0,0.05
21704,3_5_1_1,0,9.0,0.05
21705,2_1_1_0,5,3.0,0.05
21706,1_4_0_1,3,1.0,0.05
21707,1_6_0_1,1,3.0,0.05
21708,2_7_0_1,1,3.0,0.05
21709,1_2_1_1,4,7.0,0.05
21710,2_6_0_0,1,0.0,0.05
21711,2_0_0_0,5,2.0,0.05
21712,2_3_1_0,1,6.0,0.05
21713,2_5_0_0,5,2.0,0.05
21714,1_3_1_0,1,6.0,0.05
21715,3_7_0_0,2,2.0,0.05
21716,2_2_1_0,1,6.0,0.05
21717,2_7_1_0,1,6.0,0.05
21718,2_2_1_1,4,7.0,0.05
21719,3_4_1_1,0,5.0,0.05
21720,3_1_1_1,0,9.0,0.05
21721,2_6_1_1,1,9.0,0.05
21722,2_4_1_0,1,2.0,0.05
21723,1_6_1_1,4,7.0,0.05
21724,1_4_0_0,3,2.0,0.05
21725,2_7_1_0,1,6.0,0.05
21726,3_7_0_0,2,2.0,0.05
21727,3_7_1_0,1,6.0,0.05
21728,1_5_1_1,0,9.0,0.05
21729,1_0_0_1,3,1.0,0.05
21730,3_5_0_1,0,1.5,0.05
21731,2_3_0_1,3,1.0,0.05
21732,1_4_0_0,3,2.0,0.05
21733,1_5_1_0,1,2.0,0.05
21734,2_5_1_0,1,2.0,0.05
21735,1_6_0_0,2,2.0,0.05
21736,1_0_0_0,3,2.0,0.05
21737,3_1_0_1,0,1.5,0.05
21738,1_2_0_0,3,2.0,0.05
21739,1_0_0_1,3,1.0,0.05
21740,3_5_0_1,0,1.5,0.05
21741,1_7_1_1,0,9.0,0.05
21742,2_5_1_1,0,9.0,0.05
21743,3_6_0_0,5,2.0,0.05
21744,2_6_0_1,4,1.5,0.05
21745,3_3_0_1,1,3.0,0.05
21746,3_6_1_1,4,7.0,0.05
21747,2_3_0_0,3,2.0,0.05
21748,3_0_1_1,0,5.0,0.05
21749,1_3_1_0,1,6.0,0.05
21750,2_5_1_1,0,9.0,0.05
21751,1_1_0_0,3,2.0,0.05
21752,2_6_1_0,1,6.0,0.05
21753,3_2_0_1,4,1.5,0.05
21754,3_5_0_1,0,1.5,0.05
21755,2_1_0_1,0,1.5,0.05
21756,1_2_0_0,3,2.0,0.05
21757,3_1_1_1,0,9.0,0.05
21758,1_3_0_1,1,3.0,0.05
21759,1_1_1_0,5,3.0,0.05
21760,3_0_1_1,0,5.0,0.05
21761,3_2_1_0,1,6.0,0.05
21762,3_1_0_1,0,1.5,0.05
21763,1_1_0_1,0,1.5,0.05
21764,1_7_1_0,1,6.0,0.05
21765,1_3_0_0,5,2.0,0.05
21766,3_1_0_0,3,2.0,0.05
21767,1_4_0_1,3,1.0,0.05
21768,1_3_1_1,4,7.0,0.05
21769,1_0_1_0,4,1.0,0.05
21770,3_0_0_1,3,1.0,0.05
21771,2_4_0_1,4,1.5,0.05
21772,3_6_0_0,5,2.0,0.05
21773,2_5_0_1,4,1.5,0.05
21774,2_2_0_1,4,1.5,0.05
21775,2_6_1_1,1,9.0,0.05
21776,2_4_0_1,4,1.5,0.05
21777,1_3_1_0,1,6.0,0.05
21778,3_0_0_1,1,-1.0,0.05
21779,2_1_0_0,5,2.0,0.05
21780,2_7_0_0,3,2.0,0.05
21781,1_5_0_1,0,1.5,0.05
21782,3_7_1_0,1,6.0,0.05
21783,1_7_0_0,2,2.0,0.05
21784,1_3_0_0,1,0.0,0.05
21785,3_0_0_1,3,1.0,0.05
21786,1_5_1_0,1,2.0,0.05
21787,1_6_0_0,2,2.0,0.05
21788,1_2_0_0,3,2.0,0.05
21789,1_1_0_0,3,2.0,0.05
21790,1_2_1_1,4,7.0,0.05
21791,1_1_0_1,0,1.5,0.05
21792,2_6_1_1,1,9.0,0.05
21793,2_4_0_0,3,2.0,0.05
21794,2_7_0_0,3,2.0,0.05
21795,1_3_1_1,4,7.0,0.05
21796,2_4_0_0,3,2.0,0.05
21797,3_7_0_1,3,1.0,0.05
21798,3_0_1_0,4,1.0,0.05
21799,2_2_1_0,1,6.0,0.05
21800,3_5_0_1,0,1.5,0.05
21801,1_7_0_0,2,2.0,0.05
21802,3_7_1_0,1,6.0,0.05
21803,3_6_0_1,1,3.0,0.05
21804,3_5_1_0,0,3.0,0.05
21805,3_7_1_0,1,6.0,0.05
21806,1_2_0_0,3,2.0,0.05
21807,1_0_0_0,3,2.0,0.05
21808,2_7_1_0,1,6.0,0.05
21809,3_2_0_0,3,2.0,0.05
21810,2_5_1_1,0,9.0,0.05
21811,3_4_1_1,0,5.0,0.05
21812,2_1_0_1,0,1.5,0.05
21813,3_4_0_0,5,2.0,0.05
21814,1_0_1_1,4,7.0,0.05
21815,2_7_0_0,3,2.0,0.05
21816,1_5_1_0,1,2.0,0.05
21817,3_2_1_0,1,6.0,0.05
21818,1_6_1_1,4,7.0,0.05
21819,2_4_1_0,1,2.0,0.05
21820,3_3_0_1,1,3.0,0.05
21821,1_1_0_1,0,1.5,0.05
21822,2_3_1_0,1,6.0,0.05
21823,2_2_0_0,2,-2.0,0.05
21824,2_7_1_1,0,9.0,0.05
21825,3_7_0_1,3,1.0,0.05
21826,1_3_0_0,5,2.0,0.05
21827,2_7_0_1,1,3.0,0.05
21828,2_4_0_1,4,1.5,0.05
21829,2_2_1_0,1,6.0,0.05
21830,3_2_0_0,3,2.0,0.05
21831,2_0_0_1,4,1.5,0.05
21832,2_4_0_1,4,1.5,0.05
21833,3_1_0_1,0,1.5,0.05
21834,3_5_0_1,0,1.5,0.05
21835,1_2_0_0,3,2.0,0.05
21836,2_3_1_1,0,9.0,0.05
21837,2_4_0_1,4,1.5,0.05
21838,1_5_1_1,0,9.0,0.05
21839,1_7_1_0,1,6.0,0.05
21840,3_0_0_0,5,2.0,0.05
21841,1_0_1_1,4,7.0,0.05
21842,3_3_1_1,1,9.0,0.05
21843,2_3_1_0,1,6.0,0.05
21844,2_2_1_0,1,6.0,0.05
21845,1_0_1_1,4,7.0,0.05
21846,3_0_0_1,3,1.0,0.05
21847,2_6_1_1,1,9.0,0.05
21848,1_6_1_1,4,7.0,0.05
21849,3_7_1_0,1,6.0,0.05
21850,2_3_0_1,3,1.0,0.05
21851,1_7_1_0,1,6.0,0.05
21852,2_5_0_1,4,1.5,0.05
21853,1_4_0_0,3,2.0,0.05
21854,2_2_0_0,3,2.0,0.05
21855,1_1_0_1,2,-4.0,0.05
21856,3_1_0_0,3,2.0,0.05
21857,3_4_0_1,4,1.5,0.05
21858,1_6_1_1,4,7.0,0.05
21859,1_4_1_1,4,7.0,0.05
21860,2_6_1_0,1,6.0,0.05
21861,2_5_0_1,4,1.5,0.05
21862,3_2_0_0,3,2.0,0.05
21863,3_6_1_0,1,6.0,0.05
21864,2_0_1_1,3,-15.0,0.05
21865,1_4_0_0,3,2.0,0.05
21866,2_0_1_0,5,3.0,0.05
21867,1_6_0_0,2,2.0,0.05
21868,2_2_1_1,4,7.0,0.05
21869,2_3_1_1,0,9.0,0.05
21870,3_2_1_1,1,9.0,0.05
21871,2_3_1_1,0,9.0,0.05
21872,2_5_1_0,1,2.0,0.05
21873,3_6_1_0,1,6.0,0.05
21874,1_3_0_0,5,2.0,0.05
21875,1_7_0_1,1,3.0,0.05
21876,3_7_0_0,2,2.0,0.05
21877,2_5_1_0,1,2.0,0.05
21878,2_2_1_1,4,7.0,0.05
21879,1_5_1_0,1,2.0,0.05
21880,3_6_0_0,5,2.0,0.05
21881,2_6_0_0,1,0.0,0.05
21882,2_6_1_1,1,9.0,0.05
21883,2_7_1_0,1,6.0,0.05
21884,2_2_0_1,4,1.5,0.05
21885,3_3_1_0,0,3.0,0.05
21886,3_1_1_1,0,9.0,0.05
21887,3_5_1_1,0,9.0,0.05
21888,2_0_1_0,5,3.0,0.05
21889,2_7_0_1,5,0.0,0.05
21890,3_3_0_1,1,3.0,0.05
21891,3_1_1_0,0,3.0,0.05
21892,3_5_0_0,3,2.0,0.05
21893,2_1_0_0,5,2.0,0.05
21894,2_0_1_1,1,5.0,0.05
21895,1_4_0_1,3,1.0,0.05
21896,3_0_1_1,0,5.0,0.05
21897,3_5_0_0,3,2.0,0.05
21898,2_2_0_0,3,2.0,0.05
21899,2_3_1_0,1,6.0,0.05
21900,2_4_1_0,1,2.0,0.05
21901,1_2_0_0,3,2.0,0.05
21902,2_2_0_1,4,1.5,0.05
21903,3_7_0_0,2,2.0,0.05
21904,3_0_0_0,5,2.0,0.05
21905,1_6_1_1,2,-5.0,0.05
21906,3_2_0_1,4,1.5,0.05
21907,2_6_1_0,1,6.0,0.05
21908,1_3_0_0,5,2.0,0.05
21909,1_7_0_0,2,2.0,0.05
21910,1_6_0_1,1,3.0,0.05
21911,2_4_0_0,3,2.0,0.05
21912,1_0_1_0,5,3.0,0.05
21913,2_3_0_0,4,-4.5,0.05
21914,3_3_0_1,1,3.0,0.05
21915,2_4_0_1,4,1.5,0.05
21916,1_5_0_0,3,2.0,0.05
21917,2_1_0_1,0,1.5,0.05
21918,1_7_0_0,2,2.0,0.05
21919,1_5_1_1,0,9.0,0.05
21920,2_0_1_0,5,3.0,0.05
21921,1_2_1_0,1,6.0,0.05
21922,1_7_0_0,2,2.0,0.05
21923,1_4_1_1,4,7.0,0.05
21924,1_4_1_1,4,7.0,0.05
21925,3_7_1_1,4,7.0,0.05
21926,3_0_1_1,0,5.0,0.05
21927,1_2_1_0,1,6.0,0.05
21928,2_4_0_1,4,1.5,0.05
21929,1_5_0_0,2,2.0,0.05
21930,2_6_0_0,1,0.0,0.05
21931,3_0_0_1,3,1.0,0.05
21932,3_2_0_0,3,2.0,0.05
21933,2_2_0_1,4,1.5,0.05
21934,2_1_1_0,5,3.0,0.05
21935,2_3_0_0,3,2.0,0.05
21936,3_7_0_1,3,1.0,0.05
21937,3_6_0_0,5,2.0,0.05
21938,1_4_0_0,3,2.0,0.05
21939,2_0_0_1,4,1.5,0.05
21940,1_3_0_1,1,3.0,0.05
21941,1_6_1_1,4,7.0,0.05
21942,1_5_1_0,1,2.0,0.05
21943,2_6_0_0,3,2.0,0.05
21944,3_4_1_1,2,-5.0,0.05
21945,3_4_0_1,1,-1.0,0.05
21946,2_7_0_1,1,3.0,0.05
21947,3_1_0_1,0,1.5,0.05
21948,3_4_1_1,0,5.0,0.05
21949,2_2_0_1,4,1.5,0.05
21950,3_0_1_0,0,-1.0,0.05
21951,3_3_0_0,5,2.0,0.05
21952,3_0_1_0,4,1.0,0.05
21953,1_3_1_1,4,7.0,0.05
21954,2_5_0_1,4,1.5,0.05
21955,2_6_1_1,1,9.0,0.05
21956,2_0_1_0,5,3.0,0.05
21957,3_6_0_1,1,3.0,0.05
21958,1_4_1_0,5,3.0,0.05
21959,2_7_0_1,1,3.0,0.05
21960,1_4_1_0,5,3.0,0.05
21961,3_7_0_0,2,2.0,0.05
21962,2_4_0_1,4,1.5,0.05
21963,1_5_0_0,3,2.0,0.05
21964,1_0_1_0,5,3.0,0.05
21965,3_2_1_0,1,6.0,0.05
21966,1_1_0_1,0,1.5,0.05
21967,1_2_1_1,4,7.0,0.05
21968,2_4_1_0,1,2.0,0.05
21969,2_5_1_0,1,2.0,0.05
21970,2_4_1_0,1,2.0,0.05
21971,2_1_1_0,5,3.0,0.05
21972,2_3_0_1,3,1.0,0.05
21973,2_1_1_1,4,7.0,0.05
21974,2_2_1_0,1,6.0,0.05
21975,1_4_1_0,5,3.0,0.05
21976,2_3_0_1,3,1.0,0.05
21977,3_6_1_0,1,6.0,0.05
21978,2_2_0_1,4,1.5,0.05
21979,1_0_1_0,5,3.0,0.05
21980,3_1_1_0,0,3.0,0.05
21981,3_4_1_1,0,5.0,0.05
21982,3_5_0_0,1,-4.0,0.05
21983,2_6_1_0,1,6.0,0.05
21984,2_1_0_1,0,1.5,0.05
21985,1_3_0_1,1,3.0,0.05
21986,2_7_1_1,0,9.0,0.05
21987,3_0_0_0,5,2.0,0.05
21988,1_7_1_1,0,9.0,0.05
21989,1_7_1_1,0,9.0,0.05
21990,3_4_1_1,0,5.0,0.05
21991,2_7_0_0,3,2.0,0.05
21992,2_4_1_0,1,2.0,0.05
21993,3_3_0_0,5,2.0,0.05
21994,3_7_1_0,1,6.0,0.05
21995,3_1_0_1,0,1.5,0.05
21996,3_5_0_0,3,2.0,0.05
21997,3_2_1_0,3,-14.0,0.05
21998,2_6_0_0,1,0.0,0.05
21999,2_4_0_0,3,2.0,0.05
22000,2_1_0_1,0,1.5,0.05
22001,3_5_1_0,0,3.0,0.05
22002,3_0_0_1,3,1.0,0.05
22003,1_3_1_1,4,7.0,0.05
22004,3_6_1_1,4,7.0,0.05
22005,2_2_1_0,1,6.0,0.05
22006,2_4_0_0,3,2.0,0.05
22007,2_1_1_1,4,7.0,0.05
22008,2_4_0_1,4,1.5,0.05
22009,2_5_1_1,0,9.0,0.05
22010,2_3_0_1,3,1.0,0.05
22011,3_6_0_0,5,2.0,0.05
22012,3_0_0_0,5,2.0,0.05
22013,3_2_1_1,1,9.0,0.05
22014,1_1_1_1,0,9.0,0.05
22015,2_6_1_0,1,6.0,0.05
22016,3_4_0_1,4,1.5,0.05
22017,1_3_0_0,5,2.0,0.05
22018,1_1_1_1,0,9.0,0.05
22019,3_3_1_1,1,9.0,0.05
22020,2_2_1_1,4,7.0,0.05
22021,2_0_0_0,5,2.0,0.05
22022,3_5_1_0,0,3.0,0.05
22023,1_4_1_0,5,3.0,0.05
22024,1_5_0_0,3,2.0,0.05
22025,2_0_0_1,4,1.5,0.05
22026,3_2_1_0,2,-7.0,0.05
22027,3_6_0_1,1,3.0,0.05
22028,1_4_1_1,4,7.0,0.05
22029,2_5_1_1,0,9.0,0.05
22030,3_3_0_1,1,3.0,0.05
22031,3_1_0_0,3,2.0,0.05
22032,2_7_1_0,1,6.0,0.05
22033,1_6_0_1,1,3.0,0.05
22034,2_7_1_0,1,6.0,0.05
22035,2_6_0_1,4,1.5,0.05
22036,2_3_1_1,0,9.0,0.05
22037,1_2_1_0,1,6.0,0.05
22038,3_0_1_1,0,5.0,0.05
22039,3_6_1_0,1,6.0,0.05
22040,1_1_0_0,3,2.0,0.05
22041,1_1_1_0,5,3.0,0.05
22042,3_0_0_1,3,1.0,0.05
22043,3_3_0_1,1,3.0,0.05
22044,2_2_1_0,1,6.0,0.05
22045,2_6_1_1,1,9.0,0.05
22046,3_5_1_1,0,9.0,0.05
22047,2_0_1_1,1,5.0,0.05
22048,3_5_1_1,0,9.0,0.05
22049,3_7_1_1,4,7.0,0.05
22050,3_0_1_0,4,1.0,0.05
22051,1_6_0_1,1,3.0,0.05
22052,1_6_0_0,2,2.0,0.05
22053,3_6_1_1,4,7.0,0.05
22054,1_4_0_1,3,1.0,0.05
22055,1_0_0_0,3,2.0,0.05
22056,3_1_1_1,0,9.0,0.05
22057,1_0_1_0,5,3.0,0.05
22058,3_5_0_0,3,2.0,0.05
22059,1_0_1_0,5,3.0,0.05
22060,1_1_0_1,0,1.5,0.05
22061,1_1_0_1,0,1.5,0.05
22062,2_1_1_0,5,3.0,0.05
22063,1_4_0_1,3,1.0,0.05
22064,3_2_0_0,3,2.0,0.05
22065,2_3_1_1,0,9.0,0.05
22066,2_3_0_1,2,-4.0,0.05
22067,1_6_1_0,1,6.0,0.05
22068,1_6_0_0,2,2.0,0.05
22069,2_5_0_1,4,1.5,0.05
22070,1_5_1_0,1,2.0,0.05
22071,3_3_1_0,0,3.0,0.05
22072,3_0_0_1,3,1.0,0.05
22073,3_5_0_0,3,2.0,0.05
22074,1_5_0_0,3,2.0,0.05
22075,2_5_1_1,0,9.0,0.05
22076,3_1_0_1,0,1.5,0.05
22077,3_6_0_0,5,2.0,0.05
22078,2_6_0_0,1,0.0,0.05
22079,2_3_0_1,3,1.0,0.05
22080,2_3_1_0,1,6.0,0.05
22081,3_4_1_1,0,5.0,0.05
22082,3_0_0_1,3,1.0,0.05
22083,3_7_1_0,1,6.0,0.05
22084,3_3_0_1,1,3.0,0.05
22085,2_5_0_1,4,1.5,0.05
22086,2_5_1_1,0,9.0,0.05
22087,1_1_1_0,5,3.0,0.05
22088,3_3_1_1,1,9.0,0.05
22089,2_5_1_1,0,9.0,0.05
22090,3_0_1_1,0,5.0,0.05
22091,1_0_1_1,0,5.0,0.05
22092,1_4_1_0,5,3.0,0.05
22093,3_2_0_1,4,1.5,0.05
22094,1_1_0_0,3,2.0,0.05
22095,3_7_0_0,2,2.0,0.05
22096,3_1_1_1,0,9.0,0.05
22097,1_1_0_0,3,2.0,0.05
22098,1_4_0_0,3,2.0,0.05
22099,1_7_0_0,2,2.0,0.05
22100,3_2_0_1,4,1.5,0.05
22101,2_5_0_1,4,1.5,0.05
22102,1_7_0_0,2,2.0,0.05
22103,3_0_0_0,5,2.0,0.05
22104,1_6_1_0,1,6.0,0.05
22105,2_7_0_0,3,2.0,0.05
22106,1_7_0_0,2,2.0,0.05
22107,3_4_0_0,5,2.0,0.05
22108,2_4_0_1,4,1.5,0.05
22109,1_4_0_0,3,2.0,0.05
22110,2_4_0_1,4,1.5,0.05
22111,1_5_0_0,3,2.0,0.05
22112,2_0_1_0,5,3.0,0.05
22113,3_1_1_0,0,3.0,0.05
22114,3_3_0_1,1,3.0,0.05
22115,2_4_1_0,1,2.0,0.05
22116,3_5_1_1,0,9.0,0.05
22117,1_6_1_0,1,6.0,0.05
22118,2_5_1_0,1,2.0,0.05
22119,3_4_0_1,4,1.5,0.05
22120,2_4_1_1,0,5.0,0.05
22121,2_4_1_0,1,2.0,0.05
22122,3_1_1_1,0,9.0,0.05
22123,1_5_0_1,0,1.5,0.05
22124,2_3_0_0,3,2.0,0.05
22125,3_2_0_1,4,1.5,0.05
22126,1_6_0_0,2,2.0,0.05
22127,2_2_1_0,1,6.0,0.05
22128,1_4_1_1,4,7.0,0.05
22129,3_2_0_1,4,1.5,0.05
22130,2_5_1_1,0,9.0,0.05
22131,2_5_1_0,1,2.0,0.05
22132,1_3_0_0,5,2.0,0.05
22133,2_0_1_0,5,3.0,0.05
22134,1_1_1_0,5,3.0,0.05
22135,3_2_1_1,1,9.0,0.05
22136,1_1_0_0,3,2.0,0.05
22137,2_0_0_0,5,2.0,0.05
22138,3_3_1_1,1,9.0,0.05
22139,3_1_1_0,0,3.0,0.05
22140,1_3_0_0,5,2.0,0.05
22141,2_6_1_1,1,9.0,0.05
22142,3_5_0_0,3,2.0,0.05
22143,2_0_0_1,4,1.5,0.05
22144,2_4_1_1,0,5.0,0.05
22145,2_3_0_0,3,2.0,0.05
22146,3_3_0_0,5,2.0,0.05
22147,3_2_1_0,1,6.0,0.05
22148,2_2_0_1,4,1.5,0.05
22149,2_5_0_1,4,1.5,0.05
22150,2_1_1_1,4,7.0,0.05
22151,2_5_0_1,4,1.5,0.05
22152,3_1_0_0,3,2.0,0.05
22153,3_4_1_1,0,5.0,0.05
22154,1_6_1_0,1,6.0,0.05
22155,3_4_0_1,4,1.5,0.05
22156,3_3_1_1,1,9.0,0.05
22157,2_1_0_1,0,1.5,0.05
22158,1_1_1_0,5,3.0,0.05
22159,1_4_1_1,4,7.0,0.05
22160,3_4_0_1,4,1.5,0.05
22161,3_4_1_1,0,5.0,0.05
22162,1_0_0_1,3,1.0,0.05
22163,3_3_0_1,1,3.0,0.05
22164,3_5_0_0,3,2.0,0.05
22165,2_5_0_1,4,1.5,0.05
22166,2_5_1_1,0,9.0,0.05
22167,1_5_1_1,0,9.0,0.05
22168,3_4_1_0,5,3.0,0.05
22169,3_0_1_0,4,1.0,0.05
22170,1_1_0_0,3,2.0,0.05
22171,2_1_0_1,0,1.5,0.05
22172,3_5_0_0,3,2.0,0.05
22173,3_7_0_0,2,2.0,0.05
22174,2_7_0_1,1,3.0,0.05
22175,2_1_1_1,0,9.0,0.05
22176,2_0_1_1,1,5.0,0.05
22177,2_1_1_1,4,7.0,0.05
22178,2_6_1_1,1,9.0,0.05
22179,1_6_1_0,1,6.0,0.05
22180,2_6_1_1,1,9.0,0.05
22181,1_7_1_1,0,9.0,0.05
22182,3_2_1_1,1,9.0,0.05
22183,2_2_0_0,3,2.0,0.05
22184,1_5_0_1,0,1.5,0.05
22185,1_7_0_0,2,2.0,0.05
22186,3_7_1_1,4,7.0,0.05
22187,1_0_1_1,4,7.0,0.05
22188,2_6_1_1,0,5.0,0.05
22189,3_6_1_0,1,6.0,0.05
22190,3_4_1_0,4,1.0,0.05
22191,2_6_0_0,1,0.0,0.05
22192,1_5_1_0,2,-3.0,0.05
22193,2_4_1_1,0,5.0,0.05
22194,1_1_1_0,5,3.0,0.05
22195,2_0_1_1,4,7.0,0.05
22196,3_0_0_0,5,2.0,0.05
22197,3_3_0_0,5,2.0,0.05
22198,2_2_0_1,4,1.5,0.05
22199,1_5_0_1,0,1.5,0.05
22200,1_6_1_1,4,7.0,0.05
22201,1_3_0_1,1,3.0,0.05
22202,2_0_0_0,5,2.0,0.05
22203,3_2_0_0,3,2.0,0.05
22204,2_2_1_1,4,7.0,0.05
22205,3_6_1_1,4,7.0,0.05
22206,1_3_1_1,4,7.0,0.05
22207,1_5_0_0,3,2.0,0.05
22208,3_2_1_1,1,9.0,0.05
22209,1_2_0_0,3,2.0,0.05
22210,3_3_1_0,0,3.0,0.05
22211,1_2_1_0,1,6.0,0.05
22212,2_3_0_1,3,1.0,0.05
22213,1_1_0_1,0,1.5,0.05
22214,2_5_0_1,4,1.5,0.05
22215,2_4_1_0,1,2.0,0.05
22216,2_7_1_0,1,6.0,0.05
22217,2_1_0_0,5,2.0,0.05
22218,1_0_1_1,4,7.0,0.05
22219,3_1_1_0,0,3.0,0.05
22220,1_6_1_0,1,6.0,0.05
22221,2_3_0_0,3,2.0,0.05
22222,2_4_0_1,4,1.5,0.05
22223,2_6_1_0,1,6.0,0.05
22224,1_6_0_1,1,3.0,0.05
22225,3_0_0_1,3,1.0,0.05
22226,1_4_0_0,3,2.0,0.05
22227,2_7_0_1,1,3.0,0.05
22228,2_0_0_0,5,2.0,0.05
22229,1_3_1_0,1,6.0,0.05
22230,1_5_0_0,3,2.0,0.05
22231,3_6_0_1,1,3.0,0.05
22232,3_4_0_1,4,1.5,0.05
22233,2_7_1_0,0,3.0,0.05
22234,3_4_1_0,5,3.0,0.05
22235,2_3_0_0,3,2.0,0.05
22236,3_6_1_1,4,7.0,0.05
22237,3_0_0_1,3,1.0,0.05
22238,1_0_1_0,0,-1.0,0.05
22239,2_5_0_0,5,2.0,0.05
22240,2_6_1_0,1,6.0,0.05
22241,3_7_0_1,3,1.0,0.05
22242,3_3_1_0,0,3.0,0.05
22243,2_1_0_1,0,1.5,0.05
22244,1_5_1_0,1,2.0,0.05
22245,1_6_1_0,1,6.0,0.05
22246,1_0_0_0,3,2.0,0.05
22247,2_2_0_1,4,1.5,0.05
22248,1_7_1_1,0,9.0,0.05
22249,3_3_1_0,0,3.0,0.05
22250,2_7_1_0,1,6.0,0.05
22251,2_1_1_0,5,3.0,0.05
22252,1_7_1_0,1,6.0,0.05
22253,1_1_0_1,0,1.5,0.05
22254,1_7_1_0,1,6.0,0.05
22255,1_7_0_1,1,3.0,0.05
22256,1_2_0_0,3,2.0,0.05
22257,2_5_0_1,4,1.5,0.05
22258,1_6_0_1,1,3.0,0.05
22259,3_6_0_1,1,3.0,0.05
22260,2_3_0_1,3,1.0,0.05
22261,2_2_1_0,1,6.0,0.05
22262,2_0_1_1,1,5.0,0.05
22263,1_1_0_0,3,2.0,0.05
22264,3_2_0_1,4,1.5,0.05
22265,3_1_1_0,0,3.0,0.05
22266,3_0_0_1,3,1.0,0.05
22267,1_0_0_1,3,1.0,0.05
22268,1_1_1_0,5,3.0,0.05
22269,1_0_0_1,3,1.0,0.05
22270,1_1_1_1,0,9.0,0.05
22271,2_2_1_0,1,6.0,0.05
22272,2_3_0_1,3,1.0,0.05
22273,2_1_0_0,5,2.0,0.05
22274,3_5_1_0,0,3.0,0.05
22275,2_2_1_1,4,7.0,0.05
22276,1_2_1_0,0,-1.0,0.05
22277,3_0_1_1,0,5.0,0.05
22278,3_5_1_1,0,9.0,0.05
22279,2_3_0_0,3,2.0,0.05
22280,1_3_1_0,1,6.0,0.05
22281,2_2_0_0,3,2.0,0.05
22282,3_0_0_1,3,1.0,0.05
22283,2_2_0_0,3,2.0,0.05
22284,1_3_0_0,5,2.0,0.05
22285,1_2_1_1,4,7.0,0.05
22286,1_0_1_1,4,7.0,0.05
22287,2_6_0_1,4,1.5,0.05
22288,1_5_0_1,0,1.5,0.05
22289,3_5_1_0,0,3.0,0.05
22290,1_3_1_0,1,6.0,0.05
22291,3_6_1_1,4,7.0,0.05
22292,3_6_1_1,4,7.0,0.05
22293,3_2_1_0,1,6.0,0.05
22294,3_7_1_0,1,6.0,0.05
22295,1_6_1_0,1,6.0,0.05
22296,2_5_1_1,0,9.0,0.05
22297,1_7_0_1,1,3.0,0.05
22298,1_7_1_1,0,9.0,0.05
22299,3_7_0_0,2,2.0,0.05
22300,1_2_1_1,4,7.0,0.05
22301,1_4_0_0,3,2.0,0.05
22302,2_0_1_1,1,5.0,0.05
22303,1_4_0_1,3,1.0,0.05
22304,3_0_1_1,0,5.0,0.05
22305,2_5_1_0,1,2.0,0.05
22306,1_3_0_1,1,3.0,0.05
22307,2_4_0_1,4,1.5,0.05
22308,1_3_1_0,2,-7.0,0.05
22309,1_4_1_0,5,3.0,0.05
22310,2_5_1_0,1,2.0,0.05
22311,2_0_0_0,5,2.0,0.05
22312,1_0_0_0,3,2.0,0.05
22313,1_7_0_0,2,2.0,0.05
22314,1_0_1_1,4,7.0,0.05
22315,2_5_0_0,5,2.0,0.05
22316,1_6_1_0,1,6.0,0.05
22317,1_4_0_0,3,2.0,0.05
22318,1_6_0_1,1,3.0,0.05
22319,3_5_0_0,3,2.0,0.05
22320,3_5_0_0,3,2.0,0.05
22321,1_2_1_0,1,6.0,0.05
22322,2_4_1_0,1,2.0,0.05
22323,1_7_0_1,1,3.0,0.05
22324,2_5_0_1,4,1.5,0.05
22325,3_7_0_1,3,1.0,0.05
22326,1_4_1_0,5,3.0,0.05
22327,1_2_0_1,3,1.0,0.05
22328,1_4_1_1,4,7.0,0.05
22329,3_5_0_1,0,1.5,0.05
22330,2_0_0_1,4,1.5,0.05
22331,1_7_0_1,5,0.0,0.05
22332,2_5_0_0,5,2.0,0.05
22333,2_1_0_1,0,1.5,0.05
22334,1_4_1_1,4,7.0,0.05
22335,1_7_0_1,1,3.0,0.05
22336,1_3_0_1,1,3.0,0.05
22337,3_6_1_1,2,-5.0,0.05
22338,1_4_1_1,4,7.0,0.05
22339,1_4_0_0,3,2.0,0.05
22340,2_0_1_0,5,3.0,0.05
22341,3_5_0_0,3,2.0,0.05
22342,2_6_1_0,1,6.0,0.05
22343,2_1_0_0,5,2.0,0.05
22344,2_0_0_0,5,2.0,0.05
22345,2_1_0_0,5,2.0,0.05
22346,1_3_1_1,4,7.0,0.05
22347,1_3_1_0,1,6.0,0.05
22348,3_3_0_0,5,2.0,0.05
22349,1_2_1_0,1,6.0,0.05
22350,3_6_1_1,4,7.0,0.05
22351,1_3_0_0,5,2.0,0.05
22352,2_6_1_0,1,6.0,0.05
22353,2_0_0_1,4,1.5,0.05
22354,2_5_1_1,0,9.0,0.05
22355,3_7_1_0,1,6.0,0.05
22356,3_7_1_1,4,7.0,0.05
22357,1_1_1_0,5,3.0,0.05
22358,2_5_1_0,1,2.0,0.05
22359,2_4_1_0,1,2.0,0.05
22360,1_4_1_0,5,3.0,0.05
22361,2_0_1_1,1,5.0,0.05
22362,1_0_0_1,3,1.0,0.05
22363,1_3_0_0,5,2.0,0.05
22364,1_5_1_1,5,1.0,0.05
22365,1_7_1_1,0,9.0,0.05
22366,2_0_1_0,5,3.0,0.05
22367,1_0_0_0,3,2.0,0.05
22368,1_7_0_0,2,2.0,0.05
22369,1_2_1_1,4,7.0,0.05
22370,3_4_1_0,5,3.0,0.05
22371,3_4_1_0,5,3.0,0.05
22372,1_5_0_0,3,2.0,0.05
22373,3_5_0_0,3,2.0,0.05
22374,3_6_0_0,5,2.0,0.05
22375,3_6_0_1,1,3.0,0.05
22376,2_4_0_1,4,1.5,0.05
22377,2_3_1_0,1,6.0,0.05
22378,2_4_1_0,1,2.0,0.05
22379,3_2_0_0,3,2.0,0.05
22380,1_0_0_0,3,2.0,0.05
22381,1_0_0_1,3,1.0,0.05
22382,1_0_0_1,3,1.0,0.05
22383,3_4_1_0,5,3.0,0.05
22384,1_5_1_0,1,2.0,0.05
22385,1_0_0_1,3,1.0,0.05
22386,2_6_0_0,1,0.0,0.05
22387,1_1_0_1,0,1.5,0.05
22388,2_3_0_1,3,1.0,0.05
22389,3_3_0_1,1,3.0,0.05
22390,1_6_1_0,1,6.0,0.05
22391,3_1_0_0,3,2.0,0.05
22392,3_7_0_1,3,1.0,0.05
22393,2_7_0_0,3,2.0,0.05
22394,2_0_0_0,1,-4.0,0.05
22395,3_7_1_1,4,7.0,0.05
22396,3_2_1_0,1,6.0,0.05
22397,1_6_1_0,1,6.0,0.05
22398,3_3_1_0,0,3.0,0.05
22399,2_7_1_0,1,6.0,0.05
22400,1_4_0_0,3,2.0,0.05
22401,3_0_0_0,5,2.0,0.05
22402,2_4_0_1,4,1.5,0.05
22403,3_6_1_0,1,6.0,0.05
22404,3_2_1_1,1,9.0,0.05
22405,3_1_0_1,0,1.5,0.05
22406,3_0_1_1,0,5.0,0.05
22407,1_6_0_0,2,2.0,0.05
22408,1_2_1_1,4,7.0,0.05
22409,1_7_1_1,0,9.0,0.05
22410,2_3_1_0,1,6.0,0.05
22411,3_2_0_0,3,2.0,0.05
22412,2_6_1_1,1,9.0,0.05
22413,1_4_0_1,3,1.0,0.05
22414,3_1_1_1,0,9.0,0.05
22415,1_2_0_1,3,1.0,0.05
22416,2_3_1_0,0,3.0,0.05
22417,3_6_0_0,5,2.0,0.05
22418,2_0_0_1,4,1.5,0.05
22419,2_0_1_1,1,5.0,0.05
22420,3_7_1_0,1,6.0,0.05
22421,3_1_1_0,0,3.0,0.05
22422,1_0_1_1,4,7.0,0.05
22423,1_0_0_1,3,1.0,0.05
22424,1_1_0_1,0,1.5,0.05
22425,1_5_0_0,3,2.0,0.05
22426,1_3_1_1,4,7.0,0.05
22427,3_7_1_1,4,7.0,0.05
22428,2_3_0_0,3,2.0,0.05
22429,2_7_0_0,3,2.0,0.05
22430,1_5_0_1,0,1.5,0.05
22431,3_6_1_0,1,6.0,0.05
22432,1_6_1_1,4,7.0,0.05
22433,2_5_0_1,4,1.5,0.05
22434,2_0_1_1,1,5.0,0.05
22435,3_6_1_1,4,7.0,0.05
22436,3_7_1_1,4,7.0,0.05
22437,3_3_0_1,1,3.0,0.05
22438,2_6_1_0,1,6.0,0.05
22439,3_7_0_1,3,1.0,0.05
22440,2_0_1_1,1,5.0,0.05
22441,3_0_1_1,0,5.0,0.05
22442,1_7_0_1,1,3.0,0.05
22443,3_5_0_1,0,1.5,0.05
22444,3_1_0_1,0,1.5,0.05
22445,3_2_0_1,4,1.5,0.05
22446,3_6_1_0,1,6.0,0.05
22447,3_3_0_1,1,3.0,0.05
22448,2_3_1_0,1,6.0,0.05
22449,3_4_0_1,4,1.5,0.05
22450,1_7_0_0,2,2.0,0.05
22451,2_5_0_1,4,1.5,0.05
22452,2_1_0_1,0,1.5,0.05
22453,1_3_0_1,1,3.0,0.05
22454,2_3_1_0,1,6.0,0.05
22455,1_3_1_0,1,6.0,0.05
22456,3_3_0_0,5,2.0,0.05
22457,2_3_1_0,1,6.0,0.05
22458,2_4_0_1,4,1.5,0.05
22459,3_6_0_1,1,3.0,0.05
22460,2_3_1_1,4,7.0,0.05
22461,2_1_0_0,5,2.0,0.05
22462,1_1_0_0,3,2.0,0.05
22463,3_2_1_1,1,9.0,0.05
22464,1_0_0_1,3,1.0,0.05
22465,2_6_0_1,4,1.5,0.05
22466,2_4_0_0,3,2.0,0.05
22467,3_0_0_1,3,1.0,0.05
22468,3_1_1_0,0,3.0,0.05
22469,1_4_1_0,5,3.0,0.05
22470,3_2_0_1,4,1.5,0.05
22471,2_4_0_1,4,1.5,0.05
22472,3_3_0_1,1,3.0,0.05
22473,3_0_1_1,0,5.0,0.05
22474,3_6_1_1,4,7.0,0.05
22475,3_3_0_1,1,3.0,0.05
22476,3_3_1_0,0,3.0,0.05
22477,1_7_1_1,0,9.0,0.05
22478,1_0_0_0,3,2.0,0.05
22479,1_3_0_1,1,3.0,0.05
22480,1_3_0_0,5,2.0,0.05
22481,1_3_1_0,1,6.0,0.05
22482,3_7_1_1,4,7.0,0.05
22483,2_3_1_0,1,6.0,0.05
22484,3_5_0_0,3,2.0,0.05
22485,3_7_1_1,4,7.0,0.05
22486,1_3_1_0,1,6.0,0.05
22487,1_6_0_1,1,3.0,0.05
22488,3_0_1_0,4,1.0,0.05
22489,2_0_0_0,5,2.0,0.05
22490,3_1_1_1,0,9.0,0.05
22491,1_3_0_0,5,2.0,0.05
22492,2_7_0_0,3,2.0,0.05
22493,3_0_1_0,4,1.0,0.05
22494,3_2_0_1,4,1.5,0.05
22495,2_3_1_0,1,6.0,0.05
22496,1_7_0_0,2,2.0,0.05
22497,3_4_0_1,4,1.5,0.05
22498,3_1_1_1,0,9.0,0.05
22499,3_1_0_0,3,2.0,0.05
22500,2_5_0_1,4,1.5,0.05
22501,3_0_1_0,4,1.0,0.05
22502,3_5_0_1,0,1.5,0.05
22503,3_4_0_1,4,1.5,0.05
22504,2_6_1_1,1,9.0,0.05
22505,1_5_1_1,0,9.0,0.05
22506,2_2_1_0,1,6.0,0.05
22507,3_3_1_1,1,9.0,0.05
22508,2_6_0_1,4,1.5,0.05
22509,3_2_1_0,1,6.0,0.05
22510,3_4_1_1,0,5.0,0.05
22511,2_5_1_0,1,2.0,0.05
22512,2_7_1_1,0,9.0,0.05
22513,1_4_1_1,4,7.0,0.05
22514,2_0_0_1,4,1.5,0.05
22515,2_3_1_0,1,6.0,0.05
22516,1_0_1_1,4,7.0,0.05
22517,2_3_0_1,3,1.0,0.05
22518,3_3_1_1,1,9.0,0.05
22519,3_4_0_0,5,2.0,0.05
22520,3_3_0_1,1,3.0,0.05
22521,1_6_1_1,4,7.0,0.05
22522,1_4_0_0,3,2.0,0.05
22523,2_1_1_0,5,3.0,0.05
22524,2_5_1_1,0,9.0,0.05
22525,2_4_0_1,4,1.5,0.05
22526,3_4_0_1,4,1.5,0.05
22527,1_6_0_1,1,3.0,0.05
22528,2_7_0_1,1,3.0,0.05
22529,2_1_1_0,5,3.0,0.05
22530,1_5_1_0,1,2.0,0.05
22531,2_1_0_0,5,2.0,0.05
22532,1_4_0_1,1,-1.0,0.05
22533,1_3_1_1,4,7.0,0.05
22534,3_5_1_1,0,9.0,0.05
22535,1_2_1_0,1,6.0,0.05
22536,1_2_0_0,3,2.0,0.05
22537,1_5_1_1,0,9.0,0.05
22538,2_6_1_1,1,9.0,0.05
22539,1_0_1_0,5,3.0,0.05
22540,3_4_0_0,5,2.0,0.05
22541,3_4_0_1,4,1.5,0.05
22542,2_0_1_1,1,5.0,0.05
22543,2_5_1_0,1,2.0,0.05
22544,3_3_0_1,1,3.0,0.05
22545,1_7_0_0,2,2.0,0.05
22546,3_0_0_0,5,2.0,0.05
22547,3_5_1_0,0,3.0,0.05
22548,1_2_1_1,4,7.0,0.05
22549,1_5_0_0,3,2.0,0.05
22550,2_5_0_1,4,1.5,0.05
22551,2_3_1_0,3,-14.0,0.05
22552,2_1_1_0,5,3.0,0.05
22553,2_2_1_0,1,6.0,0.05
22554,3_5_0_1,0,1.5,0.05
22555,3_0_0_1,3,1.0,0.05
22556,3_2_0_1,4,1.5,0.05
22557,1_1_1_1,0,9.0,0.05
22558,3_0_1_0,4,1.0,0.05
22559,2_0_1_1,1,5.0,0.05
22560,2_5_1_1,0,9.0,0.05
22561,1_2_1_0,1,6.0,0.05
22562,2_4_1_0,1,2.0,0.05
22563,2_2_0_0,3,2.0,0.05
22564,2_7_0_1,1,3.0,0.05
22565,2_6_1_1,1,9.0,0.05
22566,1_4_0_0,3,2.0,0.05
22567,3_3_1_1,1,9.0,0.05
22568,2_5_0_0,5,2.0,0.05
22569,3_0_0_0,5,2.0,0.05
22570,2_4_1_1,0,5.0,0.05
22571,3_4_0_0,5,2.0,0.05
22572,3_1_1_1,0,9.0,0.05
22573,2_6_0_0,1,0.0,0.05
22574,1_4_0_1,3,1.0,0.05
22575,3_4_0_1,4,1.5,0.05
22576,3_3_1_0,0,3.0,0.05
22577,3_7_1_1,4,7.0,0.05
22578,2_1_1_0,5,3.0,0.05
22579,3_0_0_1,3,1.0,0.05
22580,2_6_0_1,4,1.5,0.05
22581,3_2_1_1,1,9.0,0.05
22582,1_6_1_0,1,6.0,0.05
22583,3_5_0_1,0,1.5,0.05
22584,3_7_1_1,4,7.0,0.05
22585,1_0_1_1,1,5.0,0.05
22586,3_4_1_0,5,3.0,0.05
22587,1_3_0_1,1,3.0,0.05
22588,2_4_0_1,4,1.5,0.05
22589,2_5_0_0,5,2.0,0.05
22590,2_4_1_0,1,2.0,0.05
22591,3_4_0_0,5,2.0,0.05
22592,2_5_1_0,1,2.0,0.05
22593,1_2_0_0,3,2.0,0.05
22594,1_7_1_1,0,9.0,0.05
22595,2_2_1_1,4,7.0,0.05
22596,3_7_0_1,3,1.0,0.05
22597,3_7_0_0,2,2.0,0.05
22598,3_5_0_1,0,1.5,0.05
22599,3_7_0_0,2,2.0,0.05
22600,1_0_1_1,4,7.0,0.05
22601,3_3_1_1,1,9.0,0.05
22602,1_5_1_0,1,2.0,0.05
22603,1_2_1_1,4,7.0,0.05
22604,2_7_1_1,0,9.0,0.05
22605,3_2_0_1,4,1.5,0.05
22606,1_5_0_0,3,2.0,0.05
22607,2_0_1_1,1,5.0,0.05
22608,2_3_1_1,0,9.0,0.05
22609,1_3_0_0,5,2.0,0.05
22610,1_6_0_1,1,3.0,0.05
22611,1_1_1_1,0,9.0,0.05
22612,3_2_1_0,1,6.0,0.05
22613,3_5_0_1,0,1.5,0.05
22614,3_3_1_1,1,9.0,0.05
22615,3_5_1_1,1,5.0,0.05
22616,2_7_0_0,3,2.0,0.05
22617,3_7_1_0,1,6.0,0.05
22618,1_0_1_0,5,3.0,0.05
22619,3_0_1_1,0,5.0,0.05
22620,2_4_0_1,4,1.5,0.05
22621,2_4_0_0,3,2.0,0.05
22622,3_3_1_0,0,3.0,0.05
22623,1_1_0_1,0,1.5,0.05
22624,1_7_1_1,0,9.0,0.05
22625,2_4_1_1,0,5.0,0.05
22626,3_3_0_0,5,2.0,0.05
22627,2_7_1_1,0,9.0,0.05
22628,2_2_0_0,3,2.0,0.05
22629,3_7_1_0,1,6.0,0.05
22630,1_7_1_0,1,6.0,0.05
22631,3_3_1_0,0,3.0,0.05
22632,2_0_0_0,5,2.0,0.05
22633,1_3_1_1,4,7.0,0.05
22634,1_1_1_1,0,9.0,0.05
22635,3_6_1_1,4,7.0,0.05
22636,2_4_1_1,0,5.0,0.05
22637,2_3_1_0,1,6.0,0.05
22638,1_4_1_1,4,7.0,0.05
22639,1_6_0_0,2,2.0,0.05
22640,1_2_0_0,3,2.0,0.05
22641,2_6_1_0,1,6.0,0.05
22642,2_0_1_1,1,5.0,0.05
22643,3_5_0_1,0,1.5,0.05
22644,2_3_0_1,3,1.0,0.05
22645,3_3_1_0,0,3.0,0.05
22646,1_5_0_0,3,2.0,0.05
22647,3_2_1_0,1,6.0,0.05
22648,3_5_0_0,3,2.0,0.05
22649,2_2_1_0,1,6.0,0.05
22650,3_7_1_0,1,6.0,0.05
22651,3_2_1_1,1,9.0,0.05
22652,1_1_1_0,5,3.0,0.05
22653,2_0_1_0,5,3.0,0.05
22654,1_4_0_0,3,2.0,0.05
22655,2_6_0_0,1,0.0,0.05
22656,1_4_1_0,5,3.0,0.05
22657,3_2_1_0,1,6.0,0.05
22658,3_1_0_0,3,2.0,0.05
22659,1_2_0_1,3,1.0,0.05
22660,1_7_0_1,1,3.0,0.05
22661,3_3_0_0,5,2.0,0.05
22662,1_0_1_1,4,7.0,0.05
22663,2_7_1_0,1,6.0,0.05
22664,1_5_0_1,0,1.5,0.05
22665,3_0_1_1,0,5.0,0.05
22666,3_2_0_1,4,1.5,0.05
22667,2_0_1_1,1,5.0,0.05
22668,3_3_1_1,4,7.0,0.05
22669,1_4_1_0,5,3.0,0.05
22670,3_3_1_1,1,9.0,0.05
22671,2_4_1_0,1,2.0,0.05
22672,2_5_1_1,0,9.0,0.05
22673,1_1_0_1,0,1.5,0.05
22674,1_4_0_1,3,1.0,0.05
22675,3_3_1_1,1,9.0,0.05
22676,1_5_1_1,0,9.0,0.05
22677,1_2_0_1,3,1.0,0.05
22678,1_7_0_1,1,3.0,0.05
22679,2_7_1_0,1,6.0,0.05
22680,1_0_1_1,4,7.0,0.05
22681,2_7_1_0,1,6.0,0.05
22682,1_1_0_0,3,2.0,0.05
22683,3_4_1_1,0,5.0,0.05
22684,2_2_0_1,4,1.5,0.05
22685,3_3_1_1,1,9.0,0.05
22686,3_5_0_0,3,2.0,0.05
22687,1_4_0_1,3,1.0,0.05
22688,3_7_1_1,4,7.0,0.05
22689,2_1_1_0,5,3.0,0.05
22690,3_4_1_1,0,5.0,0.05
22691,3_2_0_1,4,1.5,0.05
22692,1_1_1_0,5,3.0,0.05
22693,3_6_1_0,1,6.0,0.05
22694,2_5_0_0,5,2.0,0.05
22695,1_3_1_0,1,6.0,0.05
22696,2_3_0_0,3,2.0,0.05
22697,1_2_1_1,4,7.0,0.05
22698,2_6_1_0,1,6.0,0.05
22699,3_3_1_1,1,9.0,0.05
22700,2_3_0_1,3,1.0,0.05
22701,2_3_0_0,3,2.0,0.05
22702,2_6_1_0,1,6.0,0.05
22703,2_6_0_0,1,0.0,0.05
22704,1_7_0_0,2,2.0,0.05
22705,3_1_1_0,0,3.0,0.05
22706,3_5_0_0,3,2.0,0.05
22707,3_4_0_0,5,2.0,0.05
22708,2_5_0_0,5,2.0,0.05
22709,2_6_1_0,1,6.0,0.05
22710,2_3_1_0,1,6.0,0.05
22711,2_2_0_0,3,2.0,0.05
22712,2_7_1_1,0,9.0,0.05
22713,2_2_0_0,3,2.0,0.05
22714,2_2_1_0,1,6.0,0.05
22715,3_6_1_0,1,6.0,0.05
22716,2_3_0_1,3,1.0,0.05
22717,3_6_0_0,5,2.0,0.05
22718,1_1_0_1,0,1.5,0.05
22719,3_0_1_1,0,5.0,0.05
22720,1_1_1_0,5,3.0,0.05
22721,1_2_0_1,3,1.0,0.05
22722,3_1_0_0,3,2.0,0.05
22723,1_1_0_1,0,1.5,0.05
22724,3_3_1_0,0,3.0,0.05
22725,2_0_0_1,4,1.5,0.05
22726,3_7_0_1,3,1.0,0.05
22727,3_3_0_1,1,3.0,0.05
22728,3_2_0_1,4,1.5,0.05
22729,2_0_1_0,5,3.0,0.05
22730,2_6_0_0,1,0.0,0.05
22731,1_0_0_0,3,2.0,0.05
22732,3_2_0_1,4,1.5,0.05
22733,3_5_1_0,0,3.0,0.05
22734,2_0_0_1,4,1.5,0.05
22735,1_6_0_1,4,1.5,0.05
22736,2_7_0_1,1,3.0,0.05
22737,1_0_0_1,0,-2.5,0.05
22738,3_2_0_0,3,2.0,0.05
22739,2_4_0_1,4,1.5,0.05
22740,3_1_0_0,3,2.0,0.05
22741,3_6_1_1,4,7.0,0.05
22742,2_5_1_0,1,2.0,0.05
22743,1_1_0_0,3,2.0,0.05
22744,2_4_0_1,4,1.5,0.05
22745,1_1_0_0,3,2.0,0.05
22746,2_1_0_1,0,1.5,0.05
22747,1_6_1_1,4,7.0,0.05
22748,1_1_0_1,0,1.5,0.05
22749,3_0_0_1,3,1.0,0.05
22750,3_2_1_1,1,9.0,0.05
22751,3_1_1_1,0,9.0,0.05
22752,2_0_1_0,5,3.0,0.05
22753,3_2_1_1,1,9.0,0.05
22754,1_4_0_0,3,2.0,0.05
22755,1_4_0_0,3,2.0,0.05
22756,3_2_0_1,4,1.5,0.05
22757,3_6_0_1,1,3.0,0.05
22758,1_0_0_0,3,2.0,0.05
22759,3_2_0_1,4,1.5,0.05
22760,2_3_0_0,3,2.0,0.05
22761,2_4_1_1,0,5.0,0.05
22762,3_1_1_1,1,5.0,0.05
22763,2_1_1_0,5,3.0,0.05
22764,2_6_0_1,4,1.5,0.05
22765,2_1_1_0,5,3.0,0.05
22766,2_4_1_0,1,2.0,0.05
22767,3_2_0_0,3,2.0,0.05
22768,3_4_0_1,4,1.5,0.05
22769,2_5_1_1,0,9.0,0.05
22770,3_0_1_1,0,5.0,0.05
22771,2_1_0_0,5,2.0,0.05
22772,1_1_1_1,0,9.0,0.05
22773,1_3_0_1,1,3.0,0.05
22774,1_2_1_1,4,7.0,0.05
22775,1_1_0_1,0,1.5,0.05
22776,3_2_0_1,4,1.5,0.05
22777,1_2_0_1,3,1.0,0.05
22778,2_3_1_0,1,6.0,0.05
22779,3_0_0_0,5,2.0,0.05
22780,1_5_0_0,3,2.0,0.05
22781,3_6_0_0,5,2.0,0.05
22782,3_2_1_1,1,9.0,0.05
22783,3_2_1_0,1,6.0,0.05
22784,3_4_0_0,5,2.0,0.05
22785,1_6_0_1,1,3.0,0.05
22786,1_3_0_0,5,2.0,0.05
22787,2_3_1_0,1,6.0,0.05
22788,2_6_0_1,5,0.0,0.05
22789,3_3_0_0,5,2.0,0.05
22790,2_6_1_1,1,9.0,0.05
22791,1_2_0_0,3,2.0,0.05
22792,2_5_0_0,5,2.0,0.05
22793,2_1_1_0,5,3.0,0.05
22794,3_0_0_1,3,1.0,0.05
22795,1_3_0_0,5,2.0,0.05
22796,1_6_1_1,4,7.0,0.05
22797,2_6_0_1,4,1.5,0.05
22798,3_2_0_0,3,2.0,0.05
22799,3_5_0_1,0,1.5,0.05
22800,3_1_1_0,0,3.0,0.05
22801,1_5_1_0,1,2.0,0.05
22802,3_7_1_1,4,7.0,0.05
22803,2_1_0_1,0,1.5,0.05
22804,1_3_0_0,5,2.0,0.05
22805,2_5_0_0,5,2.0,0.05
22806,3_2_0_1,4,1.5,0.05
22807,2_2_0_1,4,1.5,0.05
22808,2_6_0_1,4,1.5,0.05
22809,3_6_0_1,1,3.0,0.05
22810,3_1_0_1,0,1.5,0.05
22811,1_6_1_0,1,6.0,0.05
22812,2_3_1_0,1,6.0,0.05
22813,3_0_0_0,5,2.0,0.05
22814,1_3_0_0,5,2.0,0.05
22815,2_0_1_1,1,5.0,0.05
22816,1_2_1_1,4,7.0,0.05
22817,2_4_1_0,1,2.0,0.05
22818,3_5_1_0,0,3.0,0.05
22819,2_4_1_0,1,2.0,0.05
22820,3_3_1_1,1,9.0,0.05
22821,2_1_1_0,5,3.0,0.05
22822,2_5_0_1,4,1.5,0.05
22823,2_4_0_0,3,2.0,0.05
22824,3_6_0_1,1,3.0,0.05
22825,2_2_1_0,1,6.0,0.05
22826,3_0_0_1,3,1.0,0.05
22827,1_6_1_0,1,6.0,0.05
22828,3_1_0_1,0,1.5,0.05
22829,1_0_0_1,3,1.0,0.05
22830,1_6_1_0,1,6.0,0.05
22831,3_0_0_0,5,2.0,0.05
22832,1_4_1_1,4,7.0,0.05
22833,2_2_0_1,4,1.5,0.05
22834,2_7_1_0,1,6.0,0.05
22835,2_7_0_1,1,3.0,0.05
22836,3_2_1_0,1,6.0,0.05
22837,3_7_1_0,1,6.0,0.05
22838,2_2_0_1,4,1.5,0.05
22839,1_0_0_1,3,1.0,0.05
22840,3_6_0_0,5,2.0,0.05
22841,3_7_1_0,1,6.0,0.05
22842,1_7_0_0,2,2.0,0.05
22843,2_0_0_1,4,1.5,0.05
22844,2_7_1_1,0,9.0,0.05
22845,1_6_0_1,2,0.0,0.05
22846,1_1_1_0,5,3.0,0.05
22847,1_4_0_1,3,1.0,0.05
22848,1_3_0_1,1,3.0,0.05
22849,3_2_0_0,3,2.0,0.05
22850,2_3_1_1,0,9.0,0.05
22851,3_6_0_1,1,3.0,0.05
22852,1_3_0_1,1,3.0,0.05
22853,1_0_0_1,3,1.0,0.05
22854,2_7_0_1,1,3.0,0.05
22855,1_7_1_1,0,9.0,0.05
22856,2_2_1_0,1,6.0,0.05
22857,3_3_1_1,1,9.0,0.05
22858,2_0_0_0,5,2.0,0.05
22859,1_1_0_0,3,2.0,0.05
22860,2_7_0_0,3,2.0,0.05
22861,1_2_1_0,1,6.0,0.05
22862,3_0_1_0,4,1.0,0.05
22863,1_2_0_1,3,1.0,0.05
22864,3_4_1_0,5,3.0,0.05
22865,3_5_0_0,3,2.0,0.05
22866,1_5_1_1,0,9.0,0.05
22867,2_5_1_1,0,9.0,0.05
22868,2_5_1_1,0,9.0,0.05
22869,3_1_1_0,0,3.0,0.05
22870,1_5_0_0,3,2.0,0.05
22871,3_5_1_1,0,9.0,0.05
22872,1_7_0_1,1,3.0,0.05
22873,3_5_1_1,0,9.0,0.05
22874,2_5_0_0,5,2.0,0.05
22875,3_1_1_1,0,9.0,0.05
22876,2_7_0_0,3,2.0,0.05
22877,1_2_0_1,3,1.0,0.05
22878,2_7_1_0,1,6.0,0.05
22879,2_4_1_0,1,2.0,0.05
22880,2_1_1_1,4,7.0,0.05
22881,3_5_1_0,0,3.0,0.05
22882,1_3_0_0,5,2.0,0.05
22883,1_5_1_1,0,9.0,0.05
22884,2_6_1_1,1,9.0,0.05
22885,1_7_0_0,2,2.0,0.05
22886,3_7_1_0,1,6.0,0.05
22887,2_1_0_1,0,1.5,0.05
22888,3_6_1_0,1,6.0,0.05
22889,3_7_1_1,4,7.0,0.05
22890,1_7_0_0,2,2.0,0.05
22891,3_1_1_0,0,3.0,0.05
22892,3_2_0_0,3,2.0,0.05
22893,2_0_1_1,1,5.0,0.05
22894,3_4_0_1,4,1.5,0.05
22895,2_1_0_1,0,1.5,0.05
22896,1_0_0_0,3,2.0,0.05
22897,2_4_1_1,0,5.0,0.05
22898,2_1_0_1,0,1.5,0.05
22899,3_7_0_1,3,1.0,0.05
22900,1_5_0_0,3,2.0,0.05
22901,2_6_1_0,1,6.0,0.05
22902,1_4_0_0,3,2.0,0.05
22903,1_0_1_1,3,-15.0,0.05
22904,3_7_0_1,3,1.0,0.05
22905,1_3_1_0,1,6.0,0.05
22906,2_4_1_0,1,2.0,0.05
22907,1_5_1_1,0,9.0,0.05
22908,2_1_1_0,5,3.0,0.05
22909,2_5_1_0,1,2.0,0.05
22910,3_0_0_1,3,1.0,0.05
22911,3_5_1_0,0,3.0,0.05
22912,3_6_1_1,4,7.0,0.05
22913,2_3_0_1,3,1.0,0.05
22914,3_2_0_0,3,2.0,0.05
22915,2_4_0_0,3,2.0,0.05
22916,2_4_1_0,1,2.0,0.05
22917,3_5_0_1,0,1.5,0.05
22918,2_2_0_1,4,1.5,0.05
22919,3_4_0_0,5,2.0,0.05
22920,1_6_1_1,4,7.0,0.05
22921,3_7_0_0,2,2.0,0.05
22922,3_4_0_0,5,2.0,0.05
22923,1_1_1_0,5,3.0,0.05
22924,1_3_1_0,1,6.0,0.05
22925,2_6_0_0,1,0.0,0.05
22926,3_5_1_0,0,3.0,0.05
22927,1_3_1_1,4,7.0,0.05
22928,1_0_0_1,3,1.0,0.05
22929,2_2_1_1,4,7.0,0.05
22930,2_0_0_0,5,2.0,0.05
22931,2_1_0_0,5,2.0,0.05
22932,1_5_1_0,1,2.0,0.05
22933,2_2_1_1,4,7.0,0.05
22934,3_5_0_1,0,1.5,0.05
22935,3_5_1_1,0,9.0,0.05
22936,3_4_0_1,4,1.5,0.05
22937,3_3_0_1,1,3.0,0.05
22938,1_5_0_0,3,2.0,0.05
22939,1_0_0_1,3,1.0,0.05
22940,2_0_1_1,1,5.0,0.05
22941,3_3_0_0,5,2.0,0.05
22942,3_7_0_1,3,1.0,0.05
22943,1_6_1_0,1,6.0,0.05
22944,2_3_0_1,3,1.0,0.05
22945,2_3_1_1,0,9.0,0.05
22946,1_1_0_0,3,2.0,0.05
22947,1_4_0_1,3,1.0,0.05
22948,2_5_0_1,4,1.5,0.05
22949,1_5_0_1,0,1.5,0.05
22950,1_7_0_0,2,2.0,0.05
22951,2_4_0_1,4,1.5,0.05
22952,3_4_1_0,5,3.0,0.05
22953,2_5_1_1,0,9.0,0.05
22954,3_2_0_0,3,2.0,0.05
22955,1_4_0_0,3,2.0,0.05
22956,3_5_0_0,3,2.0,0.05
22957,3_6_0_0,5,2.0,0.05
22958,3_3_0_1,1,3.0,0.05
22959,2_2_0_0,3,2.0,0.05
22960,3_2_0_0,3,2.0,0.05
22961,1_7_0_0,2,2.0,0.05
22962,3_6_0_0,5,2.0,0.05
22963,2_2_1_1,4,7.0,0.05
22964,1_4_1_1,4,7.0,0.05
22965,1_3_0_0,1,0.0,0.05
22966,1_6_0_0,2,2.0,0.05
22967,3_5_1_0,0,3.0,0.05
22968,3_0_1_1,0,5.0,0.05
22969,3_0_1_1,0,5.0,0.05
22970,1_7_1_1,0,9.0,0.05
22971,1_3_0_0,5,2.0,0.05
22972,1_4_0_1,3,1.0,0.05
22973,3_7_0_1,3,1.0,0.05
22974,1_3_0_0,5,2.0,0.05
22975,3_3_1_1,1,9.0,0.05
22976,2_3_0_1,0,1.5,0.05
22977,1_6_1_1,4,7.0,0.05
22978,3_0_1_1,0,5.0,0.05
22979,2_0_1_0,5,3.0,0.05
22980,3_7_1_1,4,7.0,0.05
22981,1_5_0_0,3,2.0,0.05
22982,3_4_0_1,4,1.5,0.05
22983,1_6_0_0,2,2.0,0.05
22984,3_6_1_0,1,6.0,0.05
22985,1_6_1_0,0,-1.0,0.05
22986,1_2_0_0,3,2.0,0.05
22987,1_5_1_0,1,2.0,0.05
22988,3_4_1_1,0,5.0,0.05
22989,1_4_1_1,4,7.0,0.05
22990,1_6_1_0,1,6.0,0.05
22991,1_0_0_1,3,1.0,0.05
22992,3_2_1_0,1,6.0,0.05
22993,2_4_1_0,1,2.0,0.05
22994,1_5_1_0,1,2.0,0.05
22995,2_3_0_0,3,2.0,0.05
22996,2_4_1_0,1,2.0,0.05
22997,1_7_0_0,2,2.0,0.05
22998,3_6_0_0,5,2.0,0.05
22999,2_2_1_1,4,7.0,0.05
23000,3_7_0_1,3,1.0,0.05
23001,2_0_0_1,4,1.5,0.05
23002,1_1_0_1,0,1.5,0.05
23003,3_4_1_0,5,3.0,0.05
23004,1_0_0_0,3,2.0,0.05
23005,3_3_0_0,5,2.0,0.05
23006,2_3_1_1,0,9.0,0.05
23007,2_5_1_0,1,2.0,0.05
23008,3_7_1_0,1,6.0,0.05
23009,2_7_0_1,1,3.0,0.05
23010,1_1_1_0,5,3.0,0.05
23011,2_2_1_0,3,-14.0,0.05
23012,1_3_0_0,5,2.0,0.05
23013,1_6_1_0,1,6.0,0.05
23014,3_7_0_0,2,2.0,0.05
23015,1_4_0_0,3,2.0,0.05
23016,1_0_1_0,5,3.0,0.05
23017,3_1_1_1,0,9.0,0.05
23018,1_3_1_0,1,6.0,0.05
23019,2_2_0_1,4,1.5,0.05
23020,3_6_0_1,1,3.0,0.05
23021,3_1_1_0,0,3.0,0.05
23022,3_6_1_0,1,6.0,0.05
23023,3_0_0_0,5,2.0,0.05
23024,1_3_0_0,5,2.0,0.05
23025,1_2_0_1,3,1.0,0.05
23026,1_2_1_0,1,6.0,0.05
23027,3_1_0_1,0,1.5,0.05
23028,2_6_1_1,1,9.0,0.05
23029,1_5_0_1,0,1.5,0.05
23030,3_4_1_0,5,3.0,0.05
23031,2_1_1_1,4,7.0,0.05
23032,3_3_0_0,5,2.0,0.05
23033,3_6_0_0,5,2.0,0.05
23034,3_7_1_1,4,7.0,0.05
23035,2_1_1_0,5,3.0,0.05
23036,3_0_1_0,4,1.0,0.05
23037,2_3_1_1,0,9.0,0.05
23038,3_1_0_0,3,2.0,0.05
23039,3_7_0_1,3,1.0,0.05
23040,2_7_1_1,0,9.0,0.05
23041,3_1_0_1,0,1.5,0.05
23042,1_2_0_0,3,2.0,0.05
23043,1_6_1_1,4,7.0,0.05
23044,1_4_0_1,3,1.0,0.05
23045,2_2_1_1,4,7.0,0.05
23046,3_5_0_0,3,2.0,0.05
23047,1_0_0_0,3,2.0,0.05
23048,2_4_1_0,1,2.0,0.05
23049,1_3_0_0,5,2.0,0.05
23050,2_0_0_1,4,1.5,0.05
23051,2_2_1_1,4,7.0,0.05
23052,2_1_1_1,4,7.0,0.05
23053,2_2_0_1,4,1.5,0.05
23054,1_4_1_1,4,7.0,0.05
23055,1_7_0_1,1,3.0,0.05
23056,1_5_0_1,0,1.5,0.05
23057,1_7_1_0,1,6.0,0.05
23058,2_5_1_1,0,9.0,0.05
23059,2_4_1_0,1,2.0,0.05
23060,3_6_1_1,4,7.0,0.05
23061,3_7_0_0,5,2.0,0.05
23062,3_5_1_1,0,9.0,0.05
23063,2_2_1_0,1,6.0,0.05
23064,2_7_1_1,0,9.0,0.05
23065,1_1_0_1,0,1.5,0.05
23066,3_1_1_0,0,3.0,0.05
23067,2_5_1_0,1,2.0,0.05
23068,1_3_0_1,1,3.0,0.05
23069,3_5_0_0,3,2.0,0.05
23070,1_4_1_1,4,7.0,0.05
23071,3_4_0_1,4,1.5,0.05
23072,3_1_1_0,0,3.0,0.05
23073,2_1_1_0,5,3.0,0.05
23074,1_0_0_1,3,1.0,0.05
23075,2_2_1_0,1,6.0,0.05
23076,3_0_0_1,3,1.0,0.05
23077,3_3_1_1,1,9.0,0.05
23078,1_5_1_1,0,9.0,0.05
23079,1_1_1_0,5,3.0,0.05
23080,2_7_0_0,3,2.0,0.05
23081,1_7_1_1,0,9.0,0.05
23082,3_4_1_1,0,5.0,0.05
23083,1_2_1_1,4,7.0,0.05
23084,3_4_0_1,4,1.5,0.05
23085,2_6_1_1,1,9.0,0.05
23086,3_2_1_0,1,6.0,0.05
23087,3_7_0_1,3,1.0,0.05
23088,3_1_0_0,3,2.0,0.05
23089,3_7_1_0,1,6.0,0.05
23090,3_3_0_1,1,3.0,0.05
23091,1_7_1_1,0,9.0,0.05
23092,3_7_1_0,1,6.0,0.05
23093,3_0_1_1,0,5.0,0.05
23094,1_7_1_0,1,6.0,0.05
23095,1_2_0_0,3,2.0,0.05
23096,2_6_0_0,0,-8.5,0.05
23097,1_1_1_1,0,9.0,0.05
23098,1_0_0_0,3,2.0,0.05
23099,2_1_1_1,4,7.0,0.05
23100,3_1_0_1,0,1.5,0.05
23101,3_4_1_0,5,3.0,0.05
23102,1_5_0_0,3,2.0,0.05
23103,1_6_1_0,1,6.0,0.05
23104,1_0_1_1,4,7.0,0.05
23105,3_7_0_0,2,2.0,0.05
23106,3_1_1_1,0,9.0,0.05
23107,1_6_0_0,2,2.0,0.05
23108,2_3_0_1,3,1.0,0.05
23109,2_5_1_1,0,9.0,0.05
23110,2_2_0_0,3,2.0,0.05
23111,3_7_0_1,3,1.0,0.05
23112,3_1_1_0,0,3.0,0.05
23113,1_5_1_0,1,2.0,0.05
23114,1_2_1_1,4,7.0,0.05
23115,1_0_0_1,3,1.0,0.05
23116,3_7_0_0,2,2.0,0.05
23117,1_7_1_1,0,9.0,0.05
23118,2_2_0_1,4,1.5,0.05
23119,2_1_0_0,5,2.0,0.05
23120,2_5_0_0,5,2.0,0.05
23121,3_1_0_1,0,1.5,0.05
23122,3_5_0_0,3,2.0,0.05
23123,1_7_1_1,0,9.0,0.05
23124,3_0_0_0,1,-4.0,0.05
23125,2_7_0_0,3,2.0,0.05
23126,2_6_0_0,1,0.0,0.05
23127,3_0_0_0,5,2.0,0.05
23128,3_2_1_1,1,9.0,0.05
23129,1_5_0_0,3,2.0,0.05
23130,3_6_0_1,1,3.0,0.05
23131,3_5_1_1,0,9.0,0.05
23132,1_3_0_0,5,2.0,0.05
23133,2_4_1_1,0,5.0,0.05
23134,2_6_0_0,1,0.0,0.05
23135,2_5_1_1,0,9.0,0.05
23136,1_5_0_0,3,2.0,0.05
23137,2_7_1_1,0,9.0,0.05
23138,3_1_1_0,0,3.0,0.05
23139,1_7_1_1,0,9.0,0.05
23140,1_0_1_1,2,-9.0,0.05
23141,2_0_1_1,1,5.0,0.05
23142,2_1_0_0,5,2.0,0.05
23143,1_0_1_1,4,7.0,0.05
23144,2_2_0_0,3,2.0,0.05
23145,2_7_1_1,0,9.0,0.05
23146,3_7_0_1,3,1.0,0.05
23147,2_6_1_0,1,6.0,0.05
23148,2_7_1_1,5,1.0,0.05
23149,1_1_1_1,0,9.0,0.05
23150,3_1_1_0,0,3.0,0.05
23151,3_7_1_1,4,7.0,0.05
23152,3_2_1_0,1,6.0,0.05
23153,3_7_0_0,2,2.0,0.05
23154,2_2_0_0,3,2.0,0.05
23155,3_2_0_1,4,1.5,0.05
23156,3_0_0_1,3,1.0,0.05
23157,1_3_1_0,1,6.0,0.05
23158,3_7_1_1,4,7.0,0.05
23159,3_4_1_0,4,1.0,0.05
23160,2_3_0_0,3,2.0,0.05
23161,1_6_0_1,4,1.5,0.05
23162,3_6_1_0,1,6.0,0.05
23163,2_7_1_0,1,6.0,0.05
23164,1_3_1_1,4,7.0,0.05
23165,3_5_0_0,3,2.0,0.05
23166,3_1_0_0,3,2.0,0.05
23167,1_0_1_0,5,3.0,0.05
23168,2_7_0_0,3,2.0,0.05
23169,1_4_1_0,5,3.0,0.05
23170,1_5_0_1,0,1.5,0.05
23171,1_5_1_0,1,2.0,0.05
23172,1_1_0_0,3,2.0,0.05
23173,1_7_1_1,0,9.0,0.05
23174,1_7_0_1,1,3.0,0.05
23175,1_5_1_1,0,9.0,0.05
23176,2_3_1_0,1,6.0,0.05
23177,1_6_1_0,1,6.0,0.05
23178,3_1_0_0,3,2.0,0.05
23179,2_2_0_1,4,1.5,0.05
23180,3_0_0_1,3,1.0,0.05
23181,2_5_1_0,1,2.0,0.05
23182,1_2_0_0,3,2.0,0.05
23183,2_5_1_0,1,2.0,0.05
23184,1_3_1_0,1,6.0,0.05
23185,2_2_1_1,4,7.0,0.05
23186,2_5_1_1,0,9.0,0.05
23187,3_2_1_1,1,9.0,0.05
23188,3_7_0_0,2,2.0,0.05
23189,2_4_0_1,4,1.5,0.05
23190,1_0_1_1,4,7.0,0.05
23191,2_3_1_1,0,9.0,0.05
23192,1_5_0_1,0,1.5,0.05
23193,2_4_0_0,3,2.0,0.05
23194,2_6_0_1,4,1.5,0.05
23195,3_2_1_1,1,9.0,0.05
23196,3_5_0_0,3,2.0,0.05
23197,1_3_0_1,1,3.0,0.05
23198,3_3_1_1,1,9.0,0.05
23199,1_1_1_0,5,3.0,0.05
23200,3_1_0_0,3,2.0,0.05
23201,1_2_1_0,1,6.0,0.05
23202,2_4_1_0,1,2.0,0.05
23203,3_7_1_1,4,7.0,0.05
23204,1_2_0_1,3,1.0,0.05
23205,3_4_0_0,5,2.0,0.05
23206,2_1_0_1,0,1.5,0.05
23207,3_6_0_1,1,3.0,0.05
23208,3_0_1_1,0,5.0,0.05
23209,1_2_1_1,4,7.0,0.05
23210,1_4_1_1,4,7.0,0.05
23211,3_3_1_1,1,9.0,0.05
23212,3_2_1_0,1,6.0,0.05
23213,1_3_0_1,1,3.0,0.05
23214,2_1_0_1,0,1.5,0.05
23215,1_5_0_1,0,1.5,0.05
23216,3_0_1_0,4,1.0,0.05
23217,2_1_0_0,5,2.0,0.05
23218,2_0_1_1,1,5.0,0.05
23219,2_7_0_1,1,3.0,0.05
23220,2_3_1_1,0,9.0,0.05
23221,1_6_1_0,1,6.0,0.05
23222,3_6_1_0,1,6.0,0.05
23223,2_1_1_1,4,7.0,0.05
23224,2_2_1_1,4,7.0,0.05
23225,2_2_0_0,3,2.0,0.05
23226,1_1_0_1,0,1.5,0.05
23227,1_3_1_1,4,7.0,0.05
23228,3_6_1_0,1,6.0,0.05
23229,2_1_0_0,5,2.0,0.05
23230,3_4_0_0,5,2.0,0.05
23231,2_1_0_0,5,2.0,0.05
23232,3_7_1_1,4,7.0,0.05
23233,2_7_0_0,1,0.0,0.05
23234,1_0_1_1,4,7.0,0.05
23235,1_2_1_0,5,3.0,0.05
23236,1_6_1_0,1,6.0,0.05
23237,2_0_0_1,4,1.5,0.05
23238,3_4_0_0,5,2.0,0.05
23239,1_2_0_0,3,2.0,0.05
23240,2_2_1_0,1,6.0,0.05
23241,1_0_0_0,3,2.0,0.05
23242,3_7_1_1,4,7.0,0.05
23243,2_5_1_0,1,2.0,0.05
23244,2_2_0_0,3,2.0,0.05
23245,2_4_0_1,4,1.5,0.05
23246,3_1_0_1,0,1.5,0.05
23247,2_3_1_1,0,9.0,0.05
23248,2_0_0_0,5,2.0,0.05
23249,3_2_1_0,1,6.0,0.05
23250,2_3_0_0,3,2.0,0.05
23251,2_1_1_0,5,3.0,0.05
23252,2_3_1_1,0,9.0,0.05
23253,1_7_1_0,1,6.0,0.05
23254,2_2_0_0,3,2.0,0.05
23255,3_3_1_1,1,9.0,0.05
23256,2_6_0_0,1,0.0,0.05
23257,2_2_1_1,4,7.0,0.05
23258,2_7_0_1,1,3.0,0.05
23259,2_5_0_0,5,2.0,0.05
23260,1_1_0_0,3,2.0,0.05
23261,2_7_0_0,3,2.0,0.05
23262,2_7_0_1,1,3.0,0.05
23263,1_4_1_1,4,7.0,0.05
23264,3_3_0_1,1,3.0,0.05
23265,3_4_0_0,5,2.0,0.05
23266,3_6_1_1,4,7.0,0.05
23267,1_2_0_0,3,2.0,0.05
23268,3_4_1_1,0,5.0,0.05
23269,2_1_1_0,5,3.0,0.05
23270,2_7_0_1,1,3.0,0.05
23271,2_0_0_0,5,2.0,0.05
23272,1_1_0_1,0,1.5,0.05
23273,3_7_0_0,2,2.0,0.05
23274,1_6_1_1,4,7.0,0.05
23275,1_5_0_0,3,2.0,0.05
23276,3_4_1_1,0,5.0,0.05
23277,3_3_0_0,5,2.0,0.05
23278,3_4_0_0,5,2.0,0.05
23279,1_3_1_1,4,7.0,0.05
23280,3_4_0_1,3,1.0,0.05
23281,3_1_0_0,3,2.0,0.05
23282,3_5_0_0,3,2.0,0.05
23283,3_7_0_1,3,1.0,0.05
23284,2_3_1_0,1,6.0,0.05
23285,3_3_1_0,0,3.0,0.05
23286,2_3_1_0,1,6.0,0.05
23287,2_3_1_0,1,6.0,0.05
23288,2_6_1_0,1,6.0,0.05
23289,2_7_0_1,1,3.0,0.05
23290,2_3_1_0,1,6.0,0.05
23291,1_5_1_0,1,2.0,0.05
23292,1_2_1_0,1,6.0,0.05
23293,3_4_0_1,4,1.5,0.05
23294,1_5_0_1,0,1.5,0.05
23295,3_1_1_0,0,3.0,0.05
23296,1_3_1_1,4,7.0,0.05
23297,3_1_0_0,3,2.0,0.05
23298,1_1_0_1,0,1.5,0.05
23299,3_2_1_0,1,6.0,0.05
23300,1_3_1_1,4,7.0,0.05
23301,3_3_1_1,1,9.0,0.05
23302,3_5_0_1,3,1.0,0.05
23303,2_0_1_0,5,3.0,0.05
23304,3_7_1_0,1,6.0,0.05
23305,3_7_0_1,1,3.0,0.05
23306,1_0_1_0,5,3.0,0.05
23307,3_5_1_0,0,3.0,0.05
23308,3_0_0_0,5,2.0,0.05
23309,1_3_1_0,1,6.0,0.05
23310,3_3_1_1,1,9.0,0.05
23311,3_5_1_1,4,7.0,0.05
23312,3_3_0_1,1,3.0,0.05
23313,2_1_0_0,5,2.0,0.05
23314,2_3_1_1,0,9.0,0.05
23315,1_3_1_0,1,6.0,0.05
23316,3_5_0_0,3,2.0,0.05
23317,1_3_1_1,4,7.0,0.05
23318,1_1_1_1,0,9.0,0.05
23319,2_3_0_0,3,2.0,0.05
23320,3_5_0_0,3,2.0,0.05
23321,3_5_1_0,0,3.0,0.05
23322,3_0_1_0,4,1.0,0.05
23323,1_5_0_1,0,1.5,0.05
23324,1_6_0_1,1,3.0,0.05
23325,1_5_1_1,1,5.0,0.05
23326,2_6_1_1,1,9.0,0.05
23327,1_4_0_1,3,1.0,0.05
23328,1_4_0_0,3,2.0,0.05
23329,3_6_0_1,1,3.0,0.05
23330,1_6_0_1,1,3.0,0.05
23331,2_3_0_0,3,2.0,0.05
23332,2_0_0_1,4,1.5,0.05
23333,2_3_1_1,0,9.0,0.05
23334,3_2_0_0,3,2.0,0.05
23335,1_7_0_1,1,3.0,0.05
23336,3_2_1_0,1,6.0,0.05
23337,2_3_1_1,0,9.0,0.05
23338,1_6_0_0,2,2.0,0.05
23339,2_2_1_0,3,-14.0,0.05
23340,3_2_0_0,3,2.0,0.05
23341,1_0_1_1,4,7.0,0.05
23342,2_3_1_0,1,6.0,0.05
23343,2_6_0_1,4,1.5,0.05
23344,3_0_0_1,3,1.0,0.05
23345,1_1_1_1,0,9.0,0.05
23346,1_2_0_0,3,2.0,0.05
23347,3_5_0_0,3,2.0,0.05
23348,2_2_0_0,3,2.0,0.05
23349,1_5_0_0,3,2.0,0.05
23350,1_3_0_1,1,3.0,0.05
23351,3_7_0_1,3,1.0,0.05
23352,2_7_1_1,0,9.0,0.05
23353,2_1_1_1,4,7.0,0.05
23354,1_2_0_1,3,1.0,0.05
23355,3_5_1_1,0,9.0,0.05
23356,1_6_0_1,1,3.0,0.05
23357,2_5_1_1,0,9.0,0.05
23358,1_1_1_1,0,9.0,0.05
23359,2_5_0_1,4,1.5,0.05
23360,2_5_1_1,0,9.0,0.05
23361,1_4_0_0,3,2.0,0.05
23362,1_7_1_1,0,9.0,0.05
23363,1_1_1_1,0,9.0,0.05
23364,3_6_1_0,1,6.0,0.05
23365,1_1_0_0,3,2.0,0.05
23366,3_2_1_0,1,6.0,0.05
23367,1_6_1_1,4,7.0,0.05
23368,2_3_0_0,3,2.0,0.05
23369,2_2_1_1,4,7.0,0.05
23370,2_3_1_0,2,-7.0,0.05
23371,2_6_0_0,1,0.0,0.05
23372,3_2_0_1,4,1.5,0.05
23373,1_6_1_1,4,7.0,0.05
23374,2_5_1_0,1,2.0,0.05
23375,3_0_1_0,4,1.0,0.05
23376,2_2_1_0,1,6.0,0.05
23377,1_5_0_0,3,2.0,0.05
23378,3_6_0_0,5,2.0,0.05
23379,1_4_0_0,3,2.0,0.05
23380,2_5_1_1,0,9.0,0.05
23381,2_0_0_0,5,2.0,0.05
23382,3_5_0_1,0,1.5,0.05
23383,3_3_1_0,0,3.0,0.05
23384,2_2_0_0,3,2.0,0.05
23385,2_4_0_0,3,2.0,0.05
23386,3_2_0_0,3,2.0,0.05
23387,1_2_1_1,4,7.0,0.05
23388,3_1_0_1,0,1.5,0.05
23389,3_4_1_1,0,5.0,0.05
23390,3_5_1_1,0,9.0,0.05
23391,2_6_0_0,5,2.0,0.05
23392,2_1_1_0,5,3.0,0.05
23393,3_1_1_0,0,3.0,0.05
23394,2_0_0_0,5,2.0,0.05
23395,2_6_1_1,1,9.0,0.05
23396,3_0_1_1,0,5.0,0.05
23397,1_3_0_0,4,-4.5,0.05
23398,1_5_1_1,0,9.0,0.05
23399,2_2_1_1,4,7.0,0.05
23400,1_4_1_1,4,7.0,0.05
23401,1_1_1_1,0,9.0,0.05
23402,2_7_1_1,0,9.0,0.05
23403,3_4_1_1,0,5.0,0.05
23404,3_4_0_1,4,1.5,0.05
23405,2_6_1_0,1,6.0,0.05
23406,1_6_1_0,1,6.0,0.05
23407,2_5_0_1,4,1.5,0.05
23408,3_3_0_1,1,3.0,0.05
23409,2_6_1_0,1,6.0,0.05
23410,2_2_1_0,1,6.0,0.05
23411,1_1_0_0,3,2.0,0.05
23412,2_1_0_0,5,2.0,0.05
23413,3_5_1_1,0,9.0,0.05
23414,3_1_1_0,0,3.0,0.05
23415,3_1_0_0,3,2.0,0.05
23416,3_4_1_0,5,3.0,0.05
23417,3_2_0_1,4,1.5,0.05
23418,1_6_1_1,4,7.0,0.05
23419,3_2_0_0,3,2.0,0.05
23420,1_2_0_0,3,2.0,0.05
23421,1_2_1_1,4,7.0,0.05
23422,1_0_1_1,4,7.0,0.05
23423,3_1_1_1,0,9.0,0.05
23424,1_6_0_0,2,2.0,0.05
23425,1_2_0_0,3,2.0,0.05
23426,1_1_1_1,0,9.0,0.05
23427,1_5_0_1,0,1.5,0.05
23428,3_4_1_1,0,5.0,0.05
23429,1_0_0_0,3,2.0,0.05
23430,1_7_1_0,1,6.0,0.05
23431,3_6_1_0,1,6.0,0.05
23432,1_4_1_0,5,3.0,0.05
23433,3_3_0_1,1,3.0,0.05
23434,3_3_0_0,5,2.0,0.05
23435,2_2_0_1,4,1.5,0.05
23436,1_4_1_1,4,7.0,0.05
23437,1_7_1_0,1,6.0,0.05
23438,3_7_1_1,4,7.0,0.05
23439,3_4_1_0,5,3.0,0.05
23440,2_7_1_1,0,9.0,0.05
23441,2_1_1_0,5,3.0,0.05
23442,2_2_0_1,4,1.5,0.05
23443,1_4_1_1,4,7.0,0.05
23444,1_0_0_1,3,1.0,0.05
23445,1_5_1_1,5,1.0,0.05
23446,3_5_1_0,0,3.0,0.05
23447,1_7_0_1,1,3.0,0.05
23448,2_2_1_1,4,7.0,0.05
23449,2_7_1_1,0,9.0,0.05
23450,3_1_1_1,0,9.0,0.05
23451,1_7_0_1,1,3.0,0.05
23452,3_3_1_0,0,3.0,0.05
23453,3_7_0_0,2,2.0,0.05
23454,3_6_0_1,1,3.0,0.05
23455,1_4_1_0,5,3.0,0.05
23456,3_5_0_0,3,2.0,0.05
23457,1_0_0_0,3,2.0,0.05
23458,3_1_0_0,3,2.0,0.05
23459,2_7_1_1,0,9.0,0.05
23460,2_1_1_1,4,7.0,0.05
23461,2_5_0_1,4,1.5,0.05
23462,1_2_1_0,1,6.0,0.05
23463,2_1_0_1,0,1.5,0.05
23464,2_1_1_0,5,3.0,0.05
23465,3_0_0_1,3,1.0,0.05
23466,1_7_0_1,1,3.0,0.05
23467,2_0_1_1,1,5.0,0.05
23468,3_3_1_0,0,3.0,0.05
23469,3_2_0_1,4,1.5,0.05
23470,1_4_1_0,5,3.0,0.05
23471,2_0_0_1,4,1.5,0.05
23472,1_5_1_1,0,9.0,0.05
23473,2_5_0_0,5,2.0,0.05
23474,2_6_0_1,4,1.5,0.05
23475,2_3_0_0,3,2.0,0.05
23476,2_6_1_0,1,6.0,0.05
23477,1_5_0_0,3,2.0,0.05
23478,3_1_1_1,2,-9.0,0.05
23479,3_5_1_0,0,3.0,0.05
23480,3_2_0_0,3,2.0,0.05
23481,1_2_0_1,3,1.0,0.05
23482,1_7_1_0,1,6.0,0.05
23483,2_3_0_1,3,1.0,0.05
23484,3_4_1_1,0,5.0,0.05
23485,2_1_0_0,5,2.0,0.05
23486,3_7_1_1,4,7.0,0.05
23487,1_3_0_0,5,2.0,0.05
23488,2_5_0_1,4,1.5,0.05
23489,2_2_0_1,4,1.5,0.05
23490,3_2_1_0,1,6.0,0.05
23491,3_2_1_1,1,9.0,0.05
23492,2_7_0_1,5,0.0,0.05
23493,1_5_0_1,0,1.5,0.05
23494,1_2_0_0,3,2.0,0.05
23495,1_6_0_1,1,3.0,0.05
23496,1_4_1_0,5,3.0,0.05
23497,2_5_0_1,4,1.5,0.05
23498,1_7_0_0,2,2.0,0.05
23499,2_4_1_1,0,5.0,0.05
23500,3_5_1_0,0,3.0,0.05
23501,1_1_1_0,5,3.0,0.05
23502,2_4_0_0,3,2.0,0.05
23503,2_5_0_1,4,1.5,0.05
23504,1_0_0_1,3,1.0,0.05
23505,2_5_1_0,1,2.0,0.05
23506,3_7_1_0,1,6.0,0.05
23507,2_1_0_0,5,2.0,0.05
23508,3_4_1_0,5,3.0,0.05
23509,3_0_0_1,3,1.0,0.05
23510,1_7_0_0,2,2.0,0.05
23511,1_5_0_1,1,-1.0,0.05
23512,3_4_0_1,4,1.5,0.05
23513,2_0_1_1,1,5.0,0.05
23514,3_7_1_1,4,7.0,0.05
23515,2_1_0_0,5,2.0,0.05
23516,2_5_1_1,0,9.0,0.05
23517,3_3_1_0,0,3.0,0.05
23518,1_4_1_0,5,3.0,0.05
23519,2_5_0_0,5,2.0,0.05
23520,2_5_0_0,5,2.0,0.05
23521,1_0_0_1,3,1.0,0.05
23522,3_5_1_1,0,9.0,0.05
23523,1_5_0_1,0,1.5,0.05
23524,2_3_1_0,1,6.0,0.05
23525,3_5_0_0,3,2.0,0.05
23526,1_3_1_1,4,7.0,0.05
23527,1_2_0_1,3,1.0,0.05
23528,1_1_0_1,0,1.5,0.05
23529,1_0_0_1,3,1.0,0.05
23530,2_2_0_1,4,1.5,0.05
23531,2_2_1_1,4,7.0,0.05
23532,3_1_0_1,0,1.5,0.05
23533,2_3_0_0,3,2.0,0.05
23534,3_4_1_1,0,5.0,0.05
23535,3_3_0_0,5,2.0,0.05
23536,2_7_1_1,0,9.0,0.05
23537,1_7_1_0,1,6.0,0.05
23538,3_1_1_1,0,9.0,0.05
23539,1_7_1_1,0,9.0,0.05
23540,1_1_0_1,0,1.5,0.05
23541,3_1_0_1,0,1.5,0.05
23542,1_2_0_0,3,2.0,0.05
23543,1_4_1_1,4,7.0,0.05
23544,1_0_1_1,4,7.0,0.05
23545,3_7_0_0,2,2.0,0.05
23546,1_4_0_0,3,2.0,0.05
23547,1_3_0_1,1,3.0,0.05
23548,3_5_1_0,0,3.0,0.05
23549,1_2_1_0,1,6.0,0.05
23550,3_0_1_0,4,1.0,0.05
23551,2_4_1_1,0,5.0,0.05
23552,2_5_1_0,1,2.0,0.05
23553,1_1_1_1,0,9.0,0.05
23554,2_4_1_1,0,5.0,0.05
23555,1_6_1_1,4,7.0,0.05
23556,3_4_0_0,5,2.0,0.05
23557,3_1_0_1,0,1.5,0.05
23558,3_7_1_1,4,7.0,0.05
23559,1_7_0_0,2,2.0,0.05
23560,3_2_1_0,1,6.0,0.05
23561,2_2_1_1,4,7.0,0.05
23562,2_3_0_0,3,2.0,0.05
23563,2_0_1_1,1,5.0,0.05
23564,3_0_0_1,3,1.0,0.05
23565,3_1_0_0,3,2.0,0.05
23566,2_3_0_0,3,2.0,0.05
23567,3_7_0_0,2,2.0,0.05
23568,2_2_1_1,4,7.0,0.05
23569,2_2_0_0,3,2.0,0.05
23570,3_7_1_0,1,6.0,0.05
23571,1_5_0_1,0,1.5,0.05
23572,3_4_0_1,4,1.5,0.05
23573,3_1_0_0,3,2.0,0.05
23574,2_5_1_1,0,9.0,0.05
23575,1_7_1_0,1,6.0,0.05
23576,3_6_0_0,5,2.0,0.05
23577,3_4_0_1,4,1.5,0.05
23578,3_0_0_1,3,1.0,0.05
23579,1_5_0_1,0,1.5,0.05
23580,3_2_0_0,3,2.0,0.05
23581,1_5_1_1,0,9.0,0.05
23582,3_2_0_0,3,2.0,0.05
23583,3_1_0_0,3,2.0,0.05
23584,2_6_1_0,1,6.0,0.05
23585,1_5_1_0,1,2.0,0.05
23586,1_4_1_1,4,7.0,0.05
23587,2_3_1_0,1,6.0,0.05
23588,3_5_1_1,0,9.0,0.05
23589,2_3_0_0,3,2.0,0.05
23590,2_4_1_0,1,2.0,0.05
23591,3_6_1_1,1,9.0,0.05
23592,2_7_0_0,3,2.0,0.05
23593,3_2_0_0,3,2.0,0.05
23594,1_6_1_1,4,7.0,0.05
23595,2_4_1_1,0,5.0,0.05
23596,3_3_1_1,1,9.0,0.05
23597,2_4_1_0,1,2.0,0.05
23598,1_1_0_0,3,2.0,0.05
23599,1_6_1_1,4,7.0,0.05
23600,3_7_0_1,3,1.0,0.05
23601,2_5_1_1,0,9.0,0.05
23602,1_4_1_1,4,7.0,0.05
23603,1_3_0_0,5,2.0,0.05
23604,1_2_0_0,3,2.0,0.05
23605,2_1_0_1,0,1.5,0.05
23606,2_6_1_0,1,6.0,0.05
23607,1_1_0_1,0,1.5,0.05
23608,2_1_0_1,0,1.5,0.05
23609,1_2_0_1,3,1.0,0.05
23610,2_0_0_1,4,1.5,0.05
23611,2_0_0_1,4,1.5,0.05
23612,2_1_1_1,4,7.0,0.05
23613,1_4_1_0,5,3.0,0.05
23614,3_6_0_1,1,3.0,0.05
23615,1_3_0_1,0,1.5,0.05
23616,3_7_0_1,0,1.5,0.05
23617,3_3_0_1,1,3.0,0.05
23618,1_6_1_1,4,7.0,0.05
23619,2_0_0_1,4,1.5,0.05
23620,2_3_0_1,3,1.0,0.05
23621,2_1_1_1,4,7.0,0.05
23622,3_5_1_1,0,9.0,0.05
23623,1_6_1_0,1,6.0,0.05
23624,3_7_0_0,2,2.0,0.05
23625,2_4_0_1,4,1.5,0.05
23626,3_7_1_1,4,7.0,0.05
23627,1_0_1_0,5,3.0,0.05
23628,3_1_1_1,0,9.0,0.05
23629,3_3_0_1,1,3.0,0.05
23630,3_2_0_0,3,2.0,0.05
23631,1_6_0_0,2,2.0,0.05
23632,1_6_0_0,3,2.0,0.05
23633,2_7_1_1,0,9.0,0.05
23634,1_1_1_0,5,3.0,0.05
23635,3_3_0_0,5,2.0,0.05
23636,2_2_1_1,4,7.0,0.05
23637,1_5_0_1,0,1.5,0.05
23638,2_2_0_0,3,2.0,0.05
23639,2_6_0_0,1,0.0,0.05
23640,2_4_1_0,1,2.0,0.05
23641,1_2_1_0,4,1.0,0.05
23642,1_2_0_0,3,2.0,0.05
23643,2_4_1_0,1,2.0,0.05
23644,1_4_1_1,4,7.0,0.05
23645,3_5_1_1,0,9.0,0.05
23646,3_0_0_1,3,1.0,0.05
23647,2_6_1_1,1,9.0,0.05
23648,1_4_0_1,3,1.0,0.05
23649,2_5_1_1,0,9.0,0.05
23650,1_3_1_0,1,6.0,0.05
23651,2_4_0_0,3,2.0,0.05
23652,3_7_0_0,2,2.0,0.05
23653,2_4_0_1,4,1.5,0.05
23654,2_4_0_1,4,1.5,0.05
23655,2_4_1_1,0,5.0,0.05
23656,2_0_1_1,1,5.0,0.05
23657,3_3_0_0,5,2.0,0.05
23658,2_5_1_1,0,9.0,0.05
23659,1_7_1_0,1,6.0,0.05
23660,2_5_0_0,5,2.0,0.05
23661,1_6_1_1,4,7.0,0.05
23662,2_1_0_1,0,1.5,0.05
23663,1_2_1_0,1,6.0,0.05
23664,3_4_0_1,4,1.5,0.05
23665,1_6_0_0,2,2.0,0.05
23666,3_4_0_1,4,1.5,0.05
23667,2_5_0_1,4,1.5,0.05
23668,2_2_1_1,4,7.0,0.05
23669,1_5_1_0,1,2.0,0.05
23670,2_2_1_1,4,7.0,0.05
23671,2_3_1_1,0,9.0,0.05
23672,1_4_0_0,3,2.0,0.05
23673,2_4_0_1,3,1.0,0.05
23674,3_0_0_0,5,2.0,0.05
23675,2_1_1_1,4,7.0,0.05
23676,3_0_1_1,5,1.0,0.05
23677,2_6_0_1,4,1.5,0.05
23678,2_5_1_1,0,9.0,0.05
23679,3_2_0_0,3,2.0,0.05
23680,1_6_1_1,4,7.0,0.05
23681,3_0_0_0,5,2.0,0.05
23682,1_1_0_0,3,2.0,0.05
23683,1_5_0_0,3,2.0,0.05
23684,1_3_0_0,5,2.0,0.05
23685,2_4_0_1,4,1.5,0.05
23686,1_6_0_1,1,3.0,0.05
23687,1_2_0_0,3,2.0,0.05
23688,1_1_0_1,0,1.5,0.05
23689,1_1_0_0,3,2.0,0.05
23690,1_4_1_0,5,3.0,0.05
23691,1_6_0_1,1,3.0,0.05
23692,3_0_0_1,3,1.0,0.05
23693,2_4_1_1,0,5.0,0.05
23694,3_0_0_0,5,2.0,0.05
23695,1_5_1_0,1,2.0,0.05
23696,1_2_0_0,3,2.0,0.05
23697,3_1_1_1,0,9.0,0.05
23698,2_6_0_0,1,0.0,0.05
23699,2_1_1_0,5,3.0,0.05
23700,2_0_0_1,4,1.5,0.05
23701,1_1_1_1,0,9.0,0.05
23702,3_1_1_0,0,3.0,0.05
23703,2_2_1_0,1,6.0,0.05
23704,3_7_1_1,2,-5.0,0.05
23705,2_3_0_1,3,1.0,0.05
23706,2_2_1_1,4,7.0,0.05
23707,3_6_1_1,4,7.0,0.05
23708,2_4_0_0,2,2.0,0.05
23709,3_5_1_0,0,3.0,0.05
23710,3_5_1_0,0,3.0,0.05
23711,2_3_0_0,3,2.0,0.05
23712,1_3_1_0,1,6.0,0.05
23713,2_3_1_1,0,9.0,0.05
23714,1_5_0_0,3,2.0,0.05
23715,3_1_0_1,0,1.5,0.05
23716,1_1_0_0,5,2.0,0.05
23717,1_7_1_1,3,-15.0,0.05
23718,3_5_1_1,0,9.0,0.05
23719,1_0_0_0,3,2.0,0.05
23720,1_3_1_0,1,6.0,0.05
23721,3_0_1_1,0,5.0,0.05
23722,2_1_0_1,0,1.5,0.05
23723,1_2_0_1,3,1.0,0.05
23724,2_4_1_1,0,5.0,0.05
23725,1_0_0_0,3,2.0,0.05
23726,1_6_0_0,2,2.0,0.05
23727,2_3_0_1,3,1.0,0.05
23728,2_5_1_0,1,2.0,0.05
23729,2_6_1_1,1,9.0,0.05
23730,3_1_0_1,0,1.5,0.05
23731,2_7_0_1,1,3.0,0.05
23732,3_7_1_0,1,6.0,0.05
23733,1_0_1_0,5,3.0,0.05
23734,1_4_1_0,5,3.0,0.05
23735,2_1_0_0,5,2.0,0.05
23736,2_3_0_0,3,2.0,0.05
23737,3_4_1_0,5,3.0,0.05
23738,3_7_0_1,3,1.0,0.05
23739,2_4_0_1,4,1.5,0.05
23740,1_1_1_0,5,3.0,0.05
23741,1_7_1_0,1,6.0,0.05
23742,1_5_0_1,0,1.5,0.05
23743,1_5_0_1,0,1.5,0.05
23744,1_7_1_0,1,6.0,0.05
23745,3_4_1_1,0,5.0,0.05
23746,2_0_0_1,4,1.5,0.05
23747,1_6_0_1,1,3.0,0.05
23748,2_4_0_1,5,0.0,0.05
23749,3_0_1_0,4,1.0,0.05
23750,3_7_0_0,2,2.0,0.05
23751,1_5_0_0,3,2.0,0.05
23752,1_2_1_1,4,7.0,0.05
23753,1_5_0_1,4,1.5,0.05
23754,1_3_0_1,1,3.0,0.05
23755,3_1_0_0,3,2.0,0.05
23756,1_2_1_0,1,6.0,0.05
23757,2_6_1_0,1,6.0,0.05
23758,3_3_0_0,5,2.0,0.05
23759,2_2_0_1,4,1.5,0.05
23760,3_6_0_1,1,3.0,0.05
23761,2_2_1_1,4,7.0,0.05
23762,3_1_1_0,0,3.0,0.05
23763,3_1_0_1,0,1.5,0.05
23764,2_7_0_1,1,3.0,0.05
23765,2_1_0_1,0,1.5,0.05
23766,2_3_0_0,3,2.0,0.05
23767,1_2_1_0,1,6.0,0.05
23768,2_2_0_0,3,2.0,0.05
23769,2_3_0_0,3,2.0,0.05
23770,2_6_0_0,1,0.0,0.05
23771,3_3_1_0,0,3.0,0.05
23772,2_3_0_1,3,1.0,0.05
23773,3_1_0_1,0,1.5,0.05
23774,3_1_0_0,3,2.0,0.05
23775,3_3_0_0,5,2.0,0.05
23776,2_7_0_1,1,3.0,0.05
23777,1_3_0_1,1,3.0,0.05
23778,2_4_0_1,4,1.5,0.05
23779,1_4_0_1,3,1.0,0.05
23780,2_6_0_1,4,1.5,0.05
23781,3_5_1_1,0,9.0,0.05
23782,2_2_1_0,1,6.0,0.05
23783,2_7_0_0,4,-4.5,0.05
23784,1_2_0_1,3,1.0,0.05
23785,2_7_0_1,1,3.0,0.05
23786,1_0_1_0,5,3.0,0.05
23787,2_4_1_1,0,5.0,0.05
23788,2_2_1_1,2,-9.0,0.05
23789,3_5_1_1,0,9.0,0.05
23790,2_0_0_1,4,1.5,0.05
23791,1_3_1_0,1,6.0,0.05
23792,1_0_0_0,3,2.0,0.05
23793,1_7_1_1,0,9.0,0.05
23794,1_1_1_0,5,3.0,0.05
23795,2_0_0_1,4,1.5,0.05
23796,2_2_1_0,1,6.0,0.05
23797,1_2_1_1,4,7.0,0.05
23798,2_3_1_0,1,6.0,0.05
23799,1_2_0_1,3,1.0,0.05
23800,2_4_0_1,4,1.5,0.05
23801,3_0_0_1,3,1.0,0.05
23802,1_6_1_0,1,6.0,0.05
23803,3_2_0_0,0,-8.5,0.05
23804,1_1_1_1,0,9.0,0.05
23805,1_2_0_1,3,1.0,0.05
23806,2_4_1_0,1,2.0,0.05
23807,1_2_1_0,1,6.0,0.05
23808,3_4_1_1,0,5.0,0.05
23809,2_3_1_0,1,6.0,0.05
23810,3_3_1_0,0,3.0,0.05
23811,3_5_0_1,0,1.5,0.05
23812,3_3_0_0,5,2.0,0.05
23813,1_3_0_0,5,2.0,0.05
23814,2_6_0_1,4,1.5,0.05
23815,1_6_1_1,4,7.0,0.05
23816,3_6_0_1,1,3.0,0.05
23817,2_5_0_0,5,2.0,0.05
23818,1_6_1_0,1,6.0,0.05
23819,1_0_1_1,4,7.0,0.05
23820,2_1_1_1,4,7.0,0.05
23821,3_5_1_0,0,3.0,0.05
23822,2_4_0_0,3,2.0,0.05
23823,1_6_0_0,2,2.0,0.05
23824,3_4_0_1,4,1.5,0.05
23825,1_5_0_1,0,1.5,0.05
23826,2_0_0_0,5,2.0,0.05
23827,3_0_0_0,5,2.0,0.05
23828,2_3_1_0,1,6.0,0.05
23829,1_0_0_1,3,1.0,0.05
23830,2_2_0_0,3,2.0,0.05
23831,2_4_1_1,0,5.0,0.05
23832,3_5_0_0,3,2.0,0.05
23833,3_4_0_1,4,1.5,0.05
23834,2_1_1_1,4,7.0,0.05
23835,3_4_0_1,4,1.5,0.05
23836,2_1_1_1,4,7.0,0.05
23837,2_4_1_0,1,2.0,0.05
23838,3_0_0_1,3,1.0,0.05
23839,1_2_1_1,4,7.0,0.05
23840,2_4_0_0,2,2.0,0.05
23841,1_2_1_0,1,6.0,0.05
23842,3_6_1_1,4,7.0,0.05
23843,1_4_0_1,3,1.0,0.05
23844,2_6_0_0,1,0.0,0.05
23845,1_3_1_1,4,7.0,0.05
23846,3_3_1_0,0,3.0,0.05
23847,3_7_0_1,3,1.0,0.05
23848,1_1_0_1,0,1.5,0.05
23849,1_2_0_0,3,2.0,0.05
23850,2_0_0_1,4,1.5,0.05
23851,2_1_1_1,4,7.0,0.05
23852,2_3_1_1,0,9.0,0.05
23853,1_3_1_1,4,7.0,0.05
23854,3_6_1_1,4,7.0,0.05
23855,2_7_0_0,3,2.0,0.05
23856,2_5_0_1,4,1.5,0.05
23857,3_5_0_1,0,1.5,0.05
23858,2_7_1_1,0,9.0,0.05
23859,3_0_0_1,3,1.0,0.05
23860,2_5_0_1,4,1.5,0.05
23861,3_2_0_0,3,2.0,0.05
23862,2_2_1_1,4,7.0,0.05
23863,2_4_0_0,3,2.0,0.05
23864,3_0_0_1,3,1.0,0.05
23865,2_6_1_1,1,9.0,0.05
23866,1_5_0_0,3,2.0,0.05
23867,2_2_1_1,4,7.0,0.05
23868,1_2_1_0,1,6.0,0.05
23869,3_3_1_0,0,3.0,0.05
23870,2_4_1_0,1,2.0,0.05
23871,2_7_1_0,1,6.0,0.05
23872,3_2_0_0,3,2.0,0.05
23873,2_0_0_1,4,1.5,0.05
23874,1_5_1_0,1,2.0,0.05
23875,2_4_0_1,4,1.5,0.05
23876,2_1_0_0,5,2.0,0.05
23877,3_1_1_0,0,3.0,0.05
23878,3_6_0_0,5,2.0,0.05
23879,1_1_0_0,3,2.0,0.05
23880,3_5_0_1,0,1.5,0.05
23881,3_2_1_0,1,6.0,0.05
23882,3_0_0_1,3,1.0,0.05
23883,1_1_1_0,5,3.0,0.05
23884,1_5_0_0,3,2.0,0.05
23885,1_1_1_0,5,3.0,0.05
23886,3_3_0_1,1,3.0,0.05
23887,1_4_1_1,4,7.0,0.05
23888,1_7_0_1,1,3.0,0.05
23889,2_6_1_1,1,9.0,0.05
23890,2_2_0_1,4,1.5,0.05
23891,2_6_0_0,1,0.0,0.05
23892,3_3_1_0,1,6.0,0.05
23893,1_1_0_0,3,2.0,0.05
23894,1_2_1_0,1,6.0,0.05
23895,2_0_0_0,5,2.0,0.05
23896,2_7_1_1,0,9.0,0.05
23897,3_6_0_0,5,2.0,0.05
23898,1_4_1_1,3,-15.0,0.05
23899,2_5_0_1,4,1.5,0.05
23900,2_1_0_1,0,1.5,0.05
23901,1_3_0_1,1,3.0,0.05
23902,3_3_1_1,1,9.0,0.05
23903,3_3_1_0,0,3.0,0.05
23904,2_4_0_1,4,1.5,0.05
23905,2_1_0_0,1,-4.0,0.05
23906,1_6_1_1,4,7.0,0.05
23907,1_6_0_0,2,2.0,0.05
23908,3_6_0_0,5,2.0,0.05
23909,1_1_1_0,5,3.0,0.05
23910,2_3_0_1,3,1.0,0.05
23911,1_0_1_0,5,3.0,0.05
23912,1_3_1_0,1,6.0,0.05
23913,2_3_0_1,3,1.0,0.05
23914,1_5_1_1,0,9.0,0.05
23915,2_1_0_1,0,1.5,0.05
23916,1_6_0_1,1,3.0,0.05
23917,3_1_0_1,0,1.5,0.05
23918,1_6_1_1,4,7.0,0.05
23919,1_3_0_1,1,3.0,0.05
23920,3_7_1_1,4,7.0,0.05
23921,2_1_0_0,5,2.0,0.05
23922,1_4_1_1,4,7.0,0.05
23923,3_5_0_0,3,2.0,0.05
23924,3_3_0_1,2,-4.0,0.05
23925,2_7_1_1,0,9.0,0.05
23926,2_2_1_1,4,7.0,0.05
23927,1_0_0_1,3,1.0,0.05
23928,3_1_0_0,3,2.0,0.05
23929,3_7_1_0,1,6.0,0.05
23930,2_4_0_0,3,2.0,0.05
23931,2_7_1_0,1,6.0,0.05
23932,3_6_0_0,5,2.0,0.05
23933,1_2_0_1,3,1.0,0.05
23934,3_2_0_0,3,2.0,0.05
23935,3_0_1_0,4,1.0,0.05
23936,1_7_1_1,0,9.0,0.05
23937,2_3_0_0,3,2.0,0.05
23938,2_2_1_1,4,7.0,0.05
23939,3_6_1_1,4,7.0,0.05
23940,1_6_0_0,2,2.0,0.05
23941,3_2_1_1,1,9.0,0.05
23942,3_1_1_1,0,9.0,0.05
23943,2_6_1_0,1,6.0,0.05
23944,2_7_1_1,0,9.0,0.05
23945,2_5_1_0,1,2.0,0.05
23946,3_2_0_0,3,2.0,0.05
23947,3_2_0_1,2,-4.0,0.05
23948,1_4_1_0,5,3.0,0.05
23949,1_4_1_1,4,7.0,0.05
23950,2_6_1_0,1,6.0,0.05
23951,3_7_0_1,3,1.0,0.05
23952,2_1_1_0,5,3.0,0.05
23953,1_4_1_1,4,7.0,0.05
23954,3_6_0_1,1,3.0,0.05
23955,1_5_1_0,1,2.0,0.05
23956,1_2_0_0,3,2.0,0.05
23957,1_0_1_1,4,7.0,0.05
23958,3_0_1_0,4,1.0,0.05
23959,1_6_0_1,1,3.0,0.05
23960,1_1_0_1,0,1.5,0.05
23961,3_6_0_0,5,2.0,0.05
23962,1_2_1_1,4,7.0,0.05
23963,1_3_0_0,5,2.0,0.05
23964,2_6_1_0,1,6.0,0.05
23965,2_6_0_1,3,1.0,0.05
23966,3_3_1_1,5,1.0,0.05
23967,1_1_1_0,5,3.0,0.05
23968,2_1_1_0,5,3.0,0.05
23969,3_5_1_0,0,3.0,0.05
23970,3_6_0_1,1,3.0,0.05
23971,2_7_1_0,1,6.0,0.05
23972,3_4_0_0,5,2.0,0.05
23973,3_5_1_0,0,3.0,0.05
23974,2_3_1_0,5,3.0,0.05
23975,1_0_0_0,3,2.0,0.05
23976,1_4_1_0,5,3.0,0.05
23977,2_3_0_1,3,1.0,0.05
23978,2_3_0_1,3,1.0,0.05
23979,1_6_1_1,4,7.0,0.05
23980,2_4_1_1,0,5.0,0.05
23981,2_4_0_0,4,-4.5,0.05
23982,3_3_0_0,5,2.0,0.05
23983,3_6_1_1,4,7.0,0.05
23984,3_3_1_1,1,9.0,0.05
23985,3_6_1_1,4,7.0,0.05
23986,2_4_0_0,4,-4.5,0.05
23987,1_2_1_1,4,7.0,0.05
23988,2_1_0_1,0,1.5,0.05
23989,1_2_1_1,4,7.0,0.05
23990,3_6_0_0,3,2.0,0.05
23991,2_6_0_0,1,0.0,0.05
23992,2_0_1_0,5,3.0,0.05
23993,2_0_0_0,5,2.0,0.05
23994,3_5_1_1,0,9.0,0.05
23995,2_0_1_0,5,3.0,0.05
23996,1_3_1_0,1,6.0,0.05
23997,1_3_0_0,5,2.0,0.05
23998,3_3_1_1,1,9.0,0.05
23999,3_1_0_0,3,2.0,0.05
24000,3_3_1_0,0,3.0,0.05
24001,2_4_0_1,4,1.5,0.05
24002,2_0_1_1,1,5.0,0.05
24003,1_0_1_0,5,3.0,0.05
24004,3_4_0_0,5,2.0,0.05
24005,3_4_1_1,0,5.0,0.05
24006,3_7_0_0,2,2.0,0.05
24007,3_2_0_1,4,1.5,0.05
24008,1_1_0_0,3,2.0,0.05
24009,3_2_1_1,1,9.0,0.05
24010,3_6_0_0,5,2.0,0.05
24011,1_3_0_1,1,3.0,0.05
24012,3_1_1_0,0,3.0,0.05
24013,1_6_1_1,4,7.0,0.05
24014,3_3_0_0,5,2.0,0.05
24015,1_5_1_0,1,2.0,0.05
24016,1_5_1_0,1,2.0,0.05
24017,2_6_1_1,1,9.0,0.05
24018,2_5_0_1,4,1.5,0.05
24019,3_3_1_0,0,3.0,0.05
24020,3_0_0_1,3,1.0,0.05
24021,1_7_1_1,0,9.0,0.05
24022,1_6_1_0,1,6.0,0.05
24023,3_7_0_1,3,1.0,0.05
24024,2_0_0_0,5,2.0,0.05
24025,3_3_0_0,5,2.0,0.05
24026,2_0_0_0,5,2.0,0.05
24027,1_7_0_1,1,3.0,0.05
24028,3_5_1_0,0,3.0,0.05
24029,2_6_0_1,4,1.5,0.05
24030,2_2_1_0,1,6.0,0.05
24031,1_2_0_1,3,1.0,0.05
24032,1_2_1_1,4,7.0,0.05
24033,3_6_1_0,1,6.0,0.05
24034,1_6_0_1,1,3.0,0.05
24035,3_2_1_1,1,9.0,0.05
24036,2_0_1_0,5,3.0,0.05
24037,1_5_1_1,0,9.0,0.05
24038,2_6_0_0,1,0.0,0.05
24039,3_4_0_0,5,2.0,0.05
24040,3_4_1_1,0,5.0,0.05
24041,3_2_0_1,4,1.5,0.05
24042,1_5_1_0,1,2.0,0.05
24043,2_6_1_1,1,9.0,0.05
24044,2_6_1_0,1,6.0,0.05
24045,1_4_0_1,3,1.0,0.05
24046,2_7_1_0,1,6.0,0.05
24047,2_0_1_1,3,-15.0,0.05
24048,2_7_1_1,0,9.0,0.05
24049,3_1_1_0,0,3.0,0.05
24050,1_6_0_0,2,2.0,0.05
24051,3_5_1_0,0,3.0,0.05
24052,1_4_1_0,5,3.0,0.05
24053,1_3_0_0,5,2.0,0.05
24054,1_7_0_1,1,3.0,0.05
24055,2_1_1_1,4,7.0,0.05
24056,2_2_0_1,4,1.5,0.05
24057,2_3_0_0,3,2.0,0.05
24058,1_0_0_1,3,1.0,0.05
24059,3_7_1_1,4,7.0,0.05
24060,2_2_1_0,1,6.0,0.05
24061,2_3_1_0,2,-7.0,0.05
24062,2_2_1_0,1,6.0,0.05
24063,2_5_1_1,0,9.0,0.05
24064,3_7_0_1,3,1.0,0.05
24065,1_1_1_1,0,9.0,0.05
24066,2_6_1_1,1,9.0,0.05
24067,1_3_1_1,4,7.0,0.05
24068,1_6_0_1,1,3.0,0.05
24069,1_1_0_0,3,2.0,0.05
24070,2_3_1_0,1,6.0,0.05
24071,3_4_0_0,5,2.0,0.05
24072,1_0_1_1,4,7.0,0.05
24073,3_4_0_0,5,2.0,0.05
24074,2_6_0_1,1,3.0,0.05
24075,2_3_0_1,3,1.0,0.05
24076,1_5_1_0,1,2.0,0.05
24077,3_2_1_0,1,6.0,0.05
24078,3_0_1_0,4,1.0,0.05
24079,3_1_0_0,3,2.0,0.05
24080,1_4_1_1,4,7.0,0.05
24081,2_7_1_1,0,9.0,0.05
24082,3_5_0_1,0,1.5,0.05
24083,3_5_1_1,0,9.0,0.05
24084,1_3_1_1,4,7.0,0.05
24085,3_5_0_1,0,1.5,0.05
24086,1_4_1_0,5,3.0,0.05
24087,3_0_1_0,4,1.0,0.05
24088,1_2_0_0,3,2.0,0.05
24089,3_6_1_0,1,6.0,0.05
24090,3_4_1_0,5,3.0,0.05
24091,2_2_0_1,4,1.5,0.05
24092,1_5_1_1,0,9.0,0.05
24093,1_5_1_0,1,2.0,0.05
24094,2_5_1_0,1,2.0,0.05
24095,2_6_0_1,4,1.5,0.05
24096,2_4_1_0,1,2.0,0.05
24097,2_4_0_0,3,2.0,0.05
24098,3_5_0_0,3,2.0,0.05
24099,2_4_1_0,1,2.0,0.05
24100,2_0_0_0,5,2.0,0.05
24101,1_1_1_1,0,9.0,0.05
24102,2_2_1_0,1,6.0,0.05
24103,1_7_0_1,1,3.0,0.05
24104,2_0_0_0,5,2.0,0.05
24105,3_1_0_1,0,1.5,0.05
24106,2_0_0_0,5,2.0,0.05
24107,2_3_1_0,1,6.0,0.05
24108,2_4_0_0,3,2.0,0.05
24109,2_2_1_0,1,6.0,0.05
24110,2_3_0_0,3,2.0,0.05
24111,1_7_0_0,2,2.0,0.05
24112,3_4_1_0,5,3.0,0.05
24113,1_3_1_0,1,6.0,0.05
24114,2_5_0_1,4,1.5,0.05
24115,1_6_0_1,1,3.0,0.05
24116,3_5_1_0,0,3.0,0.05
24117,1_4_1_0,5,3.0,0.05
24118,1_0_0_0,3,2.0,0.05
24119,2_0_1_0,5,3.0,0.05
24120,2_1_1_0,5,3.0,0.05
24121,3_4_0_1,4,1.5,0.05
24122,3_5_0_0,3,2.0,0.05
24123,3_3_0_0,5,2.0,0.05
24124,3_5_1_1,0,9.0,0.05
24125,1_5_1_1,0,9.0,0.05
24126,3_1_1_1,0,9.0,0.05
24127,2_7_1_1,0,9.0,0.05
24128,1_7_0_0,2,2.0,0.05
24129,1_4_0_0,3,2.0,0.05
24130,3_6_1_0,1,6.0,0.05
24131,1_5_1_0,1,2.0,0.05
24132,1_3_0_1,1,3.0,0.05
24133,1_1_0_0,3,2.0,0.05
24134,3_4_0_0,5,2.0,0.05
24135,2_6_0_1,4,1.5,0.05
24136,3_3_0_1,1,3.0,0.05
24137,1_3_0_1,1,3.0,0.05
24138,2_7_1_1,0,9.0,0.05
24139,2_3_0_1,3,1.0,0.05
24140,1_1_0_1,0,1.5,0.05
24141,1_4_0_1,3,1.0,0.05
24142,3_3_1_0,0,3.0,0.05
24143,3_5_0_0,3,2.0,0.05
24144,3_2_0_1,4,1.5,0.05
24145,1_3_1_1,4,7.0,0.05
24146,1_4_0_1,3,1.0,0.05
24147,2_5_0_0,5,2.0,0.05
24148,2_0_0_1,4,1.5,0.05
24149,2_7_1_0,1,6.0,0.05
24150,2_2_1_1,4,7.0,0.05
24151,3_7_1_0,1,6.0,0.05
24152,2_4_1_1,0,5.0,0.05
24153,1_4_0_0,3,2.0,0.05
24154,3_0_0_1,3,1.0,0.05
24155,1_7_0_1,1,3.0,0.05
24156,3_2_0_1,4,1.5,0.05
24157,3_2_1_0,1,6.0,0.05
24158,3_0_1_1,0,5.0,0.05
24159,2_1_1_0,5,3.0,0.05
24160,1_0_0_1,3,1.0,0.05
24161,2_0_1_0,5,3.0,0.05
24162,2_0_1_0,5,3.0,0.05
24163,2_1_1_1,4,7.0,0.05
24164,2_0_1_0,3,-14.0,0.05
24165,2_7_0_1,1,3.0,0.05
24166,3_3_0_1,1,3.0,0.05
24167,1_5_0_1,0,1.5,0.05
24168,3_5_1_0,0,3.0,0.05
24169,1_2_0_1,3,1.0,0.05
24170,1_3_0_0,5,2.0,0.05
24171,3_5_1_0,0,3.0,0.05
24172,1_4_1_1,1,5.0,0.05
24173,1_5_1_1,0,9.0,0.05
24174,1_1_1_1,0,9.0,0.05
24175,1_4_1_1,4,7.0,0.05
24176,3_3_0_0,5,2.0,0.05
24177,2_7_1_1,0,9.0,0.05
24178,2_7_1_1,0,9.0,0.05
24179,3_5_0_0,3,2.0,0.05
24180,3_6_1_0,1,6.0,0.05
24181,3_4_0_0,5,2.0,0.05
24182,2_0_1_1,1,5.0,0.05
24183,2_6_0_1,4,1.5,0.05
24184,3_1_1_1,0,9.0,0.05
24185,3_5_1_1,2,-5.0,0.05
24186,1_1_1_0,5,3.0,0.05
24187,2_5_1_1,0,9.0,0.05
24188,2_2_0_1,4,1.5,0.05
24189,1_3_0_0,5,2.0,0.05
24190,3_1_1_1,0,9.0,0.05
24191,2_0_0_1,4,1.5,0.05
24192,2_1_0_0,5,2.0,0.05
24193,1_7_1_1,0,9.0,0.05
24194,1_7_0_1,1,3.0,0.05
24195,2_5_1_0,1,2.0,0.05
24196,3_5_0_1,0,1.5,0.05
24197,3_2_1_1,1,9.0,0.05
24198,3_7_0_1,3,1.0,0.05
24199,3_0_0_0,5,2.0,0.05
24200,2_3_1_1,0,9.0,0.05
24201,3_6_1_0,1,6.0,0.05
24202,2_5_1_0,1,2.0,0.05
24203,1_6_1_1,4,7.0,0.05
24204,1_3_0_0,5,2.0,0.05
24205,2_6_1_0,1,6.0,0.05
24206,2_0_0_0,5,2.0,0.05
24207,3_2_1_0,1,6.0,0.05
24208,3_1_0_1,0,1.5,0.05
24209,3_1_1_0,0,3.0,0.05
24210,1_4_0_0,3,2.0,0.05
24211,3_0_0_1,3,1.0,0.05
24212,3_5_1_1,0,9.0,0.05
24213,3_2_1_1,1,9.0,0.05
24214,2_3_1_1,0,9.0,0.05
24215,2_2_1_1,4,7.0,0.05
24216,1_3_0_1,1,3.0,0.05
24217,2_4_0_1,4,1.5,0.05
24218,3_0_1_1,0,5.0,0.05
24219,2_4_1_0,1,2.0,0.05
24220,2_5_1_1,0,9.0,0.05
24221,3_4_1_1,0,5.0,0.05
24222,1_4_1_1,4,7.0,0.05
24223,2_3_1_1,0,9.0,0.05
24224,1_3_0_0,5,2.0,0.05
24225,2_3_0_1,3,1.0,0.05
24226,3_0_0_1,3,1.0,0.05
24227,2_2_1_0,1,6.0,0.05
24228,2_5_0_1,4,1.5,0.05
24229,3_3_0_0,5,2.0,0.05
24230,3_2_0_0,3,2.0,0.05
24231,3_2_1_1,1,9.0,0.05
24232,1_7_1_0,1,6.0,0.05
24233,2_4_1_1,0,5.0,0.05
24234,3_1_0_1,0,1.5,0.05
24235,2_5_1_1,0,9.0,0.05
24236,2_5_0_1,4,1.5,0.05
24237,1_1_1_0,5,3.0,0.05
24238,3_0_0_0,5,2.0,0.05
24239,2_5_1_0,1,2.0,0.05
24240,1_6_0_0,2,2.0,0.05
24241,2_6_0_1,4,1.5,0.05
24242,3_1_1_1,0,9.0,0.05
24243,1_7_0_1,1,3.0,0.05
24244,3_6_0_0,5,2.0,0.05
24245,1_6_0_0,2,2.0,0.05
24246,1_0_1_0,5,3.0,0.05
24247,2_4_1_1,0,5.0,0.05
24248,1_3_1_0,1,6.0,0.05
24249,1_5_1_1,0,9.0,0.05
24250,2_0_1_1,1,5.0,0.05
24251,2_6_1_1,1,9.0,0.05
24252,1_0_0_1,5,0.0,0.05
24253,3_3_1_1,1,9.0,0.05
24254,2_1_0_0,5,2.0,0.05
24255,2_4_1_0,1,2.0,0.05
24256,3_4_1_1,0,5.0,0.05
24257,2_3_0_1,3,1.0,0.05
24258,3_6_1_1,4,7.0,0.05
24259,2_2_0_0,3,2.0,0.05
24260,2_1_0_0,5,2.0,0.05
24261,2_6_1_0,1,6.0,0.05
24262,1_6_1_0,1,6.0,0.05
24263,1_3_0_1,1,3.0,0.05
24264,2_3_1_0,1,6.0,0.05
24265,2_0_0_1,4,1.5,0.05
24266,2_2_0_1,4,1.5,0.05
24267,3_5_0_0,3,2.0,0.05
24268,2_6_1_0,1,6.0,0.05
24269,2_0_1_0,5,3.0,0.05
24270,3_1_0_1,0,1.5,0.05
24271,2_6_0_1,4,1.5,0.05
24272,2_1_1_1,4,7.0,0.05
24273,2_6_1_1,4,7.0,0.05
24274,3_4_1_0,5,3.0,0.05
24275,1_0_1_0,5,3.0,0.05
24276,1_1_1_1,0,9.0,0.05
24277,1_6_1_0,1,6.0,0.05
24278,2_5_1_1,0,9.0,0.05
24279,3_7_1_1,4,7.0,0.05
24280,3_6_0_0,5,2.0,0.05
24281,1_4_0_1,3,1.0,0.05
24282,1_7_1_1,0,9.0,0.05
24283,2_5_0_0,5,2.0,0.05
24284,3_2_1_1,1,9.0,0.05
24285,3_0_0_0,5,2.0,0.05
24286,3_3_0_0,5,2.0,0.05
24287,2_7_0_0,3,2.0,0.05
24288,2_5_1_0,1,2.0,0.05
24289,3_0_1_0,4,1.0,0.05
24290,3_5_1_0,0,3.0,0.05
24291,1_6_1_0,1,6.0,0.05
24292,2_5_1_0,1,2.0,0.05
24293,3_1_0_0,3,2.0,0.05
24294,3_1_0_0,3,2.0,0.05
24295,2_2_0_0,3,2.0,0.05
24296,3_6_0_0,5,2.0,0.05
24297,3_3_0_0,5,2.0,0.05
24298,3_3_1_1,1,9.0,0.05
24299,3_5_1_1,0,9.0,0.05
24300,3_4_0_1,4,1.5,0.05
24301,2_1_1_0,5,3.0,0.05
24302,3_4_0_0,5,2.0,0.05
24303,3_7_0_0,2,2.0,0.05
24304,2_5_1_1,0,9.0,0.05
24305,1_1_1_0,5,3.0,0.05
24306,2_4_1_1,0,5.0,0.05
24307,2_5_0_0,5,2.0,0.05
24308,2_4_0_0,3,2.0,0.05
24309,2_1_0_0,5,2.0,0.05
24310,2_7_1_0,1,6.0,0.05
24311,1_7_0_0,2,2.0,0.05
24312,3_4_0_1,4,1.5,0.05
24313,3_3_1_0,0,3.0,0.05
24314,3_7_1_0,1,6.0,0.05
24315,1_3_1_0,1,6.0,0.05
24316,3_3_1_1,1,9.0,0.05
24317,2_6_1_0,1,6.0,0.05
24318,3_1_0_1,0,1.5,0.05
24319,2_6_0_0,1,0.0,0.05
24320,2_5_1_0,1,2.0,0.05
24321,1_6_1_0,1,6.0,0.05
24322,2_0_1_1,5,1.0,0.05
24323,1_7_0_1,1,3.0,0.05
24324,2_4_1_1,0,5.0,0.05
24325,1_3_1_0,1,6.0,0.05
24326,2_2_1_1,4,7.0,0.05
24327,2_3_0_1,3,1.0,0.05
24328,2_5_1_1,0,9.0,0.05
24329,1_3_0_0,5,2.0,0.05
24330,2_0_1_0,5,3.0,0.05
24331,1_2_0_1,3,1.0,0.05
24332,2_0_0_1,4,1.5,0.05
24333,3_1_0_1,0,1.5,0.05
24334,2_4_1_1,0,5.0,0.05
24335,1_4_0_0,3,2.0,0.05
24336,2_5_1_1,0,9.0,0.05
24337,1_4_1_0,5,3.0,0.05
24338,3_0_1_1,0,5.0,0.05
24339,2_0_0_0,5,2.0,0.05
24340,2_0_1_0,5,3.0,0.05
24341,2_3_1_1,0,9.0,0.05
24342,3_7_1_1,4,7.0,0.05
24343,1_0_1_0,5,3.0,0.05
24344,1_3_1_1,4,7.0,0.05
24345,1_7_1_0,1,6.0,0.05
24346,3_1_0_1,0,1.5,0.05
24347,1_2_1_1,4,7.0,0.05
24348,3_2_1_0,1,6.0,0.05
24349,1_4_0_0,3,2.0,0.05
24350,1_1_1_0,5,3.0,0.05
24351,3_2_0_0,3,2.0,0.05
24352,1_4_0_0,3,2.0,0.05
24353,2_2_1_0,1,6.0,0.05
24354,3_1_0_1,0,1.5,0.05
24355,1_5_1_0,1,2.0,0.05
24356,3_6_1_0,1,6.0,0.05
24357,1_0_0_0,3,2.0,0.05
24358,1_6_1_1,4,7.0,0.05
24359,2_1_0_0,5,2.0,0.05
24360,2_4_1_0,1,2.0,0.05
24361,3_2_0_1,4,1.5,0.05
24362,1_7_0_1,1,3.0,0.05
24363,3_0_1_1,0,5.0,0.05
24364,3_1_1_0,0,3.0,0.05
24365,1_6_0_0,2,2.0,0.05
24366,2_0_0_0,5,2.0,0.05
24367,3_3_0_1,1,3.0,0.05
24368,1_1_0_1,0,1.5,0.05
24369,1_2_0_1,3,1.0,0.05
24370,1_2_1_0,1,6.0,0.05
24371,3_0_0_0,5,2.0,0.05
24372,2_0_0_1,4,1.5,0.05
24373,2_7_0_0,3,2.0,0.05
24374,2_4_1_1,0,5.0,0.05
24375,1_4_0_0,3,2.0,0.05
24376,3_3_1_1,1,9.0,0.05
24377,2_6_1_0,1,6.0,0.05
24378,2_4_1_1,0,5.0,0.05
24379,2_1_0_0,5,2.0,0.05
24380,3_3_1_0,0,3.0,0.05
24381,1_0_1_1,4,7.0,0.05
24382,2_6_1_1,1,9.0,0.05
24383,2_7_0_0,3,2.0,0.05
24384,1_2_1_0,1,6.0,0.05
24385,1_3_0_0,5,2.0,0.05
24386,2_5_1_0,1,2.0,0.05
24387,3_0_1_1,0,5.0,0.05
24388,3_1_1_0,0,3.0,0.05
24389,3_3_0_0,5,2.0,0.05
24390,1_5_0_1,0,1.5,0.05
24391,3_2_1_1,1,9.0,0.05
24392,3_6_1_0,1,6.0,0.05
24393,3_0_0_1,3,1.0,0.05
24394,2_0_0_0,5,2.0,0.05
24395,2_4_0_0,3,2.0,0.05
24396,1_2_0_1,3,1.0,0.05
24397,3_5_1_0,0,3.0,0.05
24398,1_1_1_0,5,3.0,0.05
24399,1_5_1_1,0,9.0,0.05
24400,2_4_1_0,1,2.0,0.05
24401,1_6_0_1,1,3.0,0.05
24402,2_1_0_0,5,2.0,0.05
24403,3_0_0_0,5,2.0,0.05
24404,2_1_0_0,5,2.0,0.05
24405,3_5_0_1,0,1.5,0.05
24406,1_7_1_0,1,6.0,0.05
24407,3_1_1_1,0,9.0,0.05
24408,2_4_0_0,3,2.0,0.05
24409,3_7_0_0,2,2.0,0.05
24410,3_2_1_1,1,9.0,0.05
24411,2_3_1_1,0,9.0,0.05
24412,2_2_0_1,4,1.5,0.05
24413,1_3_0_0,5,2.0,0.05
24414,3_4_1_1,0,5.0,0.05
24415,3_5_1_1,0,9.0,0.05
24416,2_7_0_0,3,2.0,0.05
24417,3_3_0_1,1,3.0,0.05
24418,2_7_1_0,1,6.0,0.05
24419,1_7_0_1,1,3.0,0.05
24420,2_3_1_1,0,9.0,0.05
24421,1_0_0_1,3,1.0,0.05
24422,1_6_0_1,1,3.0,0.05
24423,2_6_0_0,1,0.0,0.05
24424,2_0_0_1,4,1.5,0.05
24425,3_0_0_1,3,1.0,0.05
24426,3_1_1_0,0,3.0,0.05
24427,2_2_1_1,4,7.0,0.05
24428,3_4_0_0,5,2.0,0.05
24429,2_3_1_0,1,6.0,0.05
24430,2_2_1_1,4,7.0,0.05
24431,2_0_0_0,5,2.0,0.05
24432,2_0_1_0,5,3.0,0.05
24433,1_6_1_1,4,7.0,0.05
24434,3_1_1_0,0,3.0,0.05
24435,1_6_1_1,4,7.0,0.05
24436,3_4_0_0,5,2.0,0.05
24437,3_0_0_1,3,1.0,0.05
24438,3_3_0_0,5,2.0,0.05
24439,2_2_0_1,4,1.5,0.05
24440,3_6_0_1,1,3.0,0.05
24441,2_0_1_0,5,3.0,0.05
24442,3_7_0_0,2,2.0,0.05
24443,3_6_1_1,4,7.0,0.05
24444,1_4_0_1,3,1.0,0.05
24445,3_6_0_0,5,2.0,0.05
24446,1_0_0_1,3,1.0,0.05
24447,2_7_1_0,1,6.0,0.05
24448,3_7_0_0,2,2.0,0.05
24449,1_5_0_1,0,1.5,0.05
24450,2_3_1_1,0,9.0,0.05
24451,1_3_0_1,1,3.0,0.05
24452,2_3_0_1,3,1.0,0.05
24453,1_4_0_1,3,1.0,0.05
24454,2_2_0_1,4,1.5,0.05
24455,3_0_1_0,4,1.0,0.05
24456,3_6_1_1,4,7.0,0.05
24457,1_2_1_1,5,1.0,0.05
24458,3_3_0_0,1,0.0,0.05
24459,1_5_0_0,3,2.0,0.05
24460,1_2_0_0,3,2.0,0.05
24461,2_2_0_0,3,2.0,0.05
24462,1_5_0_1,0,1.5,0.05
24463,1_3_0_0,5,2.0,0.05
24464,3_2_0_0,3,2.0,0.05
24465,1_7_0_0,2,2.0,0.05
24466,1_6_1_1,4,7.0,0.05
24467,2_1_0_1,0,1.5,0.05
24468,2_4_0_1,4,1.5,0.05
24469,3_1_1_1,0,9.0,0.05
24470,3_7_1_0,1,6.0,0.05
24471,2_6_1_0,5,3.0,0.05
24472,2_6_0_0,1,0.0,0.05
24473,3_1_0_1,0,1.5,0.05
24474,3_2_0_1,4,1.5,0.05
24475,2_4_1_1,0,5.0,0.05
24476,2_3_1_0,1,6.0,0.05
24477,3_4_0_0,5,2.0,0.05
24478,1_3_1_1,4,7.0,0.05
24479,1_7_1_1,0,9.0,0.05
24480,3_0_1_0,4,1.0,0.05
24481,2_5_1_0,1,2.0,0.05
24482,3_2_0_0,3,2.0,0.05
24483,3_6_1_1,4,7.0,0.05
24484,2_5_1_0,5,3.0,0.05
24485,1_6_1_0,1,6.0,0.05
24486,2_1_0_1,3,1.0,0.05
24487,2_4_0_0,3,2.0,0.05
24488,1_4_1_0,5,3.0,0.05
24489,1_0_0_0,3,2.0,0.05
24490,3_2_1_0,1,6.0,0.05
24491,3_7_1_0,1,6.0,0.05
24492,1_6_0_1,1,3.0,0.05
24493,2_4_1_1,0,5.0,0.05
24494,2_1_1_0,5,3.0,0.05
24495,1_0_1_1,4,7.0,0.05
24496,1_0_0_0,3,2.0,0.05
24497,1_4_1_0,5,3.0,0.05
24498,3_5_1_0,0,3.0,0.05
24499,1_3_1_1,4,7.0,0.05
24500,2_0_0_1,4,1.5,0.05
24501,2_5_0_0,5,2.0,0.05
24502,1_7_0_1,1,3.0,0.05
24503,1_5_0_1,0,1.5,0.05
24504,2_4_0_0,3,2.0,0.05
24505,1_6_1_0,1,6.0,0.05
24506,1_0_1_1,4,7.0,0.05
24507,2_6_1_1,1,9.0,0.05
24508,1_3_1_1,4,7.0,0.05
24509,1_0_1_0,5,3.0,0.05
24510,2_1_1_0,5,3.0,0.05
24511,3_1_0_1,0,1.5,0.05
24512,3_0_1_1,0,5.0,0.05
24513,3_1_1_1,0,9.0,0.05
24514,1_6_0_0,2,2.0,0.05
24515,3_0_1_1,0,5.0,0.05
24516,1_1_0_1,0,1.5,0.05
24517,2_1_1_1,4,7.0,0.05
24518,3_2_1_1,1,9.0,0.05
24519,1_7_0_1,1,3.0,0.05
24520,1_3_0_0,0,-4.5,0.05
24521,3_4_1_1,5,1.0,0.05
24522,3_4_0_1,4,1.5,0.05
24523,2_6_1_1,1,9.0,0.05
24524,2_2_0_0,3,2.0,0.05
24525,1_2_0_0,3,2.0,0.05
24526,1_2_0_1,3,1.0,0.05
24527,2_7_1_0,1,6.0,0.05
24528,1_7_0_0,2,2.0,0.05
24529,1_0_0_1,3,1.0,0.05
24530,1_4_0_1,3,1.0,0.05
24531,1_5_1_1,0,9.0,0.05
24532,3_0_1_1,0,5.0,0.05
24533,1_7_1_1,0,9.0,0.05
24534,3_7_0_0,2,2.0,0.05
24535,2_0_1_1,1,5.0,0.05
24536,1_3_0_0,5,2.0,0.05
24537,2_2_0_1,4,1.5,0.05
24538,1_4_0_0,3,2.0,0.05
24539,3_1_1_0,0,3.0,0.05
24540,2_3_0_0,3,2.0,0.05
24541,1_7_0_0,2,2.0,0.05
24542,2_4_0_0,3,2.0,0.05
24543,2_7_0_0,3,2.0,0.05
24544,3_1_0_1,0,1.5,0.05
24545,3_1_0_0,3,2.0,0.05
24546,3_5_0_1,0,1.5,0.05
24547,1_1_0_1,0,1.5,0.05
24548,2_6_0_0,1,0.0,0.05
24549,3_0_0_0,5,2.0,0.05
24550,2_2_1_1,4,7.0,0.05
24551,1_7_1_0,1,6.0,0.05
24552,2_3_0_1,3,1.0,0.05
24553,2_1_0_0,0,-4.5,0.05
24554,1_4_1_1,4,7.0,0.05
24555,3_2_1_0,1,6.0,0.05
24556,2_5_1_1,0,9.0,0.05
24557,1_1_0_1,0,1.5,0.05
24558,3_7_1_0,1,6.0,0.05
24559,3_7_1_1,4,7.0,0.05
24560,1_1_0_0,3,2.0,0.05
24561,2_3_0_1,3,1.0,0.05
24562,1_3_0_1,1,3.0,0.05
24563,3_3_0_1,1,3.0,0.05
24564,3_4_0_1,4,1.5,0.05
24565,1_3_0_1,1,3.0,0.05
24566,3_2_0_1,4,1.5,0.05
24567,3_0_1_0,4,1.0,0.05
24568,2_7_1_0,1,6.0,0.05
24569,3_3_0_1,1,3.0,0.05
24570,1_2_0_0,3,2.0,0.05
24571,3_0_1_1,0,5.0,0.05
24572,2_7_0_0,3,2.0,0.05
24573,3_7_0_0,2,2.0,0.05
24574,2_6_0_1,4,1.5,0.05
24575,1_3_1_1,4,7.0,0.05
24576,1_0_1_1,4,7.0,0.05
24577,3_3_0_0,5,2.0,0.05
24578,2_4_0_1,4,1.5,0.05
24579,2_4_1_0,1,2.0,0.05
24580,2_7_1_0,1,6.0,0.05
24581,3_6_1_1,4,7.0,0.05
24582,1_5_0_1,0,1.5,0.05
24583,2_6_1_1,1,9.0,0.05
24584,2_4_0_0,3,2.0,0.05
24585,2_4_0_1,4,1.5,0.05
24586,1_6_0_0,2,2.0,0.05
24587,2_6_1_0,1,6.0,0.05
24588,2_4_0_0,3,2.0,0.05
24589,1_3_0_1,1,3.0,0.05
24590,2_5_1_1,0,9.0,0.05
24591,1_5_0_1,0,1.5,0.05
24592,1_3_1_1,4,7.0,0.05
24593,1_7_0_1,1,3.0,0.05
24594,3_1_1_0,0,3.0,0.05
24595,2_1_0_0,5,2.0,0.05
24596,3_6_1_1,4,7.0,0.05
24597,3_2_1_0,1,6.0,0.05
24598,1_0_1_0,5,3.0,0.05
24599,2_3_0_1,3,1.0,0.05
24600,2_6_0_0,1,0.0,0.05
24601,3_5_0_1,0,1.5,0.05
24602,3_6_1_0,1,6.0,0.05
24603,3_2_0_1,4,1.5,0.05
24604,3_1_1_1,0,9.0,0.05
24605,2_4_1_1,0,5.0,0.05
24606,3_0_1_1,0,5.0,0.05
24607,1_0_0_0,3,2.0,0.05
24608,1_7_1_0,1,6.0,0.05
24609,1_5_1_1,0,9.0,0.05
24610,3_3_0_1,1,3.0,0.05
24611,2_7_1_0,1,6.0,0.05
24612,3_2_1_0,1,6.0,0.05
24613,2_3_1_1,0,9.0,0.05
24614,1_3_0_0,5,2.0,0.05
24615,2_1_1_1,4,7.0,0.05
24616,1_3_0_1,1,3.0,0.05
24617,1_0_0_0,3,2.0,0.05
24618,2_5_1_0,1,2.0,0.05
24619,2_0_0_0,5,2.0,0.05
24620,1_6_1_1,4,7.0,0.05
24621,1_4_0_0,3,2.0,0.05
24622,3_4_0_0,2,2.0,0.05
24623,1_5_1_1,0,9.0,0.05
24624,2_4_1_0,1,2.0,0.05
24625,3_5_0_0,3,2.0,0.05
24626,2_4_0_1,4,1.5,0.05
24627,3_2_0_0,3,2.0,0.05
24628,3_7_0_0,2,2.0,0.05
24629,1_4_0_0,3,2.0,0.05
24630,1_0_0_1,3,1.0,0.05
24631,1_6_0_1,1,3.0,0.05
24632,2_2_0_1,0,-2.5,0.05
24633,1_3_1_1,4,7.0,0.05
24634,2_0_0_0,5,2.0,0.05
24635,1_7_0_0,2,2.0,0.05
24636,2_1_1_0,5,3.0,0.05
24637,3_3_1_1,1,9.0,0.05
24638,2_4_0_0,3,2.0,0.05
24639,2_2_1_0,1,6.0,0.05
24640,1_7_1_1,0,9.0,0.05
24641,2_5_1_1,0,9.0,0.05
24642,1_7_0_0,2,2.0,0.05
24643,2_6_1_1,1,9.0,0.05
24644,1_0_0_1,2,-4.0,0.05
24645,3_5_0_0,3,2.0,0.05
24646,2_3_0_0,3,2.0,0.05
24647,1_3_0_1,1,3.0,0.05
24648,3_0_1_0,4,1.0,0.05
24649,3_2_0_1,4,1.5,0.05
24650,1_5_1_1,0,9.0,0.05
24651,1_1_1_1,0,9.0,0.05
24652,2_5_1_1,0,9.0,0.05
24653,1_5_0_0,3,2.0,0.05
24654,1_7_1_1,0,9.0,0.05
24655,1_4_1_1,4,7.0,0.05
24656,1_5_1_0,1,2.0,0.05
24657,1_4_0_1,3,1.0,0.05
24658,1_7_1_1,0,9.0,0.05
24659,2_4_1_1,0,5.0,0.05
24660,2_0_1_0,5,3.0,0.05
24661,3_0_1_0,4,1.0,0.05
24662,2_5_1_1,0,9.0,0.05
24663,3_6_0_1,1,3.0,0.05
24664,3_3_1_0,0,3.0,0.05
24665,3_5_1_0,0,3.0,0.05
24666,3_0_1_0,4,1.0,0.05
24667,2_2_0_0,3,2.0,0.05
24668,3_3_0_0,5,2.0,0.05
24669,2_1_0_1,0,1.5,0.05
24670,2_0_1_0,5,3.0,0.05
24671,3_6_1_1,4,7.0,0.05
24672,2_1_0_1,0,1.5,0.05
24673,1_1_0_0,3,2.0,0.05
24674,3_5_0_0,3,2.0,0.05
24675,1_0_0_1,3,1.0,0.05
24676,2_2_1_1,4,7.0,0.05
24677,2_1_1_1,4,7.0,0.05
24678,1_4_1_1,4,7.0,0.05
24679,1_4_0_1,3,1.0,0.05
24680,1_7_1_0,1,6.0,0.05
24681,3_1_1_0,3,-14.0,0.05
24682,1_3_1_1,4,7.0,0.05
24683,2_2_0_1,4,1.5,0.05
24684,1_3_0_0,5,2.0,0.05
24685,2_6_1_1,1,9.0,0.05
24686,3_0_0_0,5,2.0,0.05
24687,1_0_1_0,5,3.0,0.05
24688,1_3_0_0,5,2.0,0.05
24689,3_6_1_1,4,7.0,0.05
24690,3_3_0_1,1,3.0,0.05
24691,1_6_1_1,4,7.0,0.05
24692,3_5_1_0,0,3.0,0.05
24693,2_0_0_1,4,1.5,0.05
24694,2_1_0_0,5,2.0,0.05
24695,1_0_0_0,3,2.0,0.05
24696,2_6_1_0,1,6.0,0.05
24697,1_3_1_1,4,7.0,0.05
24698,1_4_0_1,3,1.0,0.05
24699,3_1_0_1,0,1.5,0.05
24700,2_0_0_0,5,2.0,0.05
24701,2_2_1_0,1,6.0,0.05
24702,2_7_0_1,1,3.0,0.05
24703,2_0_1_0,5,3.0,0.05
24704,1_7_0_0,2,2.0,0.05
24705,1_2_1_0,1,6.0,0.05
24706,1_0_1_1,4,7.0,0.05
24707,1_6_1_0,1,6.0,0.05
24708,1_4_1_1,4,7.0,0.05
24709,3_5_0_1,0,1.5,0.05
24710,2_5_1_1,0,9.0,0.05
24711,1_0_0_0,3,2.0,0.05
24712,1_0_0_0,3,2.0,0.05
24713,2_3_0_1,3,1.0,0.05
24714,2_3_1_1,0,9.0,0.05
24715,1_5_0_0,3,2.0,0.05
24716,1_4_0_0,3,2.0,0.05
24717,3_5_0_1,0,1.5,0.05
24718,2_1_0_1,0,1.5,0.05
24719,3_6_0_0,5,2.0,0.05
24720,1_2_1_1,4,7.0,0.05
24721,3_0_0_1,3,1.0,0.05
24722,1_1_0_0,3,2.0,0.05
24723,1_3_0_0,5,2.0,0.05
24724,3_3_0_0,5,2.0,0.05
24725,2_7_0_1,1,3.0,0.05
24726,2_1_1_1,4,7.0,0.05
24727,2_5_0_0,5,2.0,0.05
24728,3_1_0_1,0,1.5,0.05
24729,3_0_1_1,0,5.0,0.05
24730,1_4_1_0,5,3.0,0.05
24731,2_3_0_1,3,1.0,0.05
24732,3_5_0_0,3,2.0,0.05
24733,2_2_1_0,1,6.0,0.05
24734,2_3_1_0,1,6.0,0.05
24735,2_3_1_0,1,6.0,0.05
24736,2_4_1_1,0,5.0,0.05
24737,1_7_1_1,0,9.0,0.05
24738,1_5_0_0,3,2.0,0.05
24739,3_0_1_0,4,1.0,0.05
24740,1_6_1_1,4,7.0,0.05
24741,3_0_0_1,3,1.0,0.05
24742,2_1_1_1,4,7.0,0.05
24743,3_6_1_0,1,6.0,0.05
24744,1_2_0_0,3,2.0,0.05
24745,1_3_0_0,5,2.0,0.05
24746,2_6_1_1,1,9.0,0.05
24747,1_0_1_1,4,7.0,0.05
24748,3_1_0_0,3,2.0,0.05
24749,2_5_0_0,5,2.0,0.05
24750,2_0_0_0,5,2.0,0.05
24751,3_1_0_0,3,2.0,0.05
24752,3_7_1_1,4,7.0,0.05
24753,1_6_1_0,1,6.0,0.05
24754,2_3_0_1,3,1.0,0.05
24755,1_6_0_1,1,3.0,0.05
24756,3_4_0_1,4,1.5,0.05
24757,2_6_1_1,1,9.0,0.05
24758,1_3_0_0,5,2.0,0.05
24759,3_5_1_0,0,3.0,0.05
24760,3_1_0_1,0,1.5,0.05
24761,1_5_1_0,1,2.0,0.05
24762,3_6_0_0,5,2.0,0.05
24763,1_6_1_1,4,7.0,0.05
24764,3_5_1_0,0,3.0,0.05
24765,3_1_0_1,4,1.5,0.05
24766,3_5_0_0,3,2.0,0.05
24767,3_7_1_0,1,6.0,0.05
24768,1_7_1_0,1,6.0,0.05
24769,1_0_1_0,5,3.0,0.05
24770,3_1_0_1,0,1.5,0.05
24771,2_4_1_0,1,2.0,0.05
24772,2_3_1_1,0,9.0,0.05
24773,2_1_1_0,5,3.0,0.05
24774,2_5_0_1,4,1.5,0.05
24775,2_4_0_1,4,1.5,0.05
24776,2_1_0_1,0,1.5,0.05
24777,2_1_0_0,5,2.0,0.05
24778,2_0_1_0,5,3.0,0.05
24779,1_2_1_0,1,6.0,0.05
24780,2_0_1_1,1,5.0,0.05
24781,2_2_0_1,4,1.5,0.05
24782,1_2_1_1,4,7.0,0.05
24783,1_1_1_0,5,3.0,0.05
24784,2_4_1_1,0,5.0,0.05
24785,3_5_1_1,2,-5.0,0.05
24786,1_1_1_1,0,9.0,0.05
24787,3_6_0_0,5,2.0,0.05
24788,1_3_1_0,1,6.0,0.05
24789,2_6_0_1,4,1.5,0.05
24790,3_2_1_0,1,6.0,0.05
24791,1_6_1_0,1,6.0,0.05
24792,2_6_1_0,1,6.0,0.05
24793,3_2_1_1,1,9.0,0.05
24794,3_0_1_0,4,1.0,0.05
24795,3_1_1_1,0,9.0,0.05
24796,3_5_0_0,3,2.0,0.05
24797,1_5_0_0,3,2.0,0.05
24798,2_7_1_1,0,9.0,0.05
24799,1_5_1_0,1,2.0,0.05
24800,1_6_1_0,1,6.0,0.05
24801,3_7_0_0,5,2.0,0.05
24802,2_7_1_1,0,9.0,0.05
24803,2_0_1_0,5,3.0,0.05
24804,2_7_1_1,0,9.0,0.05
24805,2_5_0_0,5,2.0,0.05
24806,2_2_0_1,4,1.5,0.05
24807,1_3_0_0,5,2.0,0.05
24808,2_5_0_1,4,1.5,0.05
24809,2_2_0_0,3,2.0,0.05
24810,3_6_0_1,1,3.0,0.05
24811,3_2_1_1,1,9.0,0.05
24812,1_2_0_0,3,2.0,0.05
24813,1_1_1_1,0,9.0,0.05
24814,2_7_1_0,1,6.0,0.05
24815,2_6_0_1,3,1.0,0.05
24816,1_5_0_0,3,2.0,0.05
24817,3_5_1_1,0,9.0,0.05
24818,3_5_1_1,0,9.0,0.05
24819,3_2_1_0,1,6.0,0.05
24820,3_5_1_0,0,3.0,0.05
24821,2_1_1_0,5,3.0,0.05
24822,1_3_1_1,4,7.0,0.05
24823,2_2_0_0,3,2.0,0.05
24824,1_3_1_1,4,7.0,0.05
24825,2_5_0_0,5,2.0,0.05
24826,2_2_1_0,1,6.0,0.05
24827,3_5_1_1,0,9.0,0.05
24828,3_6_1_1,4,7.0,0.05
24829,3_2_1_0,1,6.0,0.05
24830,2_7_1_1,0,9.0,0.05
24831,2_0_1_1,1,5.0,0.05
24832,1_6_1_1,4,7.0,0.05
24833,3_7_0_1,3,1.0,0.05
24834,1_4_0_0,3,2.0,0.05
24835,3_5_0_1,0,1.5,0.05
24836,3_7_0_0,2,2.0,0.05
24837,1_7_0_1,1,3.0,0.05
24838,3_6_0_1,1,3.0,0.05
24839,2_6_0_0,1,0.0,0.05
24840,1_5_0_0,3,2.0,0.05
24841,2_5_0_1,4,1.5,0.05
24842,1_6_1_1,4,7.0,0.05
24843,2_7_1_1,0,9.0,0.05
24844,3_5_0_1,0,1.5,0.05
24845,2_6_1_1,1,9.0,0.05
24846,2_3_0_0,3,2.0,0.05
24847,1_3_1_0,1,6.0,0.05
24848,2_3_1_1,0,9.0,0.05
24849,3_5_0_0,3,2.0,0.05
24850,2_4_1_1,0,5.0,0.05
24851,2_3_1_0,1,6.0,0.05
24852,2_2_0_1,4,1.5,0.05
24853,2_2_0_1,4,1.5,0.05
24854,3_3_1_0,0,3.0,0.05
24855,2_5_1_1,0,9.0,0.05
24856,2_7_1_1,0,9.0,0.05
24857,1_3_1_1,4,7.0,0.05
24858,1_6_1_1,4,7.0,0.05
24859,2_5_1_0,1,2.0,0.05
24860,1_7_1_1,0,9.0,0.05
24861,1_4_0_1,3,1.0,0.05
24862,3_1_0_0,3,2.0,0.05
24863,2_6_1_0,1,6.0,0.05
24864,1_0_1_0,5,3.0,0.05
24865,2_0_1_0,5,3.0,0.05
24866,1_4_0_1,3,1.0,0.05
24867,1_3_0_0,5,2.0,0.05
24868,2_4_1_1,0,5.0,0.05
24869,1_6_0_0,2,2.0,0.05
24870,3_6_0_0,5,2.0,0.05
24871,3_4_1_0,5,3.0,0.05
24872,1_0_0_0,5,2.0,0.05
24873,3_3_1_0,0,3.0,0.05
24874,1_5_0_0,3,2.0,0.05
24875,3_2_1_0,1,6.0,0.05
24876,3_3_0_1,1,3.0,0.05
24877,2_2_1_1,4,7.0,0.05
24878,2_7_0_1,1,3.0,0.05
24879,1_2_1_1,4,7.0,0.05
24880,2_2_0_1,4,1.5,0.05
24881,2_6_0_0,1,0.0,0.05
24882,2_5_0_0,5,2.0,0.05
24883,3_3_1_1,1,9.0,0.05
24884,1_7_0_0,2,2.0,0.05
24885,1_1_0_0,3,2.0,0.05
24886,2_1_0_0,5,2.0,0.05
24887,1_6_0_1,1,3.0,0.05
24888,2_7_1_0,1,6.0,0.05
24889,1_0_0_1,3,1.0,0.05
24890,3_3_1_1,1,9.0,0.05
24891,2_4_1_0,1,2.0,0.05
24892,3_0_1_1,0,5.0,0.05
24893,3_6_1_1,4,7.0,0.05
24894,3_1_1_1,0,9.0,0.05
24895,1_4_0_0,0,-8.5,0.05
24896,2_3_1_1,0,9.0,0.05
24897,3_1_1_1,0,9.0,0.05
24898,3_2_0_0,3,2.0,0.05
24899,3_0_1_0,4,1.0,0.05
24900,2_7_1_1,4,7.0,0.05
24901,2_5_1_0,1,2.0,0.05
24902,2_0_0_0,5,2.0,0.05
24903,1_6_0_1,1,3.0,0.05
24904,1_2_1_0,1,6.0,0.05
24905,2_0_1_0,5,3.0,0.05
24906,3_1_1_1,0,9.0,0.05
24907,1_1_0_1,0,1.5,0.05
24908,3_4_0_0,5,2.0,0.05
24909,3_5_1_0,0,3.0,0.05
24910,1_2_1_0,1,6.0,0.05
24911,3_4_1_1,0,5.0,0.05
24912,3_0_0_1,3,1.0,0.05
24913,2_1_0_1,0,1.5,0.05
24914,1_1_1_1,0,9.0,0.05
24915,1_1_0_0,3,2.0,0.05
24916,3_0_1_1,0,5.0,0.05
24917,3_3_1_0,0,3.0,0.05
24918,2_0_1_1,1,5.0,0.05
24919,1_0_0_1,3,1.0,0.05
24920,2_0_0_1,4,1.5,0.05
24921,3_0_0_1,3,1.0,0.05
24922,1_7_0_0,2,2.0,0.05
24923,3_3_0_1,1,3.0,0.05
24924,2_3_0_0,3,2.0,0.05
24925,1_1_1_1,0,9.0,0.05
24926,3_6_0_0,5,2.0,0.05
24927,1_1_1_1,0,9.0,0.05
24928,3_5_1_1,0,9.0,0.05
24929,1_1_1_1,0,9.0,0.05
24930,1_1_0_0,3,2.0,0.05
24931,1_4_0_1,3,1.0,0.05
24932,2_3_1_1,0,9.0,0.05
24933,2_1_1_1,4,7.0,0.05
24934,2_3_0_0,3,2.0,0.05
24935,2_6_1_1,1,9.0,0.05
24936,3_5_0_1,0,1.5,0.05
24937,2_4_1_1,0,5.0,0.05
24938,1_0_1_1,4,7.0,0.05
24939,1_4_1_1,4,7.0,0.05
24940,1_2_0_0,3,2.0,0.05
24941,3_0_1_1,0,5.0,0.05
24942,1_6_1_1,4,7.0,0.05
24943,3_0_1_0,4,1.0,0.05
24944,2_0_1_1,1,5.0,0.05
24945,3_4_0_1,4,1.5,0.05
24946,3_5_0_0,3,2.0,0.05
24947,3_4_1_0,5,3.0,0.05
24948,3_0_1_0,4,1.0,0.05
24949,1_7_1_1,0,9.0,0.05
24950,2_4_0_0,3,2.0,0.05
24951,3_4_1_0,5,3.0,0.05
24952,1_3_0_0,5,2.0,0.05
24953,3_2_0_0,3,2.0,0.05
24954,3_2_0_0,3,2.0,0.05
24955,3_2_0_0,3,2.0,0.05
24956,3_5_1_0,0,3.0,0.05
24957,3_2_1_0,1,6.0,0.05
24958,2_7_1_1,0,9.0,0.05
24959,3_3_0_1,1,3.0,0.05
24960,3_6_1_0,1,6.0,0.05
24961,3_2_0_1,4,1.5,0.05
24962,3_0_1_0,4,1.0,0.05
24963,3_1_0_0,3,2.0,0.05
24964,1_1_0_1,0,1.5,0.05
24965,1_0_0_1,3,1.0,0.05
24966,3_5_1_0,5,3.0,0.05
24967,3_3_1_0,0,3.0,0.05
24968,3_2_1_1,1,9.0,0.05
24969,1_3_1_1,4,7.0,0.05
24970,3_2_0_1,4,1.5,0.05
24971,2_4_1_1,0,5.0,0.05
24972,1_6_0_0,2,2.0,0.05
24973,1_5_0_0,3,2.0,0.05
24974,1_2_1_1,4,7.0,0.05
24975,3_1_1_0,0,3.0,0.05
24976,3_0_1_1,0,5.0,0.05
24977,3_3_0_1,1,3.0,0.05
24978,3_0_0_0,5,2.0,0.05
24979,3_0_1_0,4,1.0,0.05
24980,1_0_1_1,4,7.0,0.05
24981,1_1_0_0,3,2.0,0.05
24982,1_0_0_1,3,1.0,0.05
24983,3_6_1_1,4,7.0,0.05
24984,2_5_0_1,4,1.5,0.05
24985,3_1_1_1,0,9.0,0.05
24986,1_4_1_0,5,3.0,0.05
24987,2_2_1_0,1,6.0,0.05
24988,3_2_0_1,4,1.5,0.05
24989,2_4_0_0,3,2.0,0.05
24990,2_5_0_1,4,1.5,0.05
24991,3_2_1_0,1,6.0,0.05
24992,1_6_1_0,1,6.0,0.05
24993,3_5_1_1,0,9.0,0.05
24994,2_7_0_1,1,3.0,0.05
24995,3_7_0_0,2,2.0,0.05
24996,1_4_0_1,3,1.0,0.05
24997,1_0_0_0,3,2.0,0.05
24998,2_4_1_1,0,5.0,0.05
24999,1_7_1_1,0,9.0,0.05
25000,1_3_1_0,1,6.0,0.05
